-- MySQL dump 10.13  Distrib 8.0.30, for Win64 (x86_64)
--
-- Host: 192.168.0.137    Database: nominadb
-- ------------------------------------------------------
-- Server version	8.0.31-0ubuntu0.22.04.1

/*!40101 SET @OLD_CHARACTER_SET_CLIENT=@@CHARACTER_SET_CLIENT */;
/*!40101 SET @OLD_CHARACTER_SET_RESULTS=@@CHARACTER_SET_RESULTS */;
/*!40101 SET @OLD_COLLATION_CONNECTION=@@COLLATION_CONNECTION */;
/*!50503 SET NAMES utf8 */;
/*!40103 SET @OLD_TIME_ZONE=@@TIME_ZONE */;
/*!40103 SET TIME_ZONE='+00:00' */;
/*!40014 SET @OLD_UNIQUE_CHECKS=@@UNIQUE_CHECKS, UNIQUE_CHECKS=0 */;
/*!40014 SET @OLD_FOREIGN_KEY_CHECKS=@@FOREIGN_KEY_CHECKS, FOREIGN_KEY_CHECKS=0 */;
/*!40101 SET @OLD_SQL_MODE=@@SQL_MODE, SQL_MODE='NO_AUTO_VALUE_ON_ZERO' */;
/*!40111 SET @OLD_SQL_NOTES=@@SQL_NOTES, SQL_NOTES=0 */;

--
-- Table structure for table `area`
--

DROP TABLE IF EXISTS `area`;
/*!40101 SET @saved_cs_client     = @@character_set_client */;
/*!50503 SET character_set_client = utf8mb4 */;
CREATE TABLE `area` (
  `id` int NOT NULL AUTO_INCREMENT,
  `nombre` varchar(100) DEFAULT NULL,
  `join` int DEFAULT NULL,
  `prioridad` int DEFAULT NULL,
  `createdAt` datetime DEFAULT NULL,
  `updatedAt` datetime DEFAULT NULL,
  PRIMARY KEY (`id`)
) ENGINE=InnoDB AUTO_INCREMENT=19 DEFAULT CHARSET=utf8mb4 COLLATE=utf8mb4_0900_ai_ci;
/*!40101 SET character_set_client = @saved_cs_client */;

--
-- Dumping data for table `area`
--

LOCK TABLES `area` WRITE;
/*!40000 ALTER TABLE `area` DISABLE KEYS */;
INSERT INTO `area` VALUES (2,'Taller',99,12,NULL,NULL),(5,'Ventas',99,11,NULL,NULL),(6,'Administración',2,1,NULL,NULL),(7,'Compras Bodega',99,8,NULL,NULL),(8,'Taller Administ.',3,5,NULL,NULL),(9,'Taller Lavadores',3,9,NULL,NULL),(10,'Taller mecánico',3,7,NULL,NULL),(11,'Sistemas',2,4,NULL,NULL),(12,'Otros Administrativos',99,13,NULL,NULL),(13,'Recursos Humanos',2,3,NULL,NULL),(14,'Contabilidad',2,2,NULL,NULL),(17,'Importaciones',2,10,NULL,NULL),(18,'Taller Postventa',3,6,NULL,NULL);
/*!40000 ALTER TABLE `area` ENABLE KEYS */;
UNLOCK TABLES;

--
-- Table structure for table `empleado`
--

DROP TABLE IF EXISTS `empleado`;
/*!40101 SET @saved_cs_client     = @@character_set_client */;
/*!50503 SET character_set_client = utf8mb4 */;
CREATE TABLE `empleado` (
  `id` int NOT NULL AUTO_INCREMENT,
  `apellido_paterno` varchar(45) DEFAULT NULL,
  `apellido_materno` varchar(45) DEFAULT NULL,
  `primer_nombre` varchar(45) DEFAULT NULL,
  `segundo_nombre` varchar(45) DEFAULT NULL,
  `fecha_nacimiento` date DEFAULT NULL,
  `estado_civil` varchar(45) DEFAULT NULL,
  `direccion` varchar(100) DEFAULT NULL,
  `telefono` varchar(45) DEFAULT NULL,
  `tipo_identificacion` varchar(45) DEFAULT NULL,
  `numero_identificacion` varchar(45) DEFAULT NULL,
  `sexo` varchar(45) DEFAULT NULL,
  `hijos` int DEFAULT NULL,
  `sueldo` decimal(19,2) DEFAULT NULL,
  `sueldo_quincena` decimal(19,2) DEFAULT '0.00',
  `cargo` varchar(100) DEFAULT NULL,
  `fecha_ingreso` date DEFAULT NULL,
  `fecha_salida` date DEFAULT NULL,
  `motivo_salida` varchar(100) DEFAULT NULL,
  `hora_entrada` varchar(45) DEFAULT NULL,
  `hora_salida` varchar(45) DEFAULT NULL,
  `almuerzo_salida` varchar(45) DEFAULT NULL,
  `almuerzo_entrada` varchar(45) DEFAULT NULL,
  `numero_afiliado` varchar(45) DEFAULT NULL,
  `subactividad` varchar(100) DEFAULT NULL,
  `tipo_pago` varchar(45) DEFAULT NULL,
  `banco_codigo` int DEFAULT '34',
  `banco` varchar(45) DEFAULT NULL,
  `cuenta` varchar(45) DEFAULT NULL,
  `tipo_cuenta` varchar(45) DEFAULT NULL,
  `pago_fondo_reserva` tinyint(1) DEFAULT NULL,
  `pago_dcs` tinyint(1) DEFAULT NULL,
  `pago_dts` tinyint(1) DEFAULT NULL,
  `iess_dependiente` tinyint(1) DEFAULT '0',
  `estado` tinyint(1) DEFAULT NULL,
  `areaId` int DEFAULT NULL,
  `empresaId` int DEFAULT NULL,
  `correo` varchar(100) DEFAULT NULL,
  `envio_correo` tinyint(1) DEFAULT '0',
  `createdAt` datetime DEFAULT CURRENT_TIMESTAMP,
  `updatedAt` datetime DEFAULT CURRENT_TIMESTAMP,
  PRIMARY KEY (`id`)
) ENGINE=InnoDB AUTO_INCREMENT=507 DEFAULT CHARSET=utf8mb4 COLLATE=utf8mb4_0900_ai_ci;
/*!40101 SET character_set_client = @saved_cs_client */;

--
-- Dumping data for table `empleado`
--

LOCK TABLES `empleado` WRITE;
/*!40000 ALTER TABLE `empleado` DISABLE KEYS */;
INSERT INTO `empleado` VALUES (1,'Abad','San Martin','Carlos','Antonio','1946-11-15','Casado/a','Primavera II sector 1C Mz.10 villa# 5','2809737','Cedula','300087574','Masculino',2,250.00,0.00,'Mensajero','2002-11-01','0000-00-00',NULL,'8:00:00','0:00:00','13:00:00','0:00:00','Historia Laboral','NACIO EN 1944','Banco',34,'Bolivariano','1716405','Ahorro',0,0,0,0,1,6,2,NULL,0,'2022-09-29 23:20:53','2022-09-29 23:20:53'),(2,'Abarca','Espinales','Michael','','1985-01-19','Soltero/a','Kennedy Norte Mz.907 villa#12','2681383','Cedula','912271335','Masculino',1,375.00,0.00,'Asesor de Servicios','2006-11-16','2009-11-13',NULL,'8:00:00','0:00:00','13:00:00','0:00:00','Historia Laboral','','Banco',34,'Bolivariano','1824231','Ahorro',1,0,0,0,1,8,1,NULL,0,'2022-09-29 23:20:57','2022-09-29 23:20:57'),(3,'Alay','Lara','Marcelo','Ramon','1974-07-07','Casado/a','Cdla.El Recreo 4ta. Etapa Mz. #418 Villa 19','2675548','Cedula','0914336102','Masculino',2,728.00,50.00,'Mecanico Automotriz','1994-07-14','0000-00-00',NULL,'08:00:00','17:00:00','13:00:00','14:00:00','947404351','','Banco',34,'Bolivariano','0001377039','Ahorro',0,1,1,1,0,10,1,'marceloalaylara@gmail.com',1,'2022-09-29 23:21:00','2022-11-09 15:04:52'),(4,'Alvarado','Bohorquez','Jacinto','Tomas','1966-09-23','Casado/a','La 8va. #3236 y Domingo Sabio','3075004','Cedula','0909892382','Masculino',1,511.00,180.00,'Mensajero','1998-02-01','0000-00-00',NULL,'0:00:00','0:00:00','0:00:00','0:00:00','83660026','','Banco',34,'Bolivariano','0001377017','Ahorro',0,0,0,1,0,5,1,'chinto4@hotmail.com',1,'2022-09-29 23:21:04','2022-10-31 17:00:16'),(5,'Pinoargote','Vera','Maria','Sol','1981-07-28','Soltero/a','Alborada 1ra.Etapa Mz.G Villa #14','2270057','Cedula','1204654519','Masculino',1,275.00,0.00,'Recepcionista','2007-01-09','2008-07-24',NULL,'0:00:00','0:00:00','0:00:00','0:00:00','','','Tarjeta',34,'Bolivariano','','',0,0,0,0,1,8,1,NULL,0,'2022-09-29 23:21:08','2022-09-29 23:21:08'),(6,'Baque','Chele','Julio','Rolando','1979-05-23','Union Libre','Flor de BastiÇün Sector La Ladrillera','2115742','Cedula','918275967','Masculino',3,540.00,0.00,'Pintor automotriz ','2001-04-23','2017-09-30',NULL,'0:00:00','0:00:00','0:00:00','0:00:00','997901842','Renuncia','Cheque',34,'Bolivariano','1377331','Ahorro',1,0,0,0,1,2,2,NULL,0,'2022-09-29 23:21:12','2022-09-29 23:21:12'),(7,'Benalcazar','Benitez','Luis','Armando','1970-12-14','Casado/a','Calle 47 Entre la A y la B','2663235','Cedula','914197272','Masculino',0,600.00,0.00,'Chofer','2004-03-24','2018-11-16',NULL,'0:00:00','0:00:00','0:00:00','0:00:00','','','Banco',34,'Bolivariano','21080329','Ahorro',0,0,0,0,1,8,1,NULL,0,'2022-09-29 23:21:15','2022-09-29 23:21:15'),(8,'Burgos','Cedeño','Rolando','Ignacio','1959-12-11','Union Libre','calle 26 y la B','2758320','Cedula','0907385611','Masculino',3,504.00,170.00,'Mensajero','2005-10-01','0000-00-00',NULL,'8:00:00','0:00:00','13:00:00','0:00:00','','','Banco',34,'Bolivariano','0021057963','Ahorro',1,0,0,0,0,5,1,NULL,0,'2022-09-29 23:21:19','2022-11-01 15:03:03'),(9,'Burgos','Delgado','Diogenes','Avelio','1973-11-26','Soltero/a','BastiÇün Popular Mz. 890 Sl.2 Blq.5','0994755430','Cedula','0916839798','Masculino',0,607.00,100.00,'Ayudante de Mecánicos','2004-07-01','0000-00-00',NULL,'8:00:00','0:00:00','13:00:00','0:00:00','','','Banco',34,'Bolivariano','0001693981','Ahorro',0,0,0,0,0,10,1,'diogenesburgos10@gmail.com',1,'2022-09-29 23:21:23','2022-10-31 19:22:10'),(10,'Campoverde','Agurto','Victor','Antonio','1956-06-24','Casado/a','CDLA.SAGRADA FAMILIA 1ER.PEATONAL MZ B VILLA # 12','2390409','Cedula','905319448','Masculino',1,1250.00,NULL,'Gte Administrativo','1998-08-01','2009-01-15',NULL,'0:00:00','0:00:00','0:00:00','0:00:00','83561159','','Banco',34,'Bolivariano','5095634','Corriente',0,0,0,0,1,8,1,NULL,0,'2022-09-29 23:21:26','2022-09-29 23:21:26'),(11,'Cepeda','Landin','Diego','Efrain','1985-04-18','Soltero/a','AVDA.D.COMIN CALLE E # 211 ENTRE 5 DE JULIO Y ROBLES','2442339','Cedula','923606701','Masculino',0,300.00,NULL,'','2006-07-11','2009-04-28',NULL,'0:00:00','0:00:00','0:00:00','0:00:00','','','Banco',34,'Bolivariano','1777507','Ahorro',0,0,0,0,1,7,1,NULL,0,'2022-09-29 23:21:30','2022-09-29 23:21:30'),(12,'Chango','Taipicaña','Cesar','Cristobal','1971-04-01','Casado/a','SAMANES 7 MZ.2216 VILLA 23','2219573','Cedula','0501756688','Masculino',0,1913.00,650.00,'Jefe de taller','1994-07-01','0000-00-00',NULL,'8:00:00','0:00:00','13:00:00','0:00:00','907102114','','Banco',34,'Bolivariano','0021615057','Ahorro',0,0,0,0,0,10,1,'ccristobalchango@hotmail.com',1,'2022-09-29 23:21:34','2022-11-07 15:50:46'),(13,'Chuchuca','Garcia','Jose','Felix','1953-05-23','Casado/a','CDLA. SAMANES 6 MZ.973 VILLA 5','2825206','Cedula','700839152','Masculino',2,1500.00,0.00,'Gerente Financiero','1995-11-01','2013-06-30',NULL,'9:00:00','0:00:00','13:30:00','0:00:00','76531040','','Banco',34,'Bolivariano','1346605','Ahorro',1,0,0,0,1,5,1,NULL,0,'2022-09-29 23:21:38','2022-09-29 23:21:38'),(14,'Chuchuca','Garcia','Jose','Felix','1953-05-23','Casado/a','CDLA. SAMANES 6 MZ.973 VILLA 5','2825206','Cedula','700839152','Masculino',2,610.00,0.00,'Gerente Financiero','1995-07-01','2013-06-30',NULL,'9:00:00','0:00:00','13:30:00','0:00:00','76531040','','Banco',34,'Bolivariano','1346605','Ahorro',1,0,0,0,1,6,2,NULL,0,'2022-09-29 23:21:41','2022-09-29 23:21:41'),(15,'Cucalon','De Icaza','Jaime','Bartolome','1965-09-07','Casado/a','Urb. Riberas de Batan solar 134 km 8 vÇða a Samborondon ','992164200','Cedula','910241991','Masculino',4,2970.00,NULL,'Gerente','1993-09-01','2018-05-31',NULL,'9:00:00','0:00:00','13:30:00','0:00:00','86651078','va a facturar','Cheque',34,'','','',0,0,0,0,1,5,1,NULL,0,'2022-09-29 23:21:45','2022-09-29 23:21:45'),(16,'De la Cruz','Morales','Bertha','Jenny','1956-11-13','Casado/a','Villa Club UrbanizaciÇün  Luna ','6049662','Cedula','905811378','Masculino',0,1943.00,NULL,'Contadora','1995-07-01','2020-12-31',NULL,'9:00:00','0:00:00','13:30:00','0:00:00','75560641','','Banco',34,'Bolivariano','1360551','Ahorro',1,0,0,0,1,6,1,NULL,0,'2022-09-29 23:21:49','2022-09-29 23:21:49'),(17,'Falconi','Morales','Carlos','Anibal','1977-11-21','Soltero/a','SAUCES  3 MZ. 134  VILLA NO.  28','2235076','Cedula','916735632','Masculino',0,480.00,NULL,'Mecanico','2001-07-02','2008-02-29',NULL,'0:00:00','0:00:00','0:00:00','0:00:00','17700748','','Banco',34,'Bolivariano','1377397','Ahorro',0,0,0,0,1,10,1,NULL,0,'2022-09-29 23:21:52','2022-09-29 23:21:52'),(18,'Flores','Guerrero','Holger','Darwin','1986-11-06','Soltero/a','Rosendo AvilÇ¸s y la 45','0992499203','Cedula','0924901341','Masculino',0,911.00,300.00,'Mecánico Automotriz','2006-12-04','0000-00-00',NULL,'8:00:00','0:00:00','13:00:00','0:00:00','','','Banco',34,'Bolivariano','0001824253','Ahorro',0,0,0,0,0,10,1,'holgerflores@ecuavia.com',1,'2022-09-29 23:21:56','2022-10-31 16:51:12'),(19,'Gallardo','Parreno','Michelle','De Monserrate','1981-04-05','Soltero/a','FEBRES CORDERO NO.  1126  Y VILLAVICENCIO','2400471','Cedula','919130377','Masculino',0,310.00,NULL,'','1999-09-09','2009-01-15',NULL,'8:30:00','0:00:00','14:30:00','0:00:00','998100652','','Banco',34,'Bolivariano','1383515','Ahorro',0,0,0,0,1,11,1,NULL,0,'2022-09-29 23:22:00','2022-09-29 23:22:00'),(20,'Garcia','Guzman','Jose','Leonardo','1900-01-01','Casado/a','Atarazana Mz. P3 #15','2262454','Cedula','900832593','Masculino',3,1910.00,NULL,'Jefe de Taller','1998-09-15','0000-00-00',NULL,'8:00:00','0:00:01','13:00:00','0:00:00','65420476','10-09-1942 CUMPL','Banco',34,'Bolivariano','5181230','Corriente',0,0,0,0,1,2,2,NULL,0,'2022-09-29 23:22:04','2022-09-29 23:22:04'),(21,'Guiracocha','Chaca','Luis','Freddy','1975-10-10','Soltero/a','COOP.VELASCO IBARRA MZ.6 VILLA 7','2864657','Cedula','915011035','Masculino',0,380.00,0.00,'Ayud de limpieza','2004-01-05','2015-04-30',NULL,'8:00:00','0:00:00','13:00:00','0:00:00','','Renuncia voluntaria','Banco',34,'Bolivariano','1729517','Ahorro',0,0,0,0,1,5,1,NULL,0,'2022-09-29 23:22:07','2022-09-29 23:22:07'),(22,'Huacon','Mestanza','Galo','Darguin','1973-08-20','Casado/a','Rita Luna Jordan y Ezequiel Guerrero','0997578469','Cedula','0915521793','Masculino',0,728.00,270.00,'Pintor automotriz ','1995-09-01','0000-00-00',NULL,'8:00:00','0:00:00','13:00:00','0:00:00','957302290','','Banco',34,'Bolivariano','0001377287','Ahorro',0,0,0,0,0,2,2,'darwinhuacon235@gmail.com',1,'2022-09-29 23:22:11','2022-10-31 15:21:52'),(23,'Manzaba','Cajas','Pedro','Xavier','1980-06-02','Union Libre','BASTION POPULAR # 5 H MZ.886 SL.3','2650117','Cedula','921958799','Masculino',3,350.00,NULL,'Lavador de carro','2001-01-16','2011-10-21',NULL,'8:00:00','0:00:00','13:00:00','0:00:00','18000340','','Banco',34,'Bolivariano','1377319','Ahorro',1,0,0,0,1,9,1,NULL,0,'2022-09-29 23:22:15','2022-09-29 23:22:15'),(24,'Mieles','Hermosilla','Lynda','Grace','1966-06-17','Soltero/a','Alborada II etapa Mz. Q V. 2','2243746','Cedula','0910768431','Femenino',0,718.00,300.00,'Secretaria de Taller','2005-03-14','0000-00-00',NULL,'8:30:00','0:00:00','13:00:00','0:00:00','','','Cheque',34,'Bolivariano','0001729435','Ahorro',1,0,0,0,0,8,1,'lyndamieles@ecuavia.com',1,'2022-09-29 23:22:18','2022-10-31 04:06:06'),(25,'Mieles','Mieles','Fanny','Cecilia','1973-11-14','Casado/a','Cdla. Samanes 5 Mz. 939 V. 5','2211682','Cedula','0915390280','Femenino',2,772.00,240.00,'Asistente de garantÇðas','2000-12-16','0000-00-00',NULL,'8:30:00','0:00:00','13:00:00','0:00:00','937301888','','Banco',34,'Bolivariano','0001377303','Ahorro',1,0,0,0,0,8,1,'fannymieles@ecuavia.com',1,'2022-09-29 23:22:22','2022-10-31 16:47:03'),(26,'Moreira','Ramirez','Cesar','Enrique','1970-10-08','Casado/a','Sauces III mz 167 villa 18','2392934','Cedula','911128379','Masculino',0,1260.00,NULL,'Jefe de Sistemas','1998-04-16','2014-09-30',NULL,'9:00:00','0:00:00','13:30:00','0:00:00','987000312','','Banco',34,'Bolivariano','1377133','Ahorro',1,0,0,0,1,11,1,NULL,0,'2022-09-29 23:22:26','2022-09-29 23:22:26'),(27,'Ojeda','Pimentel','Jose','Guillermo','1968-11-19','Soltero/a','CDLA. URDESA NORTE CALLE  1RA. 102  Y AVDA.  4TA.','999315492','Cedula','911242154','Masculino',0,1430.00,0.00,'Gerente de postventa','1994-07-01','2015-09-30',NULL,'8:30:00','0:00:00','13:00:00','0:00:00','946800566','','Banco',34,'Bolivariano','5188400','Corriente',0,0,0,0,1,7,1,NULL,0,'2022-09-29 23:22:29','2022-09-29 23:22:29'),(28,'Ortega','Panta','Jose','Bernardo','1966-10-02','Casado/a','GUASMO SUR COOP. UNION DE BANANERO BLQ 3 MZ.A SL 26','0980183565','Cedula','0910462746','Masculino',2,1032.00,400.00,'Mecánico automotriz','1999-08-01','0000-00-00',NULL,'8:00:00','0:00:00','13:00:00','0:00:00','906602448','','Banco',34,'Bolivariano','0001377161','Ahorro',0,0,0,1,0,10,1,'joseortega@ecuavia.com>',1,'2022-09-29 23:22:33','2022-10-31 16:53:32'),(29,'Palma','Quiroz','Juan','Carlos','1978-10-24','Soltero/a','Coop. Brisas del Salado MZ. 10 Sl.11','2279948','Cedula','0918359431','Masculino',0,728.00,180.00,'Mecánico automotriz','2002-05-06','0000-00-00',NULL,'8:00:00','0:00:00','13:00:00','0:00:00','967802042','','Banco',34,'Bolivariano','0001556247','Ahorro',0,0,0,0,0,10,1,'juan.palma.quiroz@gmail.com',1,'2022-09-29 23:22:37','2022-10-31 19:24:16'),(30,'Pardo','Moreira','Nilda','Myrna','1900-01-01','Casado/a','GALLEGOS LARA NO. 1405  Y GOMEZ RENDON','2367688','Cedula','903925741','Masculino',1,1035.00,NULL,'Secretaria de Presidencia','1995-03-01','2013-06-30',NULL,'9:00:00','0:00:00','13:30:00','0:00:00','70480768','10/11/1948','Banco',34,'Bolivariano','1729369','Ahorro',0,0,0,0,1,5,1,NULL,0,'2022-09-29 23:22:41','2022-09-29 23:22:41'),(31,'Parra','Rodriguez','Eugenio','Isrrael','1986-06-12','Soltero/a','MARCELINO MARIDUEÇŸƒ??AS Cdla.LOS PARQUES MZ.4D V.6','42851670','Cedula','301894176','Masculino',0,280.00,NULL,'','2006-12-01','2007-10-19',NULL,'0:00:00','0:00:00','0:00:00','0:00:00','','','Banco',34,'Bolivariano','1823921','Ahorro',0,0,0,0,1,10,1,NULL,0,'2022-09-29 23:22:44','2022-09-29 23:22:44'),(32,'Pincay','Luna','Javier','Lorenzo','1967-08-31','Casado/a','Florida Norete Coop. MonseÇñor Leonidas ProaÇño','0997497341','Cedula','1202438980','Masculino',0,874.00,310.00,'Enderezador','2000-09-01','0000-00-00',NULL,'8:00:00','0:00:00','13:00:00','0:00:00','6700327','','Banco',34,'Bolivariano','0001377293','Ahorro',1,0,0,1,0,2,2,NULL,0,'2022-09-29 23:22:48','2022-10-26 17:59:40'),(33,'Pretente','Solorzano','Rosa','Angelica','1978-08-15','Casado/a','URBANIZ.BEATA MERCEDES MOLINA BLOQ.10 VILLA 27','2280555','Cedula','920041944','Masculino',0,700.00,NULL,'','2002-05-01','2012-09-18',NULL,'0:00:00','0:00:00','0:00:00','0:00:00','987801387','','Banco',34,'Bolivariano','35020572','Corriente',0,0,0,0,1,6,1,NULL,0,'2022-09-29 23:22:52','2022-09-29 23:22:52'),(34,'Puglla','Guevara','Ivonne','Olimpia','1970-02-25','Casado/a','SAMANES 7 MZ.2216 VILLA 23','2219573','Cedula','912325313','Masculino',3,520.00,NULL,'','1993-03-15','2008-05-15',NULL,'0:00:00','0:00:00','0:00:00','0:00:00','887001276','','Banco',34,'Bolivariano','5188374','Corriente',0,0,0,0,1,6,1,NULL,0,'2022-09-29 23:22:55','2022-09-29 23:22:55'),(35,'Reyes','Diaz','Charles','Enrique','1974-04-28','Casado/a','23 #807 y Brasil','2460004','Cedula','0915360416','Masculino',3,911.00,300.00,'Asesor de postventa','2001-04-05','0000-00-00',NULL,'0:00:00','0:00:00','0:00:00','0:00:00','17400172','oct.2003','Banco',34,'Bolivariano','0001377325','Ahorro',0,0,0,0,0,18,1,'charlesreyes@ecuavia.com',1,'2022-09-29 23:22:59','2022-11-02 16:22:52'),(36,'Rodriguez','Lindao','Angel','','1955-03-18','Union Libre','GENERAL VILLAMIL PLAYAS','993729574','Cedula','905907234','Masculino',0,418.00,NULL,'Portero','2009-08-01','2019-10-31',NULL,'0:00:00','0:00:00','0:00:00','0:00:00','77550238','','Banco',34,'BOLIVARIANO','1721036876','Ahorro',0,0,0,0,1,12,2,NULL,0,'2022-09-29 23:23:03','2022-09-29 23:23:03'),(37,'Rodriguez','Velastegui','Maria Teresa','Alexandra','1962-10-27','Casado/a','Cdla. Naval 25 de Julio Mz. 33 V.17','2431690','Cedula','0908164403','Masculino',1,893.00,280.00,'Coordinador Bodega','1994-08-03','0000-00-00',NULL,'8:00:00','0:00:00','13:00:00','0:00:00','81621337','','Banco',34,'Bolivariano','0003349805','Ahorro',1,0,0,0,0,7,1,'mariateresarodriguez@ecuavia.com',1,'2022-09-29 23:23:07','2022-10-31 16:58:22'),(38,'Sambonino','Garcia','Barbara','De Lourdes','1965-01-03','Union Libre','La 15ava N¶§129  y Alianza','2584541','Cedula','0909897753','Masculino',2,1290.00,300.00,'Jefe de Importaciones','1993-05-01','0000-00-00',NULL,'0:00:00','0:00:00','0:00:00','0:00:00','83650007','','Banco',34,'Bolivariano','0001377237','Ahorro',0,0,0,0,0,17,1,'lourdessambonino@ecuavia.com',1,'2022-09-29 23:23:10','2022-10-31 16:59:40'),(39,'Sanchez','Pihuave','Carlos','Francisco','1973-12-17','Casado/a','PARAISO DE LA FLOR MZ.344 SOLAR # 23','2023071','Cedula','0914227541','Masculino',1,1029.00,320.00,'Coordinador Repuestos','1994-01-01','0000-00-00',NULL,'0:00:00','0:00:00','0:00:00','0:00:00','947300486','','Banco',34,'Bolivariano','0001377243','Ahorro',0,0,0,1,0,8,1,'carlossanchez@ecuavia.com',1,'2022-09-29 23:23:14','2022-10-31 16:47:36'),(40,'Serrano','Davila','Andrea','Alexandra','1978-07-28','Soltero/a','Guayacanes Mz. 75 V.8','991839550','Cedula','919247882','Masculino',0,320.00,0.00,'Recepcionista taller','2002-08-07','0000-00-00',NULL,'0:00:00','0:00:00','0:00:00','0:00:00','','','Banco',34,'Bolivariano','1582753','Ahorro',0,0,0,0,1,8,1,NULL,0,'2022-09-29 23:23:18','2022-09-29 23:23:18'),(41,'Serrano','Yepez','Maria','Lina','1982-11-25','Soltero/a','Urb. la Joya Etp. Opalo Mz, 7 Villa 27','6027229','Cedula','915703292','Masculino',3,640.00,NULL,'Asistente de Gerencia','2001-06-01','2018-02-06',NULL,'0:00:00','0:00:00','0:00:00','0:00:00','18203924','','Banco',34,'Bolivariano','1377353','Ahorro',0,0,0,0,1,5,1,NULL,0,'2022-09-29 23:23:21','2022-09-29 23:23:21'),(42,'Tingo','Soledispa','Marjorie','Veronica','1977-08-30','Soltero/a','CDLA.LAS ACACIAS MZ.A15 VILLA # 11','3854794','Cedula','0917456998','Masculino',0,1798.00,650.00,'Jefe administrativo, garantias y compras','2001-11-05','0000-00-00',NULL,'0:00:00','0:00:00','0:00:00','0:00:00','987703087','','Banco',34,'Bolivariano','0025025855','Corriente',1,0,0,0,0,8,1,'marjorietingo@ecuavia.com',1,'2022-09-29 23:23:25','2022-10-31 16:47:43'),(43,'Toala','Moran','Efren','Agustin','1987-06-07','Soltero/a','COOP.CRISTINA PONSGUILLO MZ.E SL.6','2345800','Cedula','920078243','Masculino',0,500.00,NULL,'','2006-07-11','2011-04-26',NULL,'0:00:00','0:00:00','0:00:00','0:00:00','','','Banco',34,'Bolivariano','1823861','Ahorro',1,0,0,0,1,8,1,NULL,0,'2022-09-29 23:23:29','2022-09-29 23:23:29'),(44,'Zambrano','Haro','Guido','Alejandro','1980-12-11','Union Libre','LA  44  NO. 1317  ENTRE LA CH Y C','2840702','Cedula','920240215','Masculino',1,760.00,NULL,'Mecanico','2001-07-02','2013-04-16',NULL,'0:00:00','0:00:00','0:00:00','0:00:00','18001199','','Banco',34,'Bolivariano','1377381','Ahorro',0,0,0,0,1,10,1,NULL,0,'2022-09-29 23:23:33','2022-09-29 23:23:33'),(45,'Zambrano','Zambrano','Virginia','De Jesus','1977-01-03','Casado/a','LA 11ava. ENTRE BOLIVIA Y ALINZA','2372301','Cedula','915473243','Masculino',1,308.00,NULL,'','2005-01-24','2008-05-13',NULL,'9:00:00','0:00:00','13:30:00','0:00:00','','','Banco',34,'Bolivariano','1729375','Ahorro',0,0,0,0,1,7,1,NULL,0,'2022-09-29 23:23:36','2022-09-29 23:23:36'),(46,'Jimenez','Mora','Maricela','Loreley','1975-05-01','Casado/a','CDLA MUCHO LOTE MZ.2446 VILLA 27','2896320','Cedula','0912860822','Masculino',2,607.00,0.00,'Asistente Contable','2003-01-01','0000-00-00',NULL,'0:00:00','0:00:00','0:00:00','0:00:00','','','Cheque',34,'','','',0,0,0,0,0,6,3,'maricelajimenez@ecuavia.com>',1,'2022-09-29 23:23:40','2022-10-31 17:20:31'),(47,'BajaÇŸ¶ña','Benalcazar','Jorge','Washington','1959-04-16','Union Libre','25 AVA Y CHAMBERS','2847451','Cedula','905511242','Masculino',4,423.00,NULL,'','2003-01-01','2007-08-31',NULL,'0:00:00','0:00:00','0:00:00','0:00:00','','','Cheque',34,'','','',0,0,0,0,1,12,3,NULL,0,'2022-09-29 23:23:44','2022-09-29 23:23:44'),(48,'Estrada','Wray','Carlos','Javier','1974-06-21','Casado/a','CIRC. NORTE Y BALSAMO','980861999','Cedula','909129090','Masculino',0,360.00,NULL,'Gerente','2002-11-01','0000-00-00',NULL,'0:00:00','0:00:00','0:00:00','0:00:00','','desde aÇño 1994','Cheque',34,'','','',0,0,0,0,1,6,3,NULL,0,'2022-09-29 23:23:48','2022-09-29 23:23:48'),(49,'Aguilera','Monteros','Estela','Macrina','1961-10-06','Union Libre','FLORIDA NORTE, MZ.602 VILLA 9','2260571','Cedula','907463434','Masculino',1,842.00,0.00,'Jefe de Compras','2000-07-01','2021-09-30',NULL,'0:00:00','0:00:00','0:00:00','0:00:00','','Renuncia por jubilaciÇün','Banco',34,'Bolivariano','951271042','Ahorro',1,0,0,0,1,6,4,NULL,0,'2022-09-29 23:23:51','2022-09-29 23:23:51'),(50,'Bustamante','Morales','Erika','Mischel','1978-05-17','Casado/a','Km.8.5 VIA A DAULE COOP.4 DE MZO.2da.ZONA MILITAR M.608','2251777','Cedula','916945249','Masculino',1,530.00,NULL,'','2000-07-01','2010-05-14',NULL,'0:00:00','0:00:00','0:00:00','0:00:00','','','Banco',34,'Bolivariano','1560059','Ahorro',0,0,0,0,1,6,4,NULL,0,'2022-09-29 23:23:55','2022-09-29 23:23:55'),(51,'Garcia','Idrovo','Oscar','Andres','1984-06-05','Soltero/a','SAUCES 4 Mz.372 V.24','2824417','Cedula','922962204','Masculino',0,540.00,NULL,'','2007-02-21','2012-02-08',NULL,'9:00:00','0:00:00','13:00:00','0:00:00','','','Banco',34,'Bolivariano','1823849','Ahorro',1,0,0,0,1,11,1,NULL,0,'2022-09-29 23:23:59','2022-09-29 23:23:59'),(52,'Guiracocha','Yuquilima','Manuel','Espiritu','1900-01-01','Casado/a','COOP.VELASCO IBARRA MZ.6 VILLA 7 (Guasmo Sur)','80430726','Cedula','100815786','Masculino',0,357.00,0.00,'','2004-11-08','2013-11-30',NULL,'0:00:00','0:00:00','0:00:00','0:00:00','','16/12/1946','Tarjeta',34,'Machala','','Ahorro',1,0,0,0,1,6,4,NULL,0,'2022-09-29 23:24:02','2022-09-29 23:24:02'),(53,'Miranda','Montalvo','Washington','','1949-02-26','Casado/a','URB.BEATA MERCEDES MOLINA BL.10 VILLA 27','93861319','Cedula','1702500685','Masculino',4,1400.00,NULL,'Asesor Financiero','2001-01-01','2013-06-30',NULL,'9:00:00','0:00:00','13:30:00','0:00:00','','','Banco',34,'Bolivariano','5239122','Corriente',0,0,0,0,1,6,4,NULL,0,'2022-09-29 23:24:06','2022-09-29 23:24:06'),(54,'Nevarez','Macias','Aroldo','Napoleon','1953-11-29','Casado/a','CALLE F ENTRE LA 44 Y LA 45 SUBURBIO OESTE','2228726','Cedula','1706155841','Masculino',0,698.00,NULL,'Técnico','2000-07-01','2021-07-20',NULL,'0:00:00','0:00:00','0:00:00','0:00:00','','','Tarjeta',34,'Machala','','Ahorro',1,0,0,0,1,2,4,NULL,0,'2022-09-29 23:24:10','2022-09-29 23:24:10'),(55,'Romero','Moreira','Efren','Voltaire','1969-11-29','Casado/a','GENERAL GOMES Y ABEL CASTILLO','0','Cedula','911052629','Masculino',0,384.00,NULL,'','2000-07-01','2009-02-28',NULL,'0:00:00','0:00:00','0:00:00','0:00:00','','','Tarjeta',34,'Machala','','Ahorro',0,0,0,0,1,2,4,NULL,0,'2022-09-29 23:24:14','2022-09-29 23:24:14'),(56,'Valdez','Murillo','Pedro','Julian','1968-02-16','Union Libre','GUASMO CENTRAL Mz.B1','0','Cedula','911324507','Masculino',0,384.00,NULL,'','2002-05-01','2008-12-08',NULL,'0:00:00','0:00:00','0:00:00','0:00:00','','','Tarjeta',34,'Machala','','Ahorro',0,0,0,0,1,2,4,NULL,0,'2022-09-29 23:24:17','2022-09-29 23:24:17'),(57,'Miranda','Paucar','Hector','Antonio','1986-12-16','Soltero/a','GUASMO SUR COOP.18 DE OCTUBRE Mz F.SL.11 Blq.6','2605480','Cedula','0921168811','Masculino',0,789.00,100.00,'Mecánico Automotriz','2007-02-05','0000-00-00',NULL,'0:00:00','0:00:00','0:00:00','0:00:00','','','Banco',34,'Bolivariano','0001823795','Ahorro',1,0,0,0,0,10,1,'hectormiranda@ecuavia.com',1,'2022-09-29 23:24:21','2022-10-31 16:52:56'),(58,'Lopez','Paladines','Miriam','Belen','1984-02-11','Casado/a','Ceibos norte circunvalacion sur 303 ','2851014','Cedula','923065379','Masculino',1,400.00,NULL,'','2007-03-06','2008-10-08',NULL,'0:00:00','0:00:00','0:00:00','0:00:00','','','Tarjeta',34,'','','',0,0,0,0,1,5,1,NULL,0,'2022-09-29 23:24:24','2022-09-29 23:24:24'),(59,'Nevarez ','Flores','Alba','Katherine','1987-05-20','Soltero/a','CALLE F ENTRE LA 44 Y LA 45 SUBURBIO OESTE','2228726','Cedula','924969504','Masculino',0,350.00,NULL,'','2007-05-02','2010-12-15',NULL,'0:00:00','0:00:00','0:00:00','0:00:00','','','Banco',34,'Bolivariano','1824247','Ahorro',1,0,0,0,1,6,1,NULL,0,'2022-09-29 23:24:28','2022-09-29 23:24:28'),(60,'Espinoza','Suarez','Armando','Enrique','1973-06-18','Soltero/a','Cdla.El Recreo II Etapa Mz.222 V.29','2671748','Cedula','1203105893','Masculino',0,705.00,240.00,'Chofer','2007-08-01','0000-00-00',NULL,'0:00:00','0:00:00','0:00:00','0:00:00','','','Banco',34,'Bolivariano','0061071291','Ahorro',0,0,0,0,0,12,1,'armando_1811@hotmail.com',1,'2022-09-29 23:24:32','2022-10-31 17:06:32'),(61,'Vega','Tobar','Vicente','Ananias','1977-09-03','Soltero/a','Samanes II Mz.220 V.14','2210085','Cedula','0918422080','Masculino',0,439.00,150.00,'Portero','2007-08-01','0000-00-00',NULL,'0:00:00','0:00:00','0:00:00','0:00:00','','','Banco',34,'Bolivariano','0021089691','Ahorro',1,0,0,0,0,12,1,'vicentevega2016@outlook.com',1,'2022-09-29 23:24:36','2022-10-31 19:25:42'),(62,'Olvera','Castillo','Euclides','Saturnino','1978-09-30','Soltero/a','Sauces 4 Mz.Q Sl.6','0981617976','Cedula','1204306946','Masculino',0,439.00,160.00,'Portero','2011-03-01','0000-00-00',NULL,'8:00:00','0:00:00','13:00:00','0:00:00','','','Banco',34,'Bolivariano','0021058163','Ahorro',1,0,0,0,0,12,2,NULL,0,'2022-09-29 23:24:39','2022-10-12 19:03:26'),(63,'Ortega','Villegas','Lourdes','Yesenia','1979-01-07','Soltero/a','Cdla. Jambeli Mz.13 V.1','2029584','Cedula','0918824798','Masculino',0,1733.00,270.00,'Asistente contable','2007-08-01','0000-00-00',NULL,'9:00:00','0:00:00','13:30:00','0:00:00','Historia Laboral','','Banco',34,'Bolivariano','0021089701','Ahorro',0,0,0,0,0,14,1,'yeseniaortega@ecuavia.com',1,'2022-09-29 23:24:43','2022-10-31 17:09:17'),(64,'Castillo','SaldaÇŸ¶ña','Jessica','Andrea','2007-01-01','Soltero/a','Duran Cdla.Abel Gilbert #3 Mz A5 Villa 11','42280555','Cedula','921752960','Masculino',0,220.00,NULL,'','2007-07-01','2008-07-24',NULL,'8:30:00','0:00:00','13:00:00','0:00:00','','','Banco',34,'Bolivariano','1880805','Ahorro',0,0,0,0,1,8,1,NULL,0,'2022-09-29 23:24:47','2022-09-29 23:24:47'),(65,'Orrala','Lazaro','Jose','Adolfo','1976-03-18','Soltero/a','Barrio Los Chirijos (Playas)','0980201037','Cedula','0917656365','Masculino',0,602.00,130.00,'Portero','2007-08-01','0000-00-00',NULL,'0:00:00','0:00:00','0:00:00','0:00:00','','','Banco',34,'Bolivariano','0001808721','Ahorro',0,0,0,0,0,12,4,'jseorrala@outlook.com',1,'2022-09-29 23:24:51','2022-11-07 19:33:53'),(66,'Mero','Tapia','Jonathan','Oswaldo','1987-04-15','Soltero/a','Pascuales, Coop. Asaad Bucaram Mz. 364 Sl. 18','2985110','Cedula','919637124','Masculino',0,600.00,NULL,'','2010-03-01','2014-09-30',NULL,'9:00:00','0:00:00','13:30:00','0:00:00','','','Banco',34,'Bolivariano','21224187','Ahorro',1,0,0,0,1,11,2,NULL,0,'2022-09-29 23:24:54','2022-09-29 23:24:54'),(67,'Moran','Solis','Jose',' Luis','2007-09-14','Soltero/a','Milagro Av.Amazonas y Marcelino MaridueÇŸ¶ña','42973632','Cedula','922879648','Masculino',0,220.00,NULL,'','2007-09-14','2008-01-03',NULL,'8:00:00','0:00:00','13:00:00','0:00:00','','','Cheque',34,'','','',0,0,0,0,1,10,1,NULL,0,'2022-09-29 23:24:58','2022-09-29 23:24:58'),(68,'Bajaña','Benalcazar','Jorge','Washington','1959-04-16','Casado/a','25 AVA Y CHAMBERS','0999104361','Cedula','0905511242','Masculino',4,705.00,60.00,'Chofer','2007-09-01','2022-09-30',NULL,'9:00:00','0:00:00','13:30:00','0:00:00','','Mayo 05 1992','Banco',34,'Bolivariano','1880811','Ahorro',0,0,0,0,1,12,1,NULL,0,'2022-09-29 23:25:02','2022-10-12 16:42:27'),(69,'Guevara','Moran','Victor ','Hugo','1960-06-08','Soltero/a','Cerro Santa Ana 6to.callejon','42311401','Cedula','907633333','Masculino',0,350.00,NULL,'','2007-09-01','0000-00-00',NULL,'8:00:00','0:00:00','13:00:00','0:00:00','','','Banco',34,'Bolivariano','21058069','Ahorro',1,0,0,0,1,12,1,NULL,0,'2022-09-29 23:25:05','2022-09-29 23:25:05'),(70,'Jaen','Andrade','Eladio','Junior','1988-04-12','Soltero/a','Duran Cdla.Panorama Principal y 4to.conjunto D02 Villa #24','2813513','Cedula','926721655','Masculino',0,300.00,NULL,'','2007-10-01','2010-01-29',NULL,'8:00:00','0:00:00','13:00:00','0:00:00','','','Banco',34,'Bolivariano','21224391','Ahorro',1,0,0,0,1,10,1,NULL,0,'2022-09-29 23:25:09','2022-09-29 23:25:09'),(71,'Zapatier','Reyes','Luis','Antonio','1979-01-15','Soltero/a','Coop. Sergio Toral II etapa Mz. 4864 Sl. 17','2464003','Cedula','0920095403','Masculino',0,552.00,170.00,'Técnico','2010-10-01','2022-09-02',NULL,'8:00:00','0:00:00','13:00:00','0:00:00','','','Banco',34,'Bolivariano','961022082','Ahorro',1,0,0,0,1,2,4,NULL,0,'2022-09-29 23:25:13','2022-10-12 17:46:39'),(72,'Flores ','Sotomayor ','Luis ','Enrique','1976-05-14','Casado/a','Samborondon','2846892','Cedula','0914932421','Masculino',0,574.00,85.00,'','2008-04-01','0000-00-00',NULL,'8:00:00','0:00:00','13:00:00','0:00:00','977602106','','Banco',34,'Bolivariano','1721006884','Ahorro',1,0,0,0,0,2,4,NULL,0,'2022-09-29 23:25:17','2022-10-12 19:12:11'),(73,'Vargas','Doylet','Sholger','Dionicio','1967-06-18','Casado/a','Duran Av. Quito y Cerro las cabras','0993041493','Cedula','0911665032','Masculino',0,700.00,100.00,'Técnico','2008-04-01','0000-00-00',NULL,'8:00:00','0:00:00','13:00:00','0:00:00','886703077','','Banco',34,'Pacifico','1056389086','Ahorro',1,0,0,0,0,2,4,'emyaleji@hotmail.com',1,'2022-09-29 23:25:20','2022-11-16 16:56:47'),(74,'Pacheco ','Alvarado','Washington','Eduardo','1975-01-28','Soltero/a','Cdla.El Trebol Mz.2 Sl.5 (Duran)','2861479','Cedula','916143027','Masculino',0,330.00,NULL,'','2008-04-01','2011-09-15',NULL,'8:00:00','0:00:00','13:00:00','0:00:00','Historia Laboral','','Tarjeta',34,'','','',1,0,0,0,1,2,4,NULL,0,'2022-09-29 23:25:24','2022-09-29 23:25:24'),(75,'Mina','Ortiz','Darwin','David','1984-08-12','Soltero/a','Guasmo Sur UniÇün de bananeros 3 ','3879206','Cedula','922268248','Masculino',0,418.00,NULL,'Portero','2008-06-23','2021-01-31',NULL,'8:00:00','0:00:00','13:00:00','0:00:00','','','Banco',34,'Bolivariano','1721011758','Ahorro',1,0,0,0,1,12,2,NULL,0,'2022-09-29 23:25:28','2022-09-29 23:25:28'),(76,'Morales','Correa','Diogenes','Enrique','1962-07-02','Casado/a','Km. 22 via a Daule','099547482','Cedula','0908576408','Masculino',0,461.00,170.00,'Jardinero','2009-08-01','0000-00-00',NULL,'0:00:00','0:00:00','0:00:00','0:00:00','','','Banco',34,'Bolivariano','0021241001','Ahorro',1,0,0,1,0,12,2,'asolatoma@gmail.com',1,'2022-09-29 23:25:31','2022-10-31 16:07:24'),(77,'Quimi ','Sigcho','Mayra','Susana','1985-07-16','Soltero/a','Antepara #4315 y Maracaibo','42190315','Cedula','921624284','Masculino',0,460.00,0.00,'Asistente de Compras','2008-10-13','2013-11-04',NULL,'0:00:00','0:00:00','0:00:00','0:00:00','','','Banco',34,'Bolivariano','971010638','Ahorro',1,0,0,0,1,8,1,NULL,0,'2022-09-29 23:25:35','2022-09-29 23:25:35'),(78,'Alvarado','Farias','Hilario','Del Carmen','1961-07-16','Casado/a','El Fortin Blq. 4 Mz. 1407 Sl.3','3085649','Cedula','0907828115','Masculino',3,439.00,200.00,'Portero','2008-10-03','0000-00-00',NULL,'0:00:00','0:00:00','0:00:00','0:00:00','82613667','','Banco',34,'Bolivariano','0021057941','Ahorro',1,0,0,1,0,12,1,NULL,0,'2022-09-29 23:25:39','2022-10-24 22:09:14'),(79,'Ronquillo','Rivas','Amelio','Galo','1951-01-28','Casado/a','42 Ava  y  El Oro','2466241','Cedula','1301602353','Masculino',1,371.00,0.00,'Portero','2008-10-03','2016-05-31',NULL,'0:00:00','0:00:01','0:00:00','0:00:00','','jubilaciÇün','Banco',34,'Bolivariano','21058239','Ahorro',1,0,0,0,1,12,1,NULL,0,'2022-09-29 23:25:42','2022-09-29 23:25:42'),(80,'Beltran','Castro','Andres','Alberto','1961-11-30','Casado/a','38 Ava y Rosendo Aviles','84857571','Cedula','907921324','Masculino',0,270.00,0.00,'','2008-10-03','0000-00-00',NULL,'0:00:00','0:00:00','0:00:00','0:00:00','86610036','','Banco',34,'Bolivariano','21145599','Ahorro',1,0,0,0,1,12,1,NULL,0,'2022-09-29 23:25:47','2022-09-29 23:25:47'),(81,'Merchan','Sancan','Jose','Santo','1964-03-27','Casado/a','Prosperina, coop. 4 de diciembre mz. 20 sl. 19','2047239','Cedula','1303670267','Masculino',2,418.00,NULL,'Portero','2008-10-03','2018-03-18',NULL,'0:00:00','0:00:00','0:00:00','0:00:00','85640755','fallecimiento','Banco',34,'Bolivariano','21058129','Ahorro',1,0,0,0,1,12,1,NULL,0,'2022-09-29 23:25:51','2022-09-29 23:25:51'),(82,'Martinez','Arana','Nelson','Iris','1964-01-05','Casado/a',' Av Ernesto Alban 409 y 25 de Julio ','2433483','Cedula','0908704810','Masculino',1,887.00,390.00,'Jefe de seguridad fÇðsica','2008-11-01','0000-00-00',NULL,'0:00:00','0:00:01','0:00:00','0:00:00','','','Banco',34,'Bolivariano','0021080385','Ahorro',1,1,1,0,0,12,1,'nelsonmartinez@ecuavia.com',1,'2022-09-29 23:25:55','2022-10-31 17:07:59'),(83,'Mero','Murillo','Oswaldo','Cipriano','1959-09-26','Casado/a','Pascuales Av. Joya de los Sacha y pasaje 36','2985110','Cedula','0906803390','Masculino',3,914.00,270.00,'Supervisor de producciÇün','2008-12-01','0000-00-00',NULL,'0:00:00','0:00:00','0:00:00','0:00:00','','','Banco',34,'Bolivariano','0021251393','Ahorro',1,0,0,0,0,2,4,'oswaldomero@armorcar.com',1,'2022-09-29 23:26:00','2022-11-02 16:22:44'),(84,'Pinargote ','Pincay','Edison','Jimmy','1980-02-29','Union Libre','Bastion Popular','992260204','Cedula','1308571726','Masculino',0,419.00,NULL,'Técnico','2011-01-01','2017-07-14',NULL,'8:00:00','0:00:00','13:00:00','0:00:00','','','Banco',34,'Bolivariano','911028172','Ahorro',1,0,0,0,1,2,4,NULL,0,'2022-09-29 23:26:03','2022-09-29 23:26:03'),(85,'Reyes','Duarte','Guillermo ','Daniel','1978-12-16','Soltero/a','La 22ava 703 y Maldonado','42617432','Cedula','919096396','Masculino',0,330.00,NULL,'','2010-10-01','2011-06-20',NULL,'8:00:00','0:00:00','13:00:00','0:00:00','','','Banco',34,'Bolivariano','961022114','Ahorro',1,0,0,0,1,2,4,NULL,0,'2022-09-29 23:26:07','2022-09-29 23:26:07'),(86,'Chia ','Ponce','Carlos','Alberto','1969-07-09','Union Libre','Samborondon Parroquia Tarifa','2280555','Cedula','911885168','Masculino',0,395.00,NULL,'','2009-02-17','2014-07-22',NULL,'8:00:00','0:00:00','13:00:00','0:00:00','','','Cheque',34,'Bolivariano','961013434','Ahorro',1,0,0,0,1,2,4,NULL,0,'2022-09-29 23:26:10','2022-09-29 23:26:10'),(87,'Nevarez','Macias','Olivert','Anderzon','1959-04-25','Soltero/a','4 de Noviembre 3807 y la 13','0985224596','Cedula','0906515309','Masculino',0,575.00,160.00,'Técnico','2009-03-18','0000-00-00',NULL,'8:00:00','0:00:00','13:00:00','0:00:00','','','Banco',34,'Bolivariano','0961022054','Ahorro',1,0,0,0,0,2,4,NULL,0,'2022-09-29 23:26:14','2022-10-12 19:14:12'),(88,'Palacios','Velasco','Jose','Ricardo','1976-01-25','Soltero/a','Maracaibo entre la 43 y la 44','992224739','Cedula','917449670','Masculino',0,350.00,NULL,'Técnico','2009-03-23','2012-05-30',NULL,'8:00:00','0:00:00','13:00:00','0:00:00','','','Banco',34,'Bolivariano','961022032','Ahorro',1,0,0,0,1,2,4,NULL,0,'2022-09-29 23:26:18','2022-09-29 23:26:18'),(89,'Alvarado','Molina','Luis ','Hilario','1988-10-11','Soltero/a','Km 36 1/2 Fortin Bl.4 Mz.8 Sl.3','42280555','Cedula','928395839','Masculino',0,270.00,NULL,'','2009-04-01','2010-08-31',NULL,'8:00:00','0:00:00','13:00:00','0:00:00','','','Banco',34,'Bolivariano','961022076','Ahorro',1,0,0,0,1,2,4,NULL,0,'2022-09-29 23:26:21','2022-09-29 23:26:21'),(90,'Garofalo','Mendieta','Gabriel ','Mauricio','1984-06-10','Soltero/a','43 y Camilo Destruje','42617442','Cedula','922811096','Masculino',0,270.00,NULL,'','2009-04-02','2009-04-14',NULL,'8:00:00','0:00:00','13:00:00','0:00:00','','','Cheque',34,'','','',0,0,0,0,1,2,4,NULL,0,'2022-09-29 23:26:25','2022-09-29 23:26:25'),(91,'Leon ','Alay','Eduardo','Rafael','1990-06-21','Soltero/a','Calle F entre la 44 y la 45 ','42846892','Cedula','930106547','Masculino',0,270.00,0.00,'','2009-04-07','0000-00-00',NULL,'8:00:00','0:00:00','13:00:00','0:00:00','','','Cheque',34,'','','',0,0,0,0,1,2,4,NULL,0,'2022-09-29 23:26:29','2022-09-29 23:26:29'),(92,'Benitez ','Cardenas','Mario','Raul','1987-10-18','Soltero/a','','42663738','Cedula','923105928','Masculino',0,270.00,NULL,'','2009-04-07','2009-05-17',NULL,'8:00:00','0:00:00','13:00:00','0:00:00','','','Cheque',34,'','','',0,0,0,0,1,2,4,NULL,0,'2022-09-29 23:26:32','2022-09-29 23:26:32'),(93,'Marquez','OrdoÇŸ¶ñez','Ronald','Ivan','1980-01-21','Soltero/a','Cdla..Martha de Roldos Mz.616 V.4','42235595','Cedula','703350314','Masculino',0,270.00,NULL,'','2009-10-19','2009-04-16',NULL,'8:00:00','0:00:00','13:00:00','0:00:00','','','Cheque',34,'','','',0,0,0,0,1,2,4,NULL,0,'2022-09-29 23:26:36','2022-09-29 23:26:36'),(94,'Flores','Romero','Roberto','Carlos','1987-07-16','Soltero/a','Calle F entre la 44 y la 45 (Suburbio Oeste)','91755238','Cedula','926592197','Masculino',0,270.00,NULL,'','2009-04-20','2009-06-18',NULL,'8:00:00','0:00:00','13:00:00','0:00:00','','','Cheque',34,'','','',0,0,0,0,1,2,4,NULL,0,'2022-09-29 23:26:40','2022-09-29 23:26:40'),(95,'Alvarado','Pin','Jose','Wilmer','1982-10-15','Soltero/a','Bastion Popular Bl.5 Mz.891 Sl.1','90436928','Cedula','922827274','Masculino',0,300.00,NULL,'','2009-06-24','2009-08-14',NULL,'8:00:00','0:00:00','13:00:00','0:00:00','','','Cheque',34,'','','',0,0,0,0,1,2,4,NULL,0,'2022-09-29 23:26:43','2022-09-29 23:26:43'),(96,'Mieles ','Escobar','Alexandra','Maribel','1971-12-25','Soltero/a','Alborada Mz.504 Villa 1','2249927','Cedula','914903497','Masculino',0,320.00,NULL,'','2009-05-01','2009-07-13',NULL,'8:30:00','0:00:00','13:00:00','0:00:00','','','Cheque',34,'','','',0,0,0,0,1,8,1,NULL,0,'2022-09-29 23:26:47','2022-09-29 23:26:47'),(97,'Muñoz','Palma','Angel','Camilo','1985-07-14','Casado/a','Coop.Velasco Ibarra Mz.6 Sl.17','2608700','Cedula','0920877446','Masculino',0,700.00,200.00,'Técnico','2009-07-01','0000-00-00',NULL,'8:00:00','0:00:00','13:00:00','0:00:00','','','Cheque',34,'Bolivariano','0941115828','Ahorro',1,0,0,0,0,2,4,NULL,0,'2022-09-29 23:26:51','2022-10-19 17:17:14'),(98,'Guiracocha ','Chaca','Jovito','Anibal','1983-05-13','Soltero/a','Coop.Velasco Ibarra Mz.6 Sl.17','2463860','Cedula','924324957','Masculino',0,360.00,0.00,'','2009-08-01','2012-01-01',NULL,'8:00:00','0:00:00','13:00:00','0:00:00','','','Banco',34,'Bolivariano','2072112','Ahorro',1,0,0,0,1,2,4,NULL,0,'2022-09-29 23:26:54','2022-09-29 23:26:54'),(99,'Garofalo','Mendieta ','Victor ','Manuel','2009-01-01','Soltero/a','43 y Camilo Destruje','42617442','Cedula','940290497','Masculino',0,270.00,NULL,'','2009-07-01','2009-09-30',NULL,'8:00:00','0:00:00','13:00:00','0:00:00','','','Cheque',34,'','','',0,0,0,0,1,2,4,NULL,0,'2022-09-29 23:26:58','2022-09-29 23:26:58'),(100,'Nevarez','Arellano','Oscar','Ivan','1986-05-25','Soltero/a','La 45ava y la E','2844170','Cedula','105515761','Masculino',0,270.00,NULL,'','2009-07-01','2009-07-31',NULL,'8:00:00','0:00:00','13:00:00','0:00:00','','','Cheque',34,'','','',0,0,0,0,1,2,4,NULL,0,'2022-09-29 23:27:02','2022-09-29 23:27:02'),(101,'Romero','Solorzano','Jaime','Moises','1989-08-08','Soltero/a','Calle F entre la 44 y la 45','2228726','Cedula','926639220','Masculino',0,270.00,NULL,'','2009-05-01','2009-06-15',NULL,'8:00:00','0:00:00','13:00:00','0:00:00','','','Cheque',34,'','','',0,0,0,0,1,2,4,NULL,0,'2022-09-29 23:27:05','2022-09-29 23:27:05'),(102,'Estupiñan ','Lugo','Cristhian ','Eduardo','1984-01-01','Soltero/a','Coop. Los Claveles I, Guasmo Mz.4183 Sl.1','2545533','Cedula','0925755233','Masculino',0,700.00,200.00,'Técnico','2009-07-01','0000-00-00',NULL,'8:00:00','0:00:00','13:00:00','0:00:00','','','Banco',34,'Bolivariano','0961022108','Ahorro',1,0,0,0,0,2,4,'cristhian.elsony@gmail.com',1,'2022-09-29 23:27:09','2022-11-02 16:19:16'),(103,'PeÇŸ¶ñaherrera','Vite','William','John','1983-11-16','Soltero/a','Flor de Bastion Bl.6 Mz.938 Sl.1','94007475','Cedula','923731277','Masculino',0,270.00,NULL,'','2009-05-05','2009-06-07',NULL,'8:00:00','0:00:00','13:00:00','0:00:00','','','Cheque',34,'','','',0,0,0,0,1,2,4,NULL,0,'2022-09-29 23:27:13','2022-09-29 23:27:13'),(104,'Hernandez','Zambrano','Washington','Rafael','1968-08-17','Soltero/a','Coop.Francisco Jacome Mz.346 Sl.13','42262454','Cedula','909752719','Masculino',2,400.00,0.00,'Enderezador','2009-06-01','2009-10-30',NULL,'8:00:00','0:00:00','13:00:00','0:00:00','','','Cheque',34,'','','Ahorro',0,0,0,0,1,2,2,NULL,0,'2022-09-29 23:27:16','2022-09-29 23:27:16'),(105,'Navarrete','Rivas','Karla','Susana','1992-09-15','Soltero/a','Cdla. Tetel Mz.19 V.2','2798217','Cedula','916932650','Masculino',1,839.00,NULL,'Asistente contable','2009-07-01','2021-03-11',NULL,'8:30:00','0:00:00','13:00:00','0:00:00','','acuerdo partes (despido p','Banco',34,'Bolivariano','961013456','Ahorro',1,0,0,0,1,6,4,NULL,0,'2022-09-29 23:27:20','2022-09-29 23:27:20'),(106,'Endara','Leones','Sara','Andrea','1983-09-11','Soltero/a','Sauces 4 Mz. 367 V. 37','2824390','Cedula','0922283502','Masculino',0,690.00,200.00,'Servicios al Cliente','2009-07-20','0000-00-00',NULL,'8:30:00','0:00:00','13:00:00','0:00:00','','','Banco',34,'Bolivariano','0021279445','Ahorro',1,0,0,0,0,8,1,'saraendara@ecuavia.com',1,'2022-09-29 23:27:24','2022-10-31 04:04:48'),(107,'Nevarez','Tello','Pablo','Henry','1977-06-23','Soltero/a','','0','Cedula','917088429','Masculino',0,270.00,NULL,'','2009-07-13','2009-08-14',NULL,'8:00:00','0:00:00','13:00:00','0:00:00','','','Cheque',34,'','','',0,0,0,0,1,2,4,NULL,0,'2022-09-29 23:27:28','2022-09-29 23:27:28'),(108,'Rivas','Narvaez','Jaime','Enrique','1951-09-08','Union Libre','Esmeraldas 1831 y Pedro Pablo Gomez','97579263','Cedula','700725567','Masculino',2,300.00,NULL,'','2009-08-01','2012-01-31',NULL,'8:00:00','0:00:00','13:00:00','0:00:00','','','Banco',34,'Bolivariano','2073878','Ahorro',1,0,0,0,1,2,4,NULL,0,'2022-09-29 23:27:31','2022-09-29 23:27:31'),(109,'Iturralde','Navarrete','Johanie','Stefanie','1991-07-20','Soltero/a','Sauces 9 Mz.L2 Villa 6','42279327','Cedula','927249797','Masculino',0,250.00,NULL,'','2009-09-01','2009-09-21',NULL,'8:30:00','0:00:00','13:30:00','0:00:00','','','Cheque',34,'','','',0,0,0,0,1,11,2,NULL,0,'2022-09-29 23:27:35','2022-09-29 23:27:35'),(110,'Armas','Castro','Geovanny','Omar','1977-10-06','Soltero/a','Duran Cdla Primavera 2 Sector 1D Mz.27 Villa 2','42807845','Cedula','917540205','Masculino',0,270.00,NULL,'','2009-09-02','2009-10-05',NULL,'8:00:00','0:00:00','13:00:00','0:00:00','','','Cheque',34,'','','',0,0,0,0,1,2,4,NULL,0,'2022-09-29 23:27:38','2022-09-29 23:27:38'),(111,'Lavayen','Macancela','Xavier','Mauricio','1980-12-09','Soltero/a','Cdla. Prosperina Av.3ra Calle 2da','2266335','Cedula','919586800','Masculino',0,270.00,NULL,'Ayud de Mecanica','2009-09-02','2009-12-31',NULL,'8:00:00','0:00:00','13:00:00','0:00:00','','','Cheque',34,'','','',0,0,0,0,1,2,4,NULL,0,'2022-09-29 23:27:42','2022-09-29 23:27:42'),(112,'Santoro','Rojas','Jose','Fernando','1987-02-01','Soltero/a','LOMAS DE URDESA CALLE PANORAMA NO.823 Y AV. OLMOS ','42886374','Cedula','914003744','Masculino',0,450.00,0.00,'Vendedor','2009-10-01','2010-02-01',NULL,'9:00:00','0:00:00','13:30:00','0:00:00','','','Cheque',34,'','','',0,0,0,0,1,5,1,NULL,0,'2022-09-29 23:27:46','2022-09-29 23:27:46'),(113,'Parra','Solis','Guillermo','Enrique','1990-05-16','Soltero/a','Urb. Ciudad Celeste/ La Dorada 3-7','0996783824','Cedula','0918132812','Masculino',0,828.00,300.00,'Vendedor','2009-10-01','0000-00-00',NULL,'9:00:00','0:00:01','13:30:00','0:00:00','','','Banco',34,'Bolivariano','1725000232','Corriente',1,1,1,0,0,5,1,'guillermoparra@ecuavia.com',1,'2022-09-29 23:27:49','2022-10-31 17:05:25'),(114,'Garcia','Acosta','Cristhian','Elias','1987-02-22','Soltero/a','Nicolas Segovia #4328 y la A','42340499','Cedula','921971966','Masculino',0,320.00,NULL,'Ayud de Mecanica','2009-10-05','2010-03-19',NULL,'8:00:00','0:00:00','13:00:00','0:00:00','','','Cheque',34,'','','',0,0,0,0,1,10,1,NULL,0,'2022-09-29 23:27:53','2022-09-29 23:27:53'),(115,'Estrada','Aguirre','Jimmy','Ricardo','1987-02-23','Soltero/a','','0','Cedula','924730153','Masculino',0,400.00,NULL,'Asesor de Servicios','2009-10-13','2010-07-30',NULL,'8:00:00','0:00:00','13:00:00','0:00:00','','','Banco',34,'Bolivariano','921060034','Ahorro',0,0,0,0,1,8,1,NULL,0,'2022-09-29 23:27:57','2022-09-29 23:27:57'),(116,'EstupiÇñan ','Lugo','Jefferson ','Danilo','1988-01-22','Soltero/a','Guasmo Sur Coop.2do.Ramos Mz.3421Sl.6','91356810','Cedula','926078353','Masculino',0,270.00,NULL,'Ayud de Mecanica','2009-10-13','0000-00-00',NULL,'8:00:00','0:00:00','13:00:00','0:00:00','','','Cheque',34,'','','',0,0,0,0,1,2,4,NULL,0,'2022-09-29 23:28:01','2022-09-29 23:28:01'),(117,'Ponce','Gomez','Luis','Ramon','1981-08-11','Soltero/a','Coop.Francisco Jacome Mz.210 V.5 Sector B','2258684','Cedula','1310555386','Masculino',0,270.00,NULL,'Ayud de Mecanica','2010-02-02','2010-03-01',NULL,'8:00:00','0:00:00','13:00:00','0:00:00','','','Cheque',34,'','','Ahorro',0,0,0,0,1,2,4,NULL,0,'2022-09-29 23:28:04','2022-09-29 23:28:04'),(118,'Hidalgo','Panta','Roberto','Nicolas','1971-03-03','Casado/a','Guasmo Sur','3880038','Cedula','914205620','Masculino',4,406.00,NULL,'Técnico','2010-02-02','2016-08-09',NULL,'8:00:00','0:00:00','13:00:00','0:00:00','','','Banco',34,'Bolivariano','961028902','Ahorro',0,0,0,0,1,2,4,NULL,0,'2022-09-29 23:28:08','2022-09-29 23:28:08'),(119,'Vasquez','Quiroz','Cesar','Orlando','1987-04-14','Soltero/a','Cdla. La Chala Alianza Y la 16ava','2340897','Cedula','925245870','Masculino',0,395.00,NULL,'BODEGUERO','2010-02-02','2014-05-12',NULL,'8:00:00','0:00:00','13:00:00','0:00:00','','','Banco',34,'Bolivariano','861072393','Ahorro',1,0,0,0,1,2,4,NULL,0,'2022-09-29 23:28:11','2022-09-29 23:28:11'),(120,'Vera','Vera','Juan','Jose','1983-11-20','Soltero/a','Guasmo Sur Coop. 2 do RAMOS Mz.10 S.3','2504380','Cedula','925061939','Masculino',0,270.00,NULL,'','2010-02-02','2010-07-09',NULL,'8:00:00','0:00:00','13:00:00','0:00:00','','','Cheque',34,'','','',0,0,0,0,1,2,4,NULL,0,'2022-09-29 23:28:15','2022-09-29 23:28:15'),(121,'Zambrano','Gonzales','Cesar','Jonathan','1985-01-17','Soltero/a','32 entre Portete y Argentina','989061509','Cedula','924892722','Masculino',0,395.00,NULL,'Técnico','2010-05-25','2016-09-07',NULL,'8:00:00','0:00:00','13:00:00','0:00:00','','','Banco',34,'Bolivariano','961030012','Ahorro',1,0,0,0,1,2,4,NULL,0,'2022-09-29 23:28:19','2022-09-29 23:28:19'),(122,'Parra','Guiracocha','Darwin','Mauricio','1992-01-09','Soltero/a','Guasmo Sur Coop. Velasco Ibarra Mz.6 Sl.30','2608700','Cedula','931007314','Masculino',0,270.00,NULL,'Ayud de Mecanica','2010-02-15','0000-00-00',NULL,'8:00:00','0:00:00','13:00:00','0:00:00','','','Cheque',34,'','','',0,0,0,0,1,2,4,NULL,0,'2022-09-29 23:28:22','2022-09-29 23:28:22'),(123,'Segovia','Navarro','William','Ernesto','1975-11-07','Soltero/a','Guasmo Sur Coop.Union de Bananeros Blq.6 Mz.4 Sol.11','2498887','Cedula','915976443','Masculino',0,330.00,NULL,'Ayud de Mecanica','2011-01-21','2011-06-07',NULL,'8:00:00','0:00:00','13:00:00','0:00:00','','','Banco',34,'Bolivariano','961028748','Ahorro',0,0,0,0,1,2,4,NULL,0,'2022-09-29 23:28:26','2022-09-29 23:28:26'),(124,'Merchan','Cañizarez','Ronald','Jose','1988-06-22','Soltero/a','Prosperina, coop. 4 de diciembre mz. 20 sl. 9','2047239','Cedula','0924141369','Masculino',0,439.00,150.00,'Portero','2010-02-01','0000-00-00',NULL,'0:00:00','0:00:01','0:00:00','0:00:00','','','Banco',34,'Bolivariano','0851131191','Ahorro',1,1,1,0,0,12,1,'ronaldmerchan1988@gmail.com',1,'2022-09-29 23:28:30','2022-10-31 19:27:57'),(125,'Orellana','Echeverria','Gabriela','RocÇŸ¶ðo','2010-08-13','Casado/a','Cdla.Los Vergeles Mz 161 V illa #1','2233633','Cedula','1309772836','Masculino',0,320.00,NULL,'','2010-03-01','0000-00-00',NULL,'9:00:00','0:00:00','13:30:00','0:00:00','','','Cheque',34,'','','',0,0,0,0,1,5,1,NULL,0,'2022-09-29 23:28:34','2022-09-29 23:28:34'),(126,'Ramirez','Ibarra','Victor ','Fabricio','1979-09-15','Soltero/a','','22460209','Cedula','918397456','Masculino',0,270.00,0.00,'Ayud de Mecanica','2010-03-01','2010-01-01',NULL,'8:00:00','0:00:00','13:00:00','0:00:00','','','',34,'','','',0,0,0,0,1,2,4,NULL,0,'2022-09-29 23:28:37','2022-09-29 23:28:37'),(127,'Herrera','Galarza','German','Francisco','1972-12-22','Soltero/a','','0','Cedula','914622972','Masculino',0,270.00,0.00,'Ayud de Mecanica','2010-03-01','2010-03-12',NULL,'8:00:00','0:00:00','13:00:00','0:00:00','','','Cheque',34,'','','',0,0,0,0,1,2,4,NULL,0,'2022-09-29 23:28:41','2022-09-29 23:28:41'),(128,'Rivas','Ortega','Jimmy','Enrique','2010-01-01','Soltero/a','Flor de Bastion Bl. 15 D Sl.16','85923708','Cedula','922369608','Masculino',0,270.00,NULL,'Ayud de Mecanica','2010-03-01','2010-05-30',NULL,'8:00:00','0:00:00','13:00:00','0:00:00','','','Cheque',34,'','','',0,0,0,0,1,2,4,NULL,0,'2022-09-29 23:28:45','2022-09-29 23:28:45'),(129,'Velasquez','Ruiz','Juan','Gabriel','1985-07-02','Union Libre','Bastion Popular Bloq.5 Mz 887 Sl.14','80936043','Cedula','923878888','Masculino',0,270.00,NULL,'','2010-03-15','2010-04-15',NULL,'8:00:00','0:00:00','13:00:00','0:00:00','','','Cheque',34,'','','',0,0,0,0,1,2,4,NULL,0,'2022-09-29 23:28:48','2022-09-29 23:28:48'),(130,'Almeida','Hernandez','Ivan ','Luciano','1986-06-11','Soltero/a','Gomez Rendon 5119 y la 30 ava','2477595','Cedula','1802989242','Masculino',0,1016.00,250.00,'Mecánico Automotriz','2010-03-17','0000-00-00',NULL,'0:00:00','0:00:00','0:00:00','0:00:00','','','Banco',34,'Bolivariano','0021308693','Ahorro',1,0,0,0,0,10,1,'ivanalmeida@ecuavia.com',1,'2022-09-29 23:28:52','2022-10-31 16:49:00'),(131,'Salazar','Diaz','Francisco','Javier','1986-01-24','Soltero/a','Bastion Popular Bloq.3 Mz 842 Sl.1','2116045','Cedula','0928674100','Masculino',0,575.00,150.00,'Técnico','2010-04-12','0000-00-00',NULL,'8:00:00','0:00:00','13:00:00','0:00:00','','','Banco',34,'Bolivariano','1721006186','Ahorro',1,0,0,0,0,2,4,NULL,0,'2022-09-29 23:28:56','2022-10-12 19:15:49'),(132,'Cuellar','Banquera','Juan ','Carlos','1974-02-20','Casado/a','Guasmo Sur Coop.Union de Bananeros Blq.5 Mz.7 Sl.14','42485521','Cedula','915463285','Masculino',0,270.00,0.00,'Ayud de Mecanica','2010-04-22','2010-07-22',NULL,'8:00:00','0:00:00','13:00:00','0:00:00','','','Cheque',34,'','','',0,0,0,0,1,2,4,NULL,0,'2022-09-29 23:28:59','2022-09-29 23:28:59'),(133,'Zavala','Paredes','Jimmy','Jose','1988-08-30','Soltero/a','Samborondon tarifa Recinto ','0','Cedula','928756634','Masculino',0,270.00,NULL,'Ayud de Mecanica','2010-04-20','2010-05-06',NULL,'8:00:00','0:00:00','13:00:00','0:00:00','','','Cheque',34,'','','',0,0,0,0,1,2,4,NULL,0,'2022-09-29 23:29:03','2022-09-29 23:29:03'),(134,'Galvis','Gomez','Carlos ','Alberto','1976-07-04','Casado/a','Cdla. Sauces VIII Mz.507F Sl.18','0','Cedula','916235955','Masculino',0,270.00,NULL,'Ayud de Mecanica','2010-04-26','2010-06-02',NULL,'8:00:00','0:00:00','13:00:00','0:00:00','','','Cheque',34,'','','',0,0,0,0,1,2,4,NULL,0,'2022-09-29 23:29:07','2022-09-29 23:29:07'),(135,'Villacis','Contreras','Maria','Fernanda','1986-06-25','Soltero/a','UrbanizaciÇün La Saiba bloque C.-6 dept. 207','2337826','Cedula','912788528','Masculino',0,385.00,NULL,'Secretaria ','2010-05-01','2015-06-15',NULL,'9:00:00','0:00:00','13:30:00','0:00:00','','','Banco',34,'Bolivariano','21332331','Ahorro',1,0,0,0,1,5,1,NULL,0,'2022-09-29 23:29:10','2022-09-29 23:29:10'),(136,'Arreaga','Lopez','Danny','Jefferson','1986-06-13','Union Libre','Duran Cdla.El Recreo II Etapa Mz.236 V.29','42672932','Cedula','926019951','Masculino',0,270.00,NULL,'Ayud de Mecanica','2010-05-10','2010-06-16',NULL,'0:00:00','0:00:00','0:00:00','0:00:00','','','Cheque',34,'','','',0,0,0,0,1,2,4,NULL,0,'2022-09-29 23:29:14','2022-09-29 23:29:14'),(137,'Salas','Indacochea','Boris','Omar','1983-12-29','Union Libre','Las Orquideas Mz.1056 Villa # 22','2896749','Cedula','924801103','Masculino',0,270.00,NULL,'Ayud de Mecanica','2010-05-20','2010-05-31',NULL,'8:00:00','0:00:00','13:00:00','0:00:00','','','Cheque',34,'','','',0,0,0,0,1,2,4,NULL,0,'2022-09-29 23:29:18','2022-09-29 23:29:18'),(138,'Alay','Saltos','Oscar','Eduardo','2012-10-06','Casado/a','Urbasur Mz.3 Villa #5','0','Cedula','902282821','Masculino',0,323.00,NULL,'Ayudante de Limpieza','2010-05-01','2012-08-14',NULL,'0:00:00','0:00:00','0:00:00','0:00:00','','','Cheque',34,'','','',1,0,0,0,1,12,4,NULL,0,'2022-09-29 23:29:21','2022-09-29 23:29:21'),(139,'Antepara ','Vera','Andrea','Cristina','1978-07-18','Soltero/a','Alborada XI etapa Mz.08 V.07','42239462','Cedula','917967390','Masculino',0,450.00,0.00,'Asistente Contable','2010-07-01','0000-00-00',NULL,'8:30:00','0:00:00','13:00:00','0:00:00','','','Banco',34,'Bolivariano','961022098','Ahorro',1,0,0,0,1,6,4,NULL,0,'2022-09-29 23:29:25','2022-09-29 23:29:25'),(140,'Alvarez','Burgos','Benedicto','Aurelio','1975-07-05','Soltero/a','Guasmo Sur Coop.Union de Bananeros Blq.6 Mz.1 Sl.15','42503162','Cedula','916194145','Masculino',0,385.00,NULL,'Ayud de Mecanica','2011-02-01','2013-10-31',NULL,'8:00:00','0:00:00','13:00:00','0:00:00','','','Banco',34,'Bolivariano','961028754','Ahorro',1,0,0,0,1,2,4,NULL,0,'2022-09-29 23:29:29','2022-09-29 23:29:29'),(141,'Sanchez','Alcivar ','Carlos ','Jose','1987-07-09','Soltero/a','Cdla.Florida Norte Mz.347 Sl.18','80880056','Cedula','924287923','Masculino',0,330.00,NULL,'Ayud de Mecanica','2010-07-26','0000-00-00',NULL,'8:00:00','0:00:00','13:00:00','0:00:00','','','Tarjeta',34,'','','Ahorro',1,0,0,0,1,2,4,NULL,0,'2022-09-29 23:29:33','2022-09-29 23:29:33'),(142,'Dominguez','Valderrama','Silvio','Daniel','1978-09-21','Soltero/a','Milagros Clda.San Fco.Calle Panama y Mexico #200','84415596','Cedula','915090070','Masculino',0,330.00,NULL,'Ayud de Mecanica','2010-08-02','2010-12-06',NULL,'8:00:00','0:00:00','13:00:00','0:00:00','','','Cheque',34,'','','',0,0,0,0,1,2,4,NULL,0,'2022-09-29 23:29:36','2022-09-29 23:29:36'),(143,'Ramirez','Martillo','Alexi','Darwin','1987-04-11','Soltero/a','Guasmo Sur Union de Bananera Sl.5 Mz.6','42501720','Cedula','922992078','Masculino',0,330.00,0.00,'Ayud de Mecanica','2010-08-02','2012-04-11',NULL,'8:00:00','0:00:00','13:00:00','0:00:00','','','Banco',34,'Bolivariano','961028946','Ahorro',1,0,0,0,1,2,4,NULL,0,'2022-09-29 23:29:40','2022-09-29 23:29:40'),(144,'Pinargote','Pluas','Johnny','Francisco','1982-09-18','Soltero/a','Guasmo Sur Coop.Union de Bananeros Mz.3 Sl.3 Bl.6','42603838','Cedula','920968195','Masculino',0,330.00,NULL,'Ayud de Mecanica','2010-08-02','2011-06-23',NULL,'8:00:00','0:00:00','13:00:00','0:00:00','','','Banco',34,'Bolivariano','961030028','Ahorro',0,0,0,0,1,2,4,NULL,0,'2022-09-29 23:29:44','2022-09-29 23:29:44'),(145,'Quinto','Rosales','Galo','Cesar','1975-03-31','Casado/a','Calle 35 entre Oriente y Sedalana','42663105','Cedula','916029630','Masculino',1,400.00,NULL,'Asesor de Servicios','2010-09-01','2010-01-01',NULL,'8:00:00','0:00:00','13:00:00','0:00:00','','','Cheque',34,'','','',0,0,0,0,1,8,1,NULL,0,'2022-09-29 23:29:47','2022-09-29 23:29:47'),(146,'Lopez','Villena','Ronald ','David','1975-09-29','Soltero/a','Cdla. el Recreo Mz. 449 Villa 35','88629007','Cedula','917684987','Masculino',0,418.00,0.00,'Portero','2010-09-01','2021-01-31',NULL,'7:00:00','0:00:00','13:00:00','0:00:00','','','Banco',34,'Bolivariano','981052386','Ahorro',1,0,0,0,1,12,2,NULL,0,'2022-09-29 23:29:51','2022-09-29 23:29:51'),(147,'Rivera','Pozo','Patricia','Cecibel ','1988-10-03','Soltero/a','Cdla. el Recreo Duran 2da.etapa Mz.201 Villa 27','42673612','Cedula','925722555','Masculino',0,385.00,NULL,'Oficinista','2010-09-01','2013-12-31',NULL,'9:00:00','0:00:00','13:30:00','0:00:00','','','Banco',34,'Bolivariano','961028694','Ahorro',0,0,0,0,1,6,2,NULL,0,'2022-09-29 23:29:55','2022-09-29 23:29:55'),(148,'Arias','Hualpa','Pablo','Vicente','1988-06-26','Soltero/a','Sauces I Mz.F11 Villa # 15','83123711','Cedula','1205238973','Masculino',0,350.00,NULL,'Ayud de Mecanica','2010-10-01','2010-12-20',NULL,'8:00:00','0:00:00','13:00:00','0:00:00','','','Cheque',34,'','','',0,0,0,0,1,10,1,NULL,0,'2022-09-29 23:29:58','2022-09-29 23:29:58'),(149,'Coba','Bustamante','Henry','Fabian','1985-05-30','Union Libre','Sauces 6 Mz.336 V.16','86780999','Cedula','924031073','Masculino',0,400.00,NULL,'','2010-11-08','2012-02-29',NULL,'8:00:00','0:00:00','13:00:00','0:00:00','','','Banco',34,'Bolivariano','961028732','Ahorro',1,0,0,0,1,8,2,NULL,0,'2022-09-29 23:30:05','2022-09-29 23:30:05'),(150,'Parra','Velez','Paul','Harrys','1979-07-29','Soltero/a','Sauces 9 Mz.544 Villa 14','42238508','Cedula','915527527','Masculino',0,400.00,0.00,'','2010-11-01','2011-02-01',NULL,'8:00:00','0:00:00','13:00:00','0:00:00','','','Cheque',34,'','','',0,0,0,0,1,8,1,NULL,0,'2022-09-29 23:30:09','2022-09-29 23:30:09'),(151,'Chavarria','Estrada ','Daniel','David','1986-09-17','Soltero/a',' km 1.5 vÇða a Samborondon Edif.La Esmeraldas PB','2850188','Cedula','924028863','Masculino',0,1076.00,NULL,'Gerente','2010-12-01','0000-00-00',NULL,'9:00:00','0:00:00','13:00:00','0:00:00','','va a facturar','Banco',34,'Bolivariano','5243176','Corriente',1,0,0,0,1,5,4,NULL,0,'2022-09-29 23:30:12','2022-09-29 23:30:12'),(152,'Dutasaca','Salazar','Juan','Carlos','1989-01-25','Soltero/a','Calle entre la 29 y la 28','2846542','Cedula','925178238','Masculino',0,464.00,0.00,'Bodeguero','2011-01-03','2018-12-20',NULL,'8:00:00','0:00:00','13:00:00','0:00:00','','','Banco',34,'Bolivariano','2116234','Ahorro',0,0,0,0,1,7,4,NULL,0,'2022-09-29 23:30:16','2022-09-29 23:30:16'),(153,'Macias','Sanchez','Lesly','Alfonso','1985-11-27','Soltero/a','Paraiso de la Flor Bl.7 Mz.344 Sl.24','90070845','Cedula','925769192','Masculino',0,350.00,NULL,'Ayud de Mecanica','2011-01-01','2012-02-29',NULL,'8:00:00','0:00:00','13:00:00','0:00:00','','','Banco',34,'Bolivariano','21332881','Ahorro',1,0,0,0,1,2,2,NULL,0,'2022-09-29 23:30:20','2022-09-29 23:30:20'),(154,'Meza','Loor','Klever','Oswaldo','1982-12-08','Soltero/a','Calle 15 y la K','42229231','Cedula','922224449','Masculino',0,330.00,NULL,'Ayud de Mecanica','2011-06-06','2011-06-06',NULL,'8:00:00','0:00:00','13:00:00','0:00:00','','','Cheque',34,'','','',0,0,0,0,1,2,4,NULL,0,'2022-09-29 23:30:23','2022-09-29 23:30:23'),(155,'Peralta','Medranda','William ','Wladimir','1987-05-22','Soltero/a','Guasmo Sur Coop.Florida 1 Mz.11 Sl.6','42458850','Cedula','925750796','Masculino',0,330.00,NULL,'Ayud de Mecanica','2011-01-01','2011-04-30',NULL,'8:00:00','0:00:00','13:00:00','0:00:00','','','Cheque',34,'','','',0,0,0,0,1,2,4,NULL,0,'2022-09-29 23:30:27','2022-09-29 23:30:27'),(156,'Pinargote','Loor','Christian','Geovanny','1983-05-30','Casado/a','El Flortin Bl.1 Mz.11 Sl.11','94647704','Cedula','922596515','Masculino',0,350.00,0.00,'Ayud de Mecanica','2011-02-02','2011-04-30',NULL,'8:00:00','0:00:00','13:00:00','0:00:00','','','Cheque',34,'','','',0,0,0,0,1,2,4,NULL,0,'2022-09-29 23:30:31','2022-09-29 23:30:31'),(157,'Bohorquez','Suarez','Edith','Isabel','1980-03-04','Soltero/a','Km.8.5 Via a Daule','42121983','Cedula','920110236','Masculino',0,420.00,NULL,'Asesor de Servicios','2011-02-07','0000-00-00',NULL,'8:00:00','0:00:00','13:00:00','0:00:00','','','Banco',34,'Bolivariano','2140108','Ahorro',1,0,0,0,1,2,4,NULL,0,'2022-09-29 23:30:34','2022-09-29 23:30:34'),(158,'Pinargote ','Pincay','Noemi','Alexandra','1992-04-16','Soltero/a','Km.12.5 via a Daule Bastion Popular Bl.4 Mz.800 Sl.2','969670189','Cedula','929255289','Masculino',0,350.00,NULL,'Asistente Contable','2011-08-01','2014-12-31',NULL,'9:00:00','0:00:00','13:30:00','0:00:00','','recorte de personal','Banco',34,'Bolivariano','921109612','Ahorro',0,0,0,0,1,6,2,NULL,0,'2022-09-29 23:30:38','2022-09-29 23:30:38'),(159,'Chichande','Bone','Andres','Guillermo','1990-06-05','Soltero/a','Guasmo Sur Coop.Pablo Neruda Mz.A-1 Sl.2','90186169','Cedula','929464147','Masculino',0,330.00,0.00,'Ayud de Mecanica','2011-03-01','2011-05-31',NULL,'8:00:00','0:00:00','13:00:00','0:00:00','','','Cheque',34,'','','',0,0,0,0,1,2,4,NULL,0,'2022-09-29 23:30:42','2022-09-29 23:30:42'),(160,'Ramirez ','Martillo','Carlos','Andres','1991-10-08','Soltero/a','Guasmo Sur Union de Bananera Sl.5 Mz.6','42501720','Cedula','922992060','Masculino',0,330.00,0.00,'Ayud de Mecanica','2011-03-01','2011-05-31',NULL,'8:00:00','0:00:00','13:00:00','0:00:00','','','Cheque',34,'','','',0,0,0,0,1,2,4,NULL,0,'2022-09-29 23:30:46','2022-09-29 23:30:46'),(161,'Ojeda','Pimentel','Jose','Guillermo','1968-11-19','Soltero/a','Cdla. Urdesa Norte calle 1ra. 102 y Avda 4ta.','2381249','Cedula','911242154','Masculino',0,440.00,NULL,'Gerente de postventa','2011-03-01','2015-09-30',NULL,'8:30:00','0:00:00','13:00:00','0:00:00','','','Banco',34,'Bolivariano','1377155','Ahorro',0,0,0,0,1,6,2,NULL,0,'2022-09-29 23:30:49','2022-09-29 23:30:49'),(162,'Vera','Bohoquez','Jorge','Aurelio','1980-07-17','Soltero/a','Guasmo Sur Coop.Union de Bananeros Bl.6 Mz.18 Sl.27','42506318','Cedula','920534732','Masculino',0,330.00,NULL,'','2011-03-01','2011-04-30',NULL,'0:00:00','0:00:00','0:00:00','0:00:00','','','Cheque',34,'','','',0,0,0,0,1,2,4,NULL,0,'2022-09-29 23:30:53','2022-09-29 23:30:53'),(163,'Naranjo','MuÇñoz','Kyara','Iveth','1990-07-15','Soltero/a','Cdla Sauces 4 Bl.6 Dpto.402','85898251','Cedula','918460940','Masculino',0,293.00,0.00,'Asistente Contable','2011-05-01','2012-04-30',NULL,'9:00:00','0:00:00','13:30:00','0:00:00','','','Banco',34,'Bolivariano','921090554','Ahorro',0,0,0,0,1,6,2,NULL,0,'2022-09-29 23:30:57','2022-09-29 23:30:57'),(164,'Cabrera','Arce','Omar','Fabricio','1973-07-22','Soltero/a','Alborada 10ava Etapa Mz 501 Villa 13','42234427','Cedula','915776108','Masculino',0,350.00,NULL,'Asistente de Chapa y pintura ','2011-05-01','2011-09-30',NULL,'8:00:00','0:00:00','13:00:00','0:00:00','','','Cheque',34,'','','',0,0,0,0,1,8,2,NULL,0,'2022-09-29 23:31:00','2022-09-29 23:31:00'),(165,'Ramirez','Magallan','Stalin','Dario','1981-10-30','Soltero/a','Coop.Luz del Guayas Mz.32 Sl.2','42423016','Cedula','922126693','Masculino',0,385.00,0.00,'Ayudante de taller','2011-06-01','0000-00-00',NULL,'8:00:00','0:00:00','13:00:00','0:00:00','','','Banco',34,'Bolivariano','961038546','Ahorro',1,0,0,0,1,2,4,NULL,0,'2022-09-29 23:31:04','2022-09-29 23:31:04'),(166,'Ponguillo','Lozano','Juan','Carlos','1989-07-05','Soltero/a','Guerrero Valenzuela 1506 y Camilo Destruge','42362602','Cedula','923236756','Masculino',0,330.00,NULL,'Ayudante de taller','2011-06-01','2011-08-31',NULL,'8:00:00','0:00:00','13:00:00','0:00:00','','','Cheque',34,'','','',0,0,0,0,1,2,4,NULL,0,'2022-09-29 23:31:08','2022-09-29 23:31:08'),(167,'Garcia','Valverde','Jefferson ','Felipe','1991-02-25','Soltero/a','Duran el recreo 5ta etapa','83307596','Cedula','927531491','Masculino',0,330.00,0.00,'Ayudante de taller','2011-06-01','2011-08-31',NULL,'8:00:00','0:00:00','13:00:00','0:00:00','','','Cheque',34,'','','',0,0,0,0,1,2,4,NULL,0,'2022-09-29 23:31:11','2022-09-29 23:31:11'),(168,'Bazurto','ProaÇño','Pedro ','Leonardo','1988-02-21','Soltero/a','Cdla la Floresta 2 Mz.11 Sl.42','42439577','Cedula','927031302','Masculino',0,330.00,NULL,'Ayudante de taller','2011-06-01','2011-08-31',NULL,'8:00:00','0:00:00','13:00:00','0:00:00','','','Cheque',34,'','','',0,0,0,0,1,2,4,NULL,0,'2022-09-29 23:31:15','2022-09-29 23:31:15'),(169,'Lucas','Ponce','Darwin','Javier','1987-02-28','Soltero/a','Janeth Toral Mz. 4813 sl.16','0990222280','Cedula','0925618746','Masculino',0,530.00,175.00,'Enderezador','2011-06-01','0000-00-00',NULL,'8:00:00','0:00:00','13:00:00','0:00:00','','','Banco',34,'Bolivariano','0021369459','Ahorro',1,0,0,0,0,2,2,NULL,0,'2022-09-29 23:31:19','2022-10-12 19:40:10'),(170,'Bone','Gaspar','Dennys','Eduardo','1977-10-28','Union Libre','Guasmo Sur Florida 2','42500350','Cedula','917741704','Masculino',0,500.00,NULL,'Ayudante Enderezada','2011-07-01','2011-10-31',NULL,'8:00:00','0:00:00','13:00:00','0:00:00','','','Cheque',34,'','','',0,0,0,0,1,2,2,NULL,0,'2022-09-29 23:31:22','2022-09-29 23:31:22'),(171,'Velasquez','Calderon','Ramon','Auxiliador','1968-09-18','Casado/a','La 22 entre la J y la K','42848149','Cedula','1305292383','Masculino',0,400.00,0.00,'Mecanico','2011-07-01','2011-11-30',NULL,'8:00:00','0:00:00','13:00:00','0:00:00','','','Banco',34,'Bolivariano','961038552','Ahorro',1,0,0,0,1,2,4,NULL,0,'2022-09-29 23:31:26','2022-09-29 23:31:26'),(172,'Zumba','Vasquez','Juan','Gerardo','1985-07-23','Soltero/a','Guasmo Sur Coop.Derecho de los Pobres Mz.21 Sl.15','42483799','Cedula','921197638','Masculino',0,350.00,NULL,'','2011-08-01','2012-04-13',NULL,'8:00:00','0:00:00','13:00:00','0:00:00','','','Banco',34,'Bolivariano','961038530','Ahorro',0,0,0,0,1,2,4,NULL,0,'2022-09-29 23:31:30','2022-09-29 23:31:30'),(173,'Ledesma','Loza','Angel','Tyrone','1988-08-02','Soltero/a','Colinas de la Alborada Mz.715 Villa #1','42643236','Cedula','925415853','Masculino',0,385.00,NULL,'','2011-08-01','2012-08-06',NULL,'8:00:00','0:00:00','13:00:00','0:00:00','','','Banco',34,'Bolivariano','921106188','Ahorro',0,0,0,0,1,2,4,NULL,0,'2022-09-29 23:31:33','2022-09-29 23:31:33'),(174,'Machare','Maldonado','Gabriel','Isaac','1987-06-19','Soltero/a','Sedalana 2103 y Tungurahua','42449591','Cedula','926525247','Masculino',0,330.00,NULL,'','2011-08-01','2012-01-01',NULL,'8:00:00','0:00:00','13:00:00','0:00:00','','','Banco',34,'Bolivariano','961038524','Ahorro',0,0,0,0,1,2,4,NULL,0,'2022-09-29 23:31:37','2022-09-29 23:31:37'),(175,'Malla','Valencia','Jose','Luis','1981-03-17','Soltero/a','Coop.Bastion Popular Bl.8 Mz.1066 Sl.2','80279540','Cedula','922605696','Masculino',0,330.00,NULL,'Ayudante de taller','2011-08-01','2011-12-09',NULL,'8:00:00','0:00:00','13:00:00','0:00:00','','','Banco',34,'Bolivariano','961038518','Ahorro',0,0,0,0,1,2,4,NULL,0,'2022-09-29 23:31:41','2022-09-29 23:31:41'),(176,'Quisnia','Macas','Walter','Humberto','1990-12-01','Soltero/a','Bastion Popular Bl.2 Mz.750 Sl.08','42116638','Cedula','929676401','Masculino',0,330.00,NULL,'','2011-08-01','2012-05-16',NULL,'8:00:00','0:00:00','13:00:00','0:00:00','','','Banco',34,'Bolivariano','961038568','Ahorro',0,0,0,0,1,2,4,NULL,0,'2022-09-29 23:31:45','2022-09-29 23:31:45'),(177,'Miranda','Yance','Tathiana','Alexandra','1982-12-12','Soltero/a','Duran Cdla Unid Nac.NM','42862984','Cedula','924103443','Masculino',0,460.00,0.00,'Facturadora','2011-08-01','2014-01-31',NULL,'8:30:00','0:00:00','13:00:00','0:00:00','','','Banco',34,'Bolivariano','851179223','Ahorro',1,0,0,0,1,6,2,NULL,0,'2022-09-29 23:31:48','2022-09-29 23:31:48'),(178,'Bobadilla','Valdez','Julio','Gustavo','1985-08-31','Union Libre','Isla Trinitaria Coop.Costa de Marfil Mz.LL Sl.17','963115917','Cedula','925385510','Masculino',0,380.00,NULL,'Ayudante de taller','2011-08-01','0000-00-00',NULL,'8:00:00','0:00:00','13:00:00','0:00:00','','','Banco',34,'Bolivariano','1721000690','Ahorro',0,0,0,0,1,10,1,NULL,0,'2022-09-29 23:31:52','2022-09-29 23:31:52'),(179,'Chavarria','Estrada','Daniel','David','1986-09-17','Soltero/a',' km 1.5 vía a Samborondon Edif.La Esmeraldas PB','2850188','Cedula','0924028863','Masculino',0,828.00,0.00,'Asesor de Mercadeo','2011-09-01','0000-00-00',NULL,'9:00:00','0:00:00','13:30:00','0:00:00','','','Banco',34,'Bolivariano','0005243176','Corriente',1,0,0,0,0,5,1,NULL,0,'2022-09-29 23:31:55','2022-10-12 18:44:57'),(180,'Zavala','Pacheco','Joffre','Jacinto','1979-08-15','Union Libre','Guasmo Sur Coop.Seg.Ramos Mz.3434 Sl.11','2457258','Cedula','919979989','Masculino',0,300.00,NULL,'Controlador de tiempo','2011-09-01','2012-04-30',NULL,'8:00:00','0:00:00','13:00:00','0:00:00','','','Banco',34,'Bolivariano','1990157','Ahorro',0,0,0,0,1,8,2,NULL,0,'2022-09-29 23:31:59','2022-09-29 23:31:59'),(181,'Bohorquez ','Barahona','Carlos','Alfredo','2011-10-01','Union Libre','Bastion Popular Bl.4 Mz.707 Sl.26','42116154','Cedula','926954751','Masculino',0,330.00,NULL,'','2011-10-01','2011-12-09',NULL,'0:00:00','0:00:00','0:00:00','0:00:00','','','Cheque',34,'','','',0,0,0,0,1,2,4,NULL,0,'2022-09-29 23:32:03','2022-09-29 23:32:03'),(182,'Macias','Sanchez','Javier','','1993-01-05','Soltero/a','Paraiso de la Flor Bl.6 Mz 326 Sl.06','88257167','Cedula','951943109','Masculino',0,293.00,NULL,'Ayudante de limpieza','2011-11-01','2012-02-29',NULL,'8:00:00','0:00:00','13:00:00','0:00:00','','','Cheque',34,'','','Ahorro',0,0,0,0,1,5,2,NULL,0,'2022-09-29 23:32:07','2022-09-29 23:32:07'),(183,'Rivera','Mojica','Willian','Fernando','1981-06-27','Casado/a','Canton Lomas de Sargentillo Barrio Guayaquil','0','Cedula','921752507','Masculino',0,400.00,NULL,'Ayudante de mecanica en general','2011-11-15','2012-08-01',NULL,'8:30:00','0:00:00','13:00:00','0:00:00','','','Banco',34,'Bolivariano','1721003152','Ahorro',0,0,0,0,1,2,2,NULL,0,'2022-09-29 23:32:10','2022-09-29 23:32:10'),(184,'Reyes','Aleman','Juan','Dario','1980-12-16','Soltero/a','Calle 22 y Maldonado','91085776','Cedula','920960119','Masculino',0,345.00,NULL,'Lavador de carros','2011-11-01','2014-05-31',NULL,'8:00:00','0:00:00','13:00:00','0:00:00','','','Banco',34,'Bolivariano','2289676','Ahorro',1,0,0,0,1,9,2,NULL,0,'2022-09-29 23:32:14','2022-09-29 23:32:14'),(185,'Aviles','Lopez','Manuel','Isaac','1987-06-05','Union Libre','Duran Cdla Las Peregrinas Mz.A Villa 25','42813209','Cedula','925358145','Masculino',0,330.00,NULL,'Ayudante de taller','2011-11-01','2012-05-31',NULL,'8:00:00','0:00:00','13:00:00','0:00:00','','','Cheque',34,'','','',0,0,0,0,1,2,4,NULL,0,'2022-09-29 23:32:17','2022-09-29 23:32:17'),(186,'Hernandez','Zambrano','Washington','Rafael','1968-08-17','Union Libre','Av. Casvarina Mz. 1172 sl. 5','2262454','Cedula','0909752719','Masculino',0,656.00,235.00,'Enderezador','2011-11-01','0000-00-00',NULL,'8:00:00','0:00:00','13:00:00','0:00:00','','','Banco',34,'Bolivariano','0051591729','Ahorro',1,0,0,0,0,2,2,NULL,0,'2022-09-29 23:32:21','2022-10-12 20:17:23'),(187,'Lange','Macias','Maria','Gabriela','1979-08-03','Soltero/a','Costanera y Avda Primera #1226 ','45118045','Cedula','1309578647','Masculino',0,350.00,NULL,'Secretaria Recepcionista','2011-12-01','2012-05-31',NULL,'8:30:00','0:00:00','13:00:00','0:00:00','','','Banco',34,'Bolivariano','921133322','Ahorro',0,0,0,0,1,8,2,NULL,0,'2022-09-29 23:32:25','2022-09-29 23:32:25'),(188,'Gonzalez ','Chavez','Maria','Belen','1986-03-06','Soltero/a','Cdla Martha de Roldos Mz.717 Villa #8','42650192','Cedula','921675435','Masculino',0,400.00,NULL,'Secretaria Gerencia','2011-12-01','2012-02-29',NULL,'9:00:00','0:00:00','13:30:00','0:00:00','','','Cheque',34,'','','',0,0,0,0,1,5,2,NULL,0,'2022-09-29 23:32:28','2022-09-29 23:32:28'),(189,'Chichande','Bone','Andres','Guillermo','1990-06-05','Union Libre','Guasmo Sur Coop.Pablo Neruda Mz.A-1 Sl.2','88797047','Cedula','929464147','Masculino',0,406.00,0.00,'Técnico','2011-11-01','2016-12-02',NULL,'8:00:00','0:00:00','13:00:00','0:00:00','','','Banco',34,'Bolivariano','1721003652','Ahorro',0,0,0,0,1,2,4,NULL,0,'2022-09-29 23:32:32','2022-09-29 23:32:32'),(190,'Bazan','Lucero','Cesar','Augusto','1996-01-17','Soltero/a','Guasmo Sur Coop.Segundo Ramos Mz.7 Sl.12','88210259','Cedula','922825815','Masculino',0,363.00,NULL,'Ayudante de taller','2011-11-07','2012-11-07',NULL,'8:00:00','0:00:00','13:00:00','0:00:00','','','Banco',34,'Bolivariano','941186322','Ahorro',0,0,0,0,1,2,4,NULL,0,'2022-09-29 23:32:36','2022-09-29 23:32:36'),(191,'Cruz','Guzman','Adrian ','Jair','1985-06-15','Soltero/a','La 6ta # 2850 y la 4 de Noviembre','42603594','Cedula','918272246','Masculino',0,364.00,0.00,'Ayudante de taller','2011-11-07','2013-05-31',NULL,'8:00:00','0:00:00','13:00:00','0:00:00','','','Banco',34,'Bolivariano','1721003542','Ahorro',1,0,0,0,1,2,4,NULL,0,'2022-09-29 23:32:40','2022-09-29 23:32:40'),(192,'Gonzalez','Canales','Washington','Vicente','1973-07-13','Casado/a','Calle 13 E Cristobal Colon y Chambers','0','Cedula','914979851','Masculino',0,345.00,NULL,'','2011-12-01','2013-08-22',NULL,'0:00:00','0:00:00','0:00:00','0:00:00','','','Banco',34,'Bolivariano','2291428','Ahorro',1,0,0,0,1,12,2,NULL,0,'2022-09-29 23:32:43','2022-09-29 23:32:43'),(193,'Reyes','Duarte','Guillermo','Daniel','1978-12-16','Union Libre','LA 27AVA 703 Y MALDONADO','42617432','Cedula','919096396','Masculino',0,385.00,NULL,'Ayudante de taller','2012-01-01','2013-01-14',NULL,'8:00:00','0:00:00','13:00:00','0:00:00','','','Banco',34,'Bolivariano','1721003316','Ahorro',1,0,0,0,1,2,4,NULL,0,'2022-09-29 23:32:47','2022-09-29 23:32:47'),(194,'Campuzano','Vera','Oscar ','Adrian','1988-08-02','Soltero/a','Guasmo Sur Coop.Segundo Ramos Mz.10 Sl.3','99456754','Cedula','927908756','Masculino',0,330.00,NULL,'','2012-01-01','2012-01-31',NULL,'8:00:00','0:00:00','13:00:00','0:00:00','','','Cheque',34,'','','',0,0,0,0,1,2,4,NULL,0,'2022-09-29 23:32:50','2022-09-29 23:32:50'),(195,'Vera','Cruz','Erwin','Johan','1987-11-23','Soltero/a','Bastion Popular Bl.7 Mz.1042 Sl.4','91034534','Cedula','922349451','Masculino',0,300.00,NULL,'Ayudante de taller','2012-01-10','2012-03-31',NULL,'8:00:00','0:00:00','13:00:00','0:00:00','','','Banco',34,'Bolivariano','1721003432','Ahorro',0,0,0,0,1,2,4,NULL,0,'2022-09-29 23:32:54','2022-09-29 23:32:54'),(196,'Alvarez','Cevallos','Ismael','Alejandro','1988-11-23','Soltero/a','Alborada 4ta Etapa Mz.EO Villa 3','42238452','Cedula','924715220','Masculino',0,350.00,NULL,'Asistente Adminis','2012-02-01','2012-04-30',NULL,'8:30:00','0:00:00','13:00:00','0:00:00','','','Cheque',34,'Bolivariano','951113552','Ahorro',0,0,0,0,1,8,2,NULL,0,'2022-09-29 23:32:58','2022-09-29 23:32:58'),(197,'Zapatier','Reyes','Raul','Arturo','1987-03-22','Soltero/a','La 22 ava entre Maldonado y Calicuchima','42464003','Cedula','926007790','Masculino',0,300.00,0.00,'Ayudante de taller','2012-02-01','0000-00-00',NULL,'8:00:00','0:00:00','13:00:00','0:00:00','','','Cheque',34,'','','',0,0,0,0,1,2,4,NULL,0,'2022-09-29 23:33:02','2022-09-29 23:33:02'),(198,'Reyes ','Aleman','Darwin','Rolando','1978-07-08','Soltero/a','La 22ava 731 y Maldonado','94590524','Cedula','919645051','Masculino',0,364.00,NULL,'','2012-02-03','2015-05-08',NULL,'8:00:00','0:00:00','13:00:00','0:00:00','','','Banco',34,'Bolivariano','2289660','Ahorro',1,0,0,0,1,2,4,NULL,0,'2022-09-29 23:33:05','2022-09-29 23:33:05'),(199,'Csizmadia','Malave','Istvan','','1978-06-24','Soltero/a','Km. 5 1/2 via a Daule avda 4ta','98324291','Cedula','916241250','Masculino',0,300.00,NULL,'Ayudante de taller','2012-02-02','2012-01-01',NULL,'0:00:00','0:00:00','0:00:00','0:00:00','','','Banco',34,'Bolivariano','1721003448','Ahorro',0,0,0,0,1,2,4,NULL,0,'2022-09-29 23:33:09','2022-09-29 23:33:09'),(200,'Lucin','Fuente','Washington','Leonardo','1988-08-24','Soltero/a','Guasmo Sur Coop.Causa Proletarios','42458540','Cedula','928612712','Masculino',0,363.00,NULL,'','2012-02-01','2014-04-25',NULL,'0:00:00','0:00:00','0:00:00','0:00:00','','renuncia - muchas faltas','Banco',34,'Bolivariano','941186042','Ahorro',1,0,0,0,1,2,4,NULL,0,'2022-09-29 23:33:13','2022-09-29 23:33:13'),(201,'Lomas','Nieto','Jorge','Vinicio','1963-07-17','Casado/a','Cordillera del Condor MZ 511 SL 1','85404048','Cedula','1001833852','Masculino',0,500.00,NULL,'','2012-02-06','2013-01-17',NULL,'8:00:00','0:00:00','13:00:00','0:00:00','','','Cheque',34,'','','',0,0,0,0,1,2,4,NULL,0,'2022-09-29 23:33:16','2022-09-29 23:33:16'),(202,'Coba','Bustamante','Henry','Fabian','1985-05-30','Union Libre','Sauces 6 Mz.336 V.16','86780999','Cedula','924031073','Masculino',0,400.00,NULL,'Asesor de Servicios','2012-03-01','2012-05-31',NULL,'8:00:00','0:00:00','13:00:00','0:00:00','','','Banco',34,'Bolivariano','961028732','Ahorro',0,0,0,0,1,8,1,NULL,0,'2022-09-29 23:33:20','2022-09-29 23:33:20'),(203,'Macias','Sanchez','Lesly','Alfonso','1985-11-27','Union Libre','Coop. Nueva generaciÇün Mz. k V. 8','0986791901','Cedula','0925769192','Masculino',2,728.00,290.00,'Mecánico Automotriz','2012-03-01','0000-00-00',NULL,'8:00:00','0:00:00','13:00:00','0:00:00','','','Banco',34,'Bolivariano','0021332881','Ahorro',1,0,0,1,0,10,1,'leslyamacias@gmail.com',1,'2022-09-29 23:33:23','2022-10-31 16:52:05'),(204,'Bravo','Chila','Richard','Felix','1975-06-07','Union Libre','Guasmo Sur Coop. Julio Potes Jimenez Mz7 Sl7','991161093','Cedula','916139231','Masculino',0,363.00,NULL,'Ayudante de taller','2012-03-01','2013-02-28',NULL,'8:00:00','0:00:00','13:00:00','0:00:00','','','Banco',34,'Bolivariano','1721003454','Ahorro',0,0,0,0,1,2,4,NULL,0,'2022-09-29 23:33:27','2022-09-29 23:33:27'),(205,'Castillo','Rosero','Cesar','Antonio','1989-12-07','Soltero/a','Guasmo Sur Coop, Jose Maria Velasco Ibarra MZ 17 SL21','99447786','Cedula','930650783','Masculino',0,300.00,NULL,'Ayudante de taller','2012-03-01','2012-03-31',NULL,'8:00:00','0:00:00','13:00:00','0:00:00','','','Cheque',34,'','','',0,0,0,0,1,2,4,NULL,0,'2022-09-29 23:33:31','2022-09-29 23:33:31'),(206,'Echanique','Isaias','Ruggero','Emilio','1977-10-10','Casado/a','Mangleo km.35 vía Samborondon','2288816','Cedula','0908883705','Masculino',0,2451.00,1200.00,'Presidente','2002-03-01','0000-00-00',NULL,'9:00:00','0:00:00','13:30:00','0:00:00','','desde 2012 en rol','Banco',34,'Guayaquil','5064457','Corriente',1,0,0,0,0,5,4,'ruggeroechanique@armorcar.com',1,'2022-09-29 23:33:34','2022-10-31 17:22:56'),(207,'Bohorquez','Suarez','Edith','Isabel','1980-03-04','Soltero/a','Km.8.5 Via a Daule','42121983','Cedula','920110236','Masculino',1,620.00,NULL,'Asesor de Servicios','2012-04-01','2015-01-05',NULL,'8:00:00','0:00:00','13:00:00','0:00:00','','','Banco',34,'Bolivariano','951121296','Ahorro',0,0,0,0,1,8,1,NULL,0,'2022-09-29 23:33:38','2022-09-29 23:33:38'),(208,'Navarrete','Chica','Maria ','Daniela','1984-02-28','Soltero/a','Coop. La esperanza Mz. 233 V. 26B','2939105','Cedula','918658766','Masculino',0,420.00,NULL,'Asistente Contable','2012-05-02','2016-04-30',NULL,'9:00:00','0:00:00','13:30:00','0:00:00','','renuncia voluntaria','Banco',34,'Bolivariano','21422977','Ahorro',0,0,0,0,1,6,2,NULL,0,'2022-09-29 23:33:42','2022-09-29 23:33:42'),(209,'Villao ','Campos ','Henry','Reinaldo ','1979-05-13','Casado/a','Coop. 28 de Agosto Mz 56 Sl 17','0989107162','Cedula','0918375924','Masculino',0,679.00,200.00,'Tapizador','2012-05-01','0000-00-00',NULL,'8:00:00','0:00:00','13:00:00','0:00:00','','','Banco',34,'Bolivariano','1721006076','Ahorro',1,0,0,0,0,2,4,'villaosport@gmail.com',1,'2022-09-29 23:33:45','2022-11-02 16:28:34'),(210,'Rubio ','Suarez','Victor ','Alexander ','1980-11-23','Soltero/a','Urb Napoli manzana 21 villa 6','2682096','Cedula','0960936094','Masculino',1,1188.00,920.00,'Jefe de producciÇün','2012-08-01','0000-00-00',NULL,'0:00:00','0:00:00','0:00:00','0:00:00','','','Banco',34,'Bolivariano','1721005398','Ahorro',1,0,0,0,0,2,4,'victorrubio@armorcar.com',1,'2022-09-29 23:33:49','2022-10-31 17:23:35'),(211,'Morales ','Contreras','Diego','Dario','1987-10-08','Union Libre','','993845239','Cedula','922272646','Masculino',0,320.00,0.00,'Servicios varios','2012-06-01','2013-06-06',NULL,'0:00:00','0:00:00','0:00:00','0:00:00','','','Banco',34,'Bolivariano','1721006010','Ahorro',0,0,0,0,1,12,2,NULL,0,'2022-09-29 23:33:53','2022-09-29 23:33:53'),(212,'Ochoa','Cevallos','Cinthia','Lilibeth','1990-01-29','Soltero/a','Km.7 via a Daule Coop.Lara Mz.T9 Villa #7','4251704','Cedula','926202706','Masculino',1,420.00,NULL,'Cajera Recepcionista','2012-06-04','2012-08-31',NULL,'0:00:00','0:00:00','0:00:00','0:00:00','','','Cheque',34,'','','',0,0,0,0,1,8,1,NULL,0,'2022-09-29 23:33:56','2022-09-29 23:33:56'),(213,'Alarcon','Centeno','Freddy','Alfonso','1987-07-17','Soltero/a','Ciudadela Guayacanes Mz.100-A villa #21','42822978','Cedula','919849026','Masculino',0,420.00,NULL,'Controlador de tiempo','2012-06-11','2012-10-11',NULL,'8:00:00','0:00:00','13:00:00','0:00:00','','','Banco',34,'Bolivariano','1721006054','Ahorro',0,0,0,0,1,8,1,NULL,0,'2022-09-29 23:34:00','2022-09-29 23:34:00'),(214,'Villegas','Valencia','Juan ','Jose','1985-06-10','Union Libre','Cdla. Montebello Mz. B4 V. 7','2017578','Cedula','0921722229','Masculino',2,668.00,220.00,'Asesor Postventa','2012-06-13','0000-00-00',NULL,'8:00:00','0:00:00','13:00:00','0:00:00','','','Banco',34,'Bolivariano','0841053465','Ahorro',1,0,0,0,0,18,1,'juanvillegas@ecuavia.com',1,'2022-09-29 23:34:04','2022-10-31 16:48:03'),(215,'','','','','1977-11-18','Casado/a','Cdla.Porton Beata Bl.6 Villa 01','0','Cedula','','Masculino',0,0.00,NULL,'','2012-06-13','2012-01-01',NULL,'8:00:00','0:00:00','13:00:00','0:00:00','','','',34,'','','',0,0,0,0,1,8,1,NULL,0,'2022-09-30 09:27:09','2022-09-30 09:27:09'),(216,'Torres','Veliz','Ricky','Luis','1993-04-14','Soltero/a','Samanes 7 ','994393020','Cedula','923120190','Masculino',0,700.00,NULL,'Colorista','2012-08-06','2018-11-16',NULL,'8:00:00','0:00:00','13:00:00','0:00:00','','','Banco',34,'Bolivariano','1721011708','Ahorro',1,0,0,0,1,2,2,NULL,0,'2022-09-29 23:34:11','2022-09-29 23:34:11'),(217,'Criollo','Escobar','Jorge','Arnaldo','1991-07-01','Soltero/a','Calicuchina 4728B y calle 24 ava','981003909','Cedula','929536993','Masculino',0,355.00,NULL,'','2012-08-20','2014-01-31',NULL,'8:00:00','0:00:00','13:00:00','0:00:00','','','Banco',34,'Bolivariano','1721012326','Ahorro',1,0,0,0,1,2,2,NULL,0,'2022-09-29 23:34:15','2022-09-29 23:34:15'),(218,'Suarez','Masache','Manuel','Alfredo','1992-08-31','Soltero/a','Callejon 19 y callejon K','2056638','Cedula','928436609','Masculino',0,406.00,NULL,'Técnico','2012-09-18','0000-00-00',NULL,'8:00:00','0:00:00','13:00:00','0:00:00','','','Banco',34,'Bolivariano','1721011934','Ahorro',0,0,0,0,1,2,4,NULL,0,'2022-09-29 23:34:18','2022-09-29 23:34:18'),(219,'Solis','Garcia ','John','Alex ','1979-09-08','Soltero/a','Colombia y leonidas plaza','42757157','Cedula','918387077','Masculino',0,355.00,0.00,'','2012-08-20','0000-00-00',NULL,'8:00:00','0:00:00','13:00:00','0:00:00','','','Cheque',34,'Bolivariano','1721012804','Ahorro',1,0,0,0,1,2,4,NULL,0,'2022-09-29 23:34:22','2022-09-29 23:34:22'),(220,'Alava','Vargas','Stalin','Roosvrlt','1970-09-06','Soltero/a','Sauces 9 Mz 516 v10','42573011','Cedula','913005815','Masculino',0,330.00,NULL,'','2012-08-17','2013-06-14',NULL,'0:00:00','0:00:00','0:00:00','0:00:00','','','Banco',34,'Bolivariano','1721011912','Ahorro',0,0,0,0,1,2,4,NULL,0,'2022-09-29 23:34:26','2022-09-29 23:34:26'),(221,'Moncayo ','Astudillo ','Nandy ','Jacqueline','1987-05-09','Soltero/a','Guayacanes Mz.37 V.8','5113028','Cedula','924141518','Masculino',0,420.00,NULL,'Cajera Recepcionista','2012-09-10','2012-10-19',NULL,'0:00:00','0:00:00','0:00:00','0:00:00','','','Cheque',34,'','','',0,0,0,0,1,8,1,NULL,0,'2022-09-29 23:34:29','2022-09-29 23:34:29'),(222,'Andrade ','Zabala','Fabrizzio','Esteban ','1988-09-15','Soltero/a','','0','Cedula','1600333965','Masculino',0,350.00,NULL,'Asesor de Servicios','2012-09-10','2013-08-21',NULL,'0:00:00','0:00:00','0:00:00','0:00:00','','','Banco',34,'Bolivariano','1721011736','Ahorro',0,0,0,0,1,8,1,NULL,0,'2022-09-29 23:34:33','2022-09-29 23:34:33'),(223,'Brito ','Garcia','Milton','Patricio ','1969-06-27','Soltero/a','3er callejon 13 y 4 de Noviembre','0','Cedula','911319168','Masculino',0,350.00,NULL,'Servicios varios','2012-09-07','2013-06-14',NULL,'8:00:00','0:00:00','13:00:00','0:00:00','','','Banco',34,'Bolivariano','1721011928','Ahorro',0,0,0,0,1,2,4,NULL,0,'2022-09-29 23:34:37','2022-09-29 23:34:37'),(224,'Rivera ','Rodriguez ','Rodolfo','Evaristo','1979-10-26','Soltero/a','Bastion Popular Bloque 3 Mz. 840 S.5','986791728','Cedula','920604642','Masculino',0,489.00,0.00,'Técnico','2012-09-10','2020-09-21',NULL,'8:00:00','0:00:00','13:00:00','0:00:00','','','Banco',34,'Bolivariano','1721011906','Ahorro',1,0,0,0,1,2,4,NULL,0,'2022-09-29 23:34:40','2022-09-29 23:34:40'),(225,'Sanchez ','Ibarra','Luis','Enrique','1994-02-14','Soltero/a','Coop. Francisco Jacome','982094617','Cedula','931742241','Masculino',0,406.00,0.00,'Técnico','2012-09-01','0000-00-00',NULL,'8:00:00','0:00:00','13:00:00','0:00:00','','','Banco',34,'Bolivariano','1721011896','Ahorro',1,0,0,0,1,2,4,NULL,0,'2022-09-29 23:34:44','2022-09-29 23:34:44'),(226,'Torres','Flores','Sara ','Isabel','1982-05-15','Soltero/a','Guayacanes Mz. 100 A Villa 2','0','Cedula','1311228116','Masculino',0,550.00,NULL,'Asistente Nomina','2012-10-01','2012-12-31',NULL,'9:00:00','0:00:00','13:30:00','0:00:00','','','Cheque',34,'','','',0,0,0,0,1,6,1,NULL,0,'2022-09-29 23:34:48','2022-09-29 23:34:48'),(227,'Guerrero ','Pacheco','Jorge','David','1985-07-29','Union Libre','Calle B y la 21ava','2755975','Cedula','1205841107','Masculino',0,420.00,0.00,'Controlador de tiempo','2012-10-05','2014-07-10',NULL,'8:00:00','0:00:00','13:00:00','0:00:00','','','Banco',34,'Bolivariano','1741009796','Ahorro',1,0,0,0,1,8,1,NULL,0,'2022-09-29 23:34:51','2022-09-29 23:34:51'),(228,'Guiracocha','Chaca','Jovito','Anibal','1983-05-13','Union Libre','Guasmo Sur Coop. Velasco Ibarra Mz.3414 V.12','2609389','Cedula','924324957','Masculino',0,360.00,NULL,'Ayudante de taller','2012-10-01','2012-12-28',NULL,'0:00:00','0:00:00','0:00:00','0:00:00','','','Cheque',34,'','','',0,0,0,0,1,2,4,NULL,0,'2022-09-29 23:34:55','2022-09-29 23:34:55'),(229,'Serrano','Davila','Andrea','Alexandra','1978-07-28','Soltero/a','Cdla. Guayacanes Mz. 75 V. 8','0991839550','Cedula','0919247882','Masculino',0,690.00,100.00,'Asistente de Compra','2012-10-22','0000-00-00',NULL,'8:30:00','0:00:00','13:00:00','0:00:00','','','Cheque',34,'Bolivariano','0001582753','Ahorro',1,0,0,0,0,8,1,'andreaserrano@ecuavia.com',1,'2022-09-29 23:34:59','2022-10-31 16:47:39'),(230,'Montalvo ','Robles','Juan ','Manuel','1991-06-07','Soltero/a','Cdla. Las Orquideas Mz.1013 V.7','2896482','Cedula','922037205','Masculino',0,450.00,NULL,'Asistente seguridad y salud','2012-10-15','2012-12-14',NULL,'0:00:00','0:00:00','0:00:00','0:00:00','','','Cheque',34,'','','',0,0,0,0,1,6,2,NULL,0,'2022-09-29 23:35:02','2022-09-29 23:35:02'),(231,'Diaz','Moreira','Cristina','Alexandra','1983-10-30','Casado/a','Urb. Veranda Mz.1200 V.02','0985115567','Cedula','0801824459','Femenino',1,1270.00,400.00,'Jefe RRHH','2012-12-17','0000-00-00',NULL,'9:00:00','0:00:00','13:30:00','14:30:00','','','Banco',34,'Bolivariano','1721013054','Ahorro',0,0,0,0,0,13,1,'cristinadiaz@ecuavia.com',1,'2022-09-29 23:35:06','2022-11-15 19:16:15'),(232,'Alcivar','Maldonado','Tatiana','Mabel','1980-07-23','Casado/a','Floresta II Mz 172 Villa 6','2555640','Cedula','920446879','Masculino',0,648.00,0.00,'Asistente Contable','2013-01-14','2018-04-06',NULL,'8:30:00','0:00:00','13:00:00','0:00:00','','','Banco',34,'Bolivariano','1741011466','Ahorro',1,0,0,0,1,6,4,NULL,0,'2022-09-29 23:35:10','2022-09-29 23:35:10'),(233,'Martinez','Arana','Nelson','Iris','1964-01-05','Casado/a','Cdla. 09 de Octubre Av. Ernesto Alban #409 y Av 25 de Julio','2433483','Cedula','0908704810','Masculino',1,464.00,170.00,'Jefe de seguridad fÇðsica','2013-01-01','0000-00-00',NULL,'0:00:00','0:00:01','0:00:00','0:00:00','','','Banco',34,'Bolivariano','0021080385','Ahorro',1,1,1,0,0,12,4,'nelsonmartinez@ecuavia.com',1,'2022-09-29 23:35:13','2022-11-07 19:34:17'),(234,'Larrea','Ricaurte','Gavrik','','1993-07-23','Soltero/a','Montevideo 229 y Mexico','42445442','Cedula','1310135866','Masculino',0,430.00,NULL,'Asistente seguridad y salud','2013-02-13','2013-08-12',NULL,'8:30:00','0:00:00','1:00:00','0:00:00','','','Banco',34,'Bolivariano','1741013338','Ahorro',0,0,0,0,1,12,2,NULL,0,'2022-09-29 23:35:17','2022-09-29 23:35:17'),(235,'Arriaga','Silva','Nelson','Dario','1990-05-27','Soltero/a','EL FORTIN DE LA FLOR BL 4 MZ7 SL21','985502820','Cedula','928218528','Masculino',0,330.00,NULL,'Ayudante en Acabado','2013-04-08','2013-07-05',NULL,'8:00:00','0:00:00','17:00:00','0:00:00','','','Cheque',34,'','','',0,0,0,0,1,2,6,NULL,0,'2022-09-29 23:35:21','2022-09-29 23:35:21'),(236,'Barragan','Villota','Diego','Francisco','1993-07-13','Soltero/a','Cdla. Ana MarÇða de Olmedo Mz25- sl11','991387363','Cedula','928589217','Masculino',0,330.00,NULL,'Ayudante de Aceros','2013-04-08','2013-05-31',NULL,'8:00:00','0:00:00','17:00:00','0:00:00','','','Cheque',34,'','','',0,0,0,0,1,2,6,NULL,0,'2022-09-29 23:35:24','2022-09-29 23:35:24'),(237,'Bazurto','ProaÇño','Pedro','Leonardo','1988-02-21','Soltero/a','Coop. Rio Guayas Mz. 11a villa 42','969858494','Cedula','927031302','Masculino',2,330.00,NULL,'AYUDANTE EN ACABADO','2013-04-15','2013-05-15',NULL,'8:00:00','0:00:00','17:00:00','0:00:00','','','Cheque',34,'','','',0,0,0,0,1,2,4,NULL,0,'2022-09-29 23:35:28','2022-09-29 23:35:28'),(238,'Moran ','Baquero','Gregorio','Esteban','1973-09-03','Soltero/a','Guasmo Sur Coop. Velasco Ibarra Mz. 2 Sl. 8','969185025','Cedula','915438030','Masculino',3,418.00,NULL,'Portero','2013-06-10','2021-01-31',NULL,'8:00:00','0:00:00','13:00:00','0:00:00','','','Banco',34,'Bolivariano','1721017552','Ahorro',1,0,0,0,1,12,2,NULL,0,'2022-09-29 23:35:32','2022-09-29 23:35:32'),(239,'Jacho','Mieles','Luis ','Alberto','1980-05-10','Casado/a','Guasmo Sur Mz19 S.23','986775368','Cedula','920374576','Masculino',1,500.00,NULL,'Mecánico de Motos y VehÇðculos','2013-08-12','2013-01-01',NULL,'8:00:00','0:00:00','13:00:00','0:00:00','','','Cheque',34,'','','',0,0,0,0,1,10,1,NULL,0,'2022-09-29 23:35:36','2022-09-29 23:35:36'),(240,'Larrea','Ricaurte','Gavrik','','1993-07-23','Soltero/a','Montevideo 229 y Mexico','0','Cedula','1310135866','Masculino',0,430.00,NULL,'Asistente de Seguridad y Salud','2013-08-13','2014-02-28',NULL,'8:00:00','0:00:00','13:00:00','0:00:00','','','Banco',34,'Bolivariano','1741013338','Ahorro',0,0,0,0,1,12,4,NULL,0,'2022-09-29 23:35:39','2022-09-29 23:35:39'),(241,'Rojas','Uribe','Francisco ','Xavier','1986-01-30','Soltero/a','AsunciÇün # 300 y MÇ¸xico','42344196','Cedula','915636880','Masculino',0,441.00,NULL,'Asesor de Servicios','2013-08-26','2013-08-30',NULL,'8:00:00','0:00:00','13:00:00','0:00:00','','','Cheque',34,'','','',0,0,0,0,1,8,1,NULL,0,'2022-09-29 23:35:43','2022-09-29 23:35:43'),(242,'Alvarado','Ortega','Daniel','Michael','1992-06-01','Soltero/a','Vergeles mz 198 v.1','986651499','Cedula','931598585','Masculino',0,355.00,NULL,'Ayudante de mecÇ­nica','2013-09-01','2014-08-31',NULL,'8:00:00','0:00:00','13:00:00','0:00:00','','','Banco',34,'Bolivariano','1741024188','Ahorro',0,0,0,0,1,2,2,NULL,0,'2022-09-29 23:35:47','2022-09-29 23:35:47'),(243,'Garcia','MaridueÇña','Erwin','Francisco','1986-03-09','Soltero/a','Cdla. MarÇða Luisa De Gilbert','2866391','Cedula','925815607','Masculino',0,500.00,NULL,'Mecánico de Motos','2013-09-09','2015-12-27',NULL,'8:00:00','0:00:00','13:00:00','0:00:00','','','Banco',34,'Bolivariano','21507457','Ahorro',0,0,0,0,1,10,1,NULL,0,'2022-09-29 23:35:50','2022-09-29 23:35:50'),(244,'Ortiz','Malave','Luis','Andres','1964-02-22','Union Libre','Cdla. Recreo 3era Etapa Mz. 328 v.01','42674414','Cedula','907879209','Masculino',0,345.00,NULL,'Portero','2013-09-01','2014-12-17',NULL,'8:00:00','0:00:00','13:00:00','0:00:00','','','Banco',34,'Bolivariano','1721017596','Ahorro',1,0,0,0,1,12,2,NULL,0,'2022-09-29 23:35:54','2022-09-29 23:35:54'),(245,'Rodriguez','Cevallos','Jonathan','Mesias','1992-07-11','Soltero/a','Las Orquideas Mz. 64 V.50','996622664','Cedula','926227737','Masculino',0,400.00,NULL,'Ayudante de Bodega','2014-01-02','2014-02-14',NULL,'8:00:00','0:00:00','13:00:00','0:00:00','','','Cheque',34,'','','',0,0,0,0,1,7,1,NULL,0,'2022-09-29 23:35:58','2022-09-29 23:35:58'),(246,'Nunez','Rendon','Andy','Daniel','1985-11-05','Casado/a','Cdla. Martha de RoldÇüs Mz. 606. V.9','3081025','Cedula','0921350294','Masculino',0,681.00,200.00,'Asesor de Partes','2014-05-21','0000-00-00',NULL,'8:00:00','0:00:00','13:00:00','0:00:00','','','Cheque',34,'Bolivariano','0871035963','Ahorro',1,0,0,1,0,7,1,'tallermostrador@ecuavia.com',1,'2022-09-29 23:36:01','2022-10-31 16:57:41'),(247,'Galarza ','Romero','Gabriela','Stephania','1991-05-20','Casado/a','SAMANES 4 MZ 411 VILLA 13','0996624991','Cedula','0930131370','Masculino',0,810.00,60.00,'Asistente de RRHH','2014-01-02','0000-00-00',NULL,'8:30:00','0:00:00','13:30:00','0:00:00','','','Banco',34,'Bolivariano','1741033428','Ahorro',1,0,0,0,0,13,1,'gabrielagalarza@ecuavia.com',1,'2022-09-29 23:36:05','2022-10-31 04:04:22'),(248,'Miranda','Yance','Tathiana','Alexandra','1982-12-12','Soltero/a','DURAN CDLA UNIDAD NACIONAL MZ. 55','2196564','Cedula','924103443','Masculino',0,690.00,180.00,'Asistente de facturaciÇün','2014-02-01','2022-09-30',NULL,'8:00:00','0:00:00','13:00:00','0:00:00','','','Banco',34,'Bolivariano','851179223','Ahorro',1,0,0,0,1,8,1,NULL,0,'2022-09-29 23:36:09','2022-10-28 20:58:09'),(249,'Criollo','Escobar','Jorge ','Arnaldo','1991-07-01','Soltero/a','24ava y Calicuchima','0992164200','Cedula','0929536993','Masculino',0,728.00,240.00,'Mecánico Automotriz','2014-02-01','0000-00-00',NULL,'8:00:00','0:00:00','13:00:00','0:00:00','','','Banco',34,'Bolivariano','1721012326','Ahorro',1,0,0,0,0,10,1,'jorgelpescobar@gmail.com>',1,'2022-09-29 23:36:12','2022-11-09 15:04:58'),(250,'Solis ','GarcÇða','John','Alex','1979-09-08','Soltero/a','Colombia y Leonidas Plaza','939277505','Cedula','918387077','Masculino',0,407.00,NULL,'Ayudante de taller','2014-02-01','2015-02-12',NULL,'8:00:00','0:00:00','13:00:00','0:00:00','','','Cheque',34,'Bolivariano','1721012804','Ahorro',0,0,0,0,1,2,6,NULL,0,'2022-09-29 23:36:16','2022-09-29 23:36:16'),(251,'Larrea','Ricaurte','Gavrik','','1993-07-23','Soltero/a','Montevideo 229 y Mexico','995837168','Cedula','1310135866','Masculino',0,430.00,NULL,'Asistente de Seguridad y Salud','2014-03-01','2014-05-23',NULL,'8:30:00','0:00:00','1:00:00','0:00:00','','','Banco',34,'Bolivariano','1741013338','Ahorro',0,0,0,0,1,12,2,NULL,0,'2022-09-29 23:36:20','2022-09-29 23:36:20'),(252,'Rivera','Silva','Edy','Secundino','1967-09-02','Soltero/a','Cerro del Carmen Calle 6 de Diciembre','2564957','Cedula','0909674624','Masculino',2,439.00,150.00,'Portero','2014-02-01','0000-00-00',NULL,'8:00:00','0:00:00','13:00:00','0:00:00','','','Banco',34,'Bolivariano','0002023664','Ahorro',1,0,0,1,0,12,4,NULL,0,'2022-09-29 23:36:23','2022-10-24 22:14:58'),(253,'Torres','Tenezaca','Cesar ','Robert','1983-03-06','Union Libre','Recreo 3era Etapa Mz.346 V30 Duran','2670139','Cedula','0922339916','Masculino',0,439.00,150.00,'Portero','2014-02-01','0000-00-00',NULL,'8:00:00','0:00:00','13:00:00','0:00:00','','','Banco',34,'Bolivariano','0002704096','Ahorro',1,0,0,0,0,12,4,NULL,0,'2022-09-29 23:36:27','2022-10-12 19:32:17'),(254,'Espinoza','Castaneda','Sebastian','Andres','1986-06-28','Soltero/a','Samanes 6 Mz. 967 Villa 14 (Norte)','2215327','Cedula','924960479','Masculino',0,550.00,NULL,'Asesor de Servicios','2014-03-05','2014-07-31',NULL,'8:00:00','0:00:00','13:00:00','0:00:00','','','Banco',34,'Bolivariano','871161659','Ahorro',0,0,0,0,1,8,1,NULL,0,'2022-09-29 23:36:31','2022-09-29 23:36:31'),(255,'Cabrera','Flores','Jorge ','Bernardo','1988-05-24','Soltero/a','14 Ava y Argentina','2458966','Cedula','926732561','Masculino',0,450.00,NULL,'Asistente de Bodega','2014-03-05','2014-04-28',NULL,'8:00:00','0:00:00','13:00:00','0:00:00','','','Cheque',34,'','','',0,0,0,0,1,7,1,NULL,0,'2022-09-29 23:36:34','2022-09-29 23:36:34'),(256,'Palacios','Velasco','Jose ','Ricardo','1976-01-25','Soltero/a','Maracaibo y la 46','0992224739','Cedula','0917449670','Masculino',0,574.00,180.00,'Técnico','2014-03-13','0000-00-00',NULL,'8:00:00','0:00:00','13:00:00','0:00:00','','','Banco',34,'Bolivariano','0961022032','Ahorro',1,0,0,0,0,2,4,'palaciosvelasco3000@gmail.com',1,'2022-09-29 23:36:38','2022-11-02 16:24:22'),(257,'Sanchez','Onofre','Guillermo ','Jose','1960-05-10','Casado/a','Cdla. Sauces IV mz.357 v.51','990985313','Cedula','907962021','Masculino',0,345.00,NULL,'Portero','2014-04-01','2014-04-30',NULL,'8:00:00','0:00:00','13:00:00','0:00:00','','','Cheque',34,'','','Ahorro',0,0,0,0,1,12,2,NULL,0,'2022-09-29 23:36:42','2022-09-29 23:36:42'),(258,'Veliz ','Sierra','Jimmy','Vicente','1972-08-10','Casado/a','Urbasur Mz 9 Villa 08','939702024','Cedula','915113955','Masculino',0,371.00,NULL,'Portero','2014-05-02','2016-01-22',NULL,'8:00:00','0:00:01','13:00:00','0:00:00','','','Banco',34,'Bolivariano','41161295','Ahorro',1,0,0,0,1,12,2,NULL,0,'2022-09-29 23:36:45','2022-09-29 23:36:45'),(259,'Vargas','Zambrano ','Ivan','Roberto','1982-04-17','Casado/a','Urb. Victoria del RÇðo Mz 2953 Villa 15','22035105','Cedula','921138111','Masculino',0,450.00,NULL,'Asistente de Bodega','2014-05-05','2015-06-06',NULL,'8:00:00','0:00:00','13:00:00','0:00:00','','','Banco',34,'Bolivariano','1721028368','Ahorro',0,0,0,0,1,7,4,NULL,0,'2022-09-29 23:36:49','2022-09-29 23:36:49'),(260,'Reyes','Aleman','Juan ','Dario','1980-12-16','Soltero/a','Calle 22 y Maldonado','0989185254','Cedula','0920960119','Masculino',0,497.00,120.00,'Lavador de carros','2014-06-01','0000-00-00',NULL,'8:00:00','0:00:00','13:00:00','0:00:00','','','Banco',34,'Bolivariano','0002289676','Ahorro',0,0,0,0,0,9,1,'darioreyes234@gmail.com',1,'2022-09-29 23:36:53','2022-10-31 19:28:08'),(261,'Valle','Delgado','Andres','Alexander','1992-05-03','Soltero/a','Alborada 4ta etapa Blq. 402 Dep. 304','2238614','Cedula','930144076','Masculino',0,735.00,NULL,'Asist. de Seguridad y Salud','2014-07-01','2021-06-29',NULL,'8:30:00','0:00:00','13:30:00','0:00:00','','','Banco',34,'Bolivariano','1741037624','Ahorro',0,0,0,0,1,8,1,NULL,0,'2022-09-30 10:35:10','2022-09-30 10:35:10'),(262,'Alvarado ','Alarcon','Hugo','Xavier','1994-06-27','Soltero/a','El Fortin Blq. 4 Mz. 1407 Sl.3','3085649','Cedula','0950098467','Masculino',2,506.00,100.00,'Mensajero','2014-07-03','0000-00-00',NULL,'8:00:00','0:00:00','13:00:00','0:00:00','','','Cheque',34,'Bolivariano','1741044762','Ahorro',1,0,0,0,0,5,1,'alvaradohugo015@gmail.com',1,'2022-09-29 23:37:00','2022-10-31 19:21:31'),(263,'Quezada','Ruiz','Juan ','Garbiel','1983-03-17','Casado/a','Sauces 6 VI mz. 259 f 39 v. 7','2967121','Cedula','0919387092','Masculino',3,718.00,200.00,'Controlador de Tiempo','2014-07-14','0000-00-00',NULL,'8:00:00','0:00:00','13:00:00','0:00:00','','','Banco',34,'Bolivariano','1721026512','Ahorro',0,0,0,1,0,8,1,'juanquezada@ecuavia.com',1,'2022-09-29 23:37:04','2022-10-31 16:47:26'),(264,'Goyes','Sanchez','Jenniffer','Mishell','1991-02-22','Soltero/a','Argentina 2815 y Gallegos Lara','2367575','Cedula','930127428','Masculino',0,460.00,0.00,'Servicio al Cliente','2014-07-29','0000-00-00',NULL,'8:30:00','0:00:00','13:00:00','0:00:00','','','Cheque',34,'','','',0,0,0,0,1,8,1,NULL,0,'2022-09-29 23:37:07','2022-09-29 23:37:07'),(265,'Gonzalez ','Briones','Gissela','Carolina','1987-02-15','Soltero/a','32 y Camilo Destruje # 1602','2468541','Cedula','926205121','Masculino',0,550.00,0.00,'Asistente de Importaciones','2014-08-05','2019-12-27',NULL,'9:00:00','0:00:00','13:30:00','0:00:00','','','Banco',34,'Bolivariano','1741043204','Ahorro',0,0,0,0,1,5,1,NULL,0,'2022-09-29 23:37:11','2022-09-29 23:37:11'),(266,'Freire ','Lipari','Pablo','Andres','1993-05-20','Soltero/a','San Felipe Mz.124 V. 09','2651134','Cedula','0929504108','Masculino',0,1000.00,0.00,'Asesor de Postventa','2014-08-01','0000-00-00',NULL,'8:00:00','0:00:00','13:00:00','0:00:00','','','Banco',34,'Bolivariano','0871122547','Ahorro',0,0,0,0,0,18,1,'pablofreire@ecuavia.com',1,'2022-09-29 23:37:15','2022-10-31 16:47:46'),(267,'Chavarria ','Estrada','Daniel','David','1986-09-17','Soltero/a','Edificio La esmeralda PB','994877172','Cedula','924028863','Masculino',0,600.00,NULL,'Gerente','2014-08-01','0000-00-00',NULL,'9:00:00','0:00:00','13:00:00','0:00:00','','va a facturar','Cheque',34,'Bolivariano','5243176','Corriente',1,0,0,0,1,6,3,NULL,0,'2022-09-29 23:37:18','2022-09-29 23:37:18'),(268,'Palacios','Cedeno','Stalin','Natanael','1995-06-05','Soltero/a','Coop. Luis Chiriboga Parra Mz. 2293 Sl. 6 Guasmo Sur ','2475324','Cedula','941636169','Masculino',0,400.00,NULL,'Ayudante de mecÇ­nica','2014-08-18','2016-08-05',NULL,'8:00:00','0:00:00','13:00:00','0:00:00','','','Banco',34,'Bolivariano','1721026710','Ahorro',1,0,0,0,1,2,2,NULL,0,'2022-09-29 23:37:22','2022-09-29 23:37:22'),(269,'Rosero','Vargas','Miguel','Antonio','1970-12-22','Soltero/a','LA 12AVA Y CRISTOBAL COLON','2447271','Cedula','0912393972','Masculino',2,607.00,230.00,'Pintor Automotriz','2014-10-01','0000-00-00',NULL,'8:00:00','0:00:00','13:00:00','0:00:00','','','Banco',34,'Bolivariano','0001861629','Ahorro',0,0,0,1,0,2,2,NULL,0,'2022-09-29 23:37:26','2022-10-24 22:13:44'),(270,'Lucas ','Briones','Santo','Cruz','1971-05-03','Casado/a','BastiÇün Popular Bl.10 Mz. N64 sl.5','2144930','Cedula','0913958344','Masculino',1,607.00,220.00,'Pintor Automotriz','2014-10-01','0000-00-00',NULL,'8:00:00','0:00:00','13:00:00','0:00:00','','','Banco',34,'Bolivariano','0021526743','Ahorro',0,0,0,0,0,2,2,'santolucas1972@gmail.com',1,'2022-09-29 23:37:30','2022-10-31 15:19:53'),(271,'Cabascango','Freire','Jonathan','Francisco','1981-03-18','Union Libre','29VA Y MALDONADO','2478354','Cedula','921573481','Masculino',3,500.00,0.00,'Pintor Automotriz','2014-10-01','2017-04-12',NULL,'8:00:00','0:00:00','13:00:00','0:00:00','','','Banco',34,'Bolivariano','1721026616','Ahorro',1,0,0,0,1,2,2,NULL,0,'2022-09-29 23:37:33','2022-09-29 23:37:33'),(272,'Quimis','Ponce','Francisco','Javier','1981-10-04','Soltero/a','Coop. Valerio Estacio Bloq. 5 Mz. 19 Sl. 4','993593740','Cedula','0919268581','Masculino',2,607.00,220.00,'Pintor Automotriz','2014-10-01','0000-00-00',NULL,'8:00:00','0:00:00','13:00:00','0:00:00','','','Banco',34,'Bolivariano','0021526881','Ahorro',0,0,0,0,0,2,2,'francisco_quimisp@outlook.es',1,'2022-09-29 23:37:37','2022-10-31 15:00:57'),(273,'Mero','Tapia','Jonathan','Oswaldo','1987-04-15','Soltero/a','Pascuales Av.Joya de los Sachas y 2do pasaje 36 Coop.Asaad Bucaram Mz.361 Sl.18','0991871934','Cedula','0919637124','Masculino',0,1620.00,520.00,'Jefe de Sistemas','2014-10-01','0000-00-00',NULL,'8:00:00','0:00:01','13:00:00','0:00:00','','','Banco',34,'Bolivariano','0021224187','Ahorro',1,1,1,0,0,11,1,'admin@ecuavia.com',1,'2022-09-29 23:37:41','2022-10-21 12:12:34'),(274,'Diaz','Moreira','Cristina','Alexandra','1983-10-30','Casado/a','Urb. Veranda Mz.1200 V.02','0985115567','Cedula','0801824459','Masculino',1,455.00,200.00,' Jefe RRHH','2014-11-01','0000-00-00',NULL,'8:00:00','0:00:00','13:30:00','0:00:00','','','Banco',34,'Bolivariano','1721013054','Ahorro',0,0,0,0,0,6,4,'cristinadiaz@ecuavia.com',0,'2022-09-29 23:37:44','2022-11-15 19:16:23'),(275,'Isaias','Dassum','Patricia','Amira','1952-08-30','Casado/a','Urb. La Puntilla Calle 4ta. y Av. Principal','0','Cedula','0904464641','Masculino',0,1820.00,0.00,'Subgerente de Mercadeo','2014-11-01','0000-00-00',NULL,'9:00:00','0:00:01','13:30:00','0:00:00','','','Banco',34,'Bolivariano','0065003145','Corriente',1,1,1,0,0,5,1,'maricelajimenez@ecuavia.com',1,'2022-09-29 23:37:48','2022-10-31 17:01:32'),(276,'Martinez','Herrera','Jose','Vicente','1987-08-26','Soltero/a','Pascuales Calle 28 de Agosto y Salitre','2986805','Cedula','0921885174','Masculino',0,690.00,220.00,'Asistente de Sistemas','2014-11-24','0000-00-00',NULL,'8:30:00','0:00:01','13:30:00','0:00:00','','','Banco',34,'Bolivariano','0861102791','Ahorro',1,1,1,0,0,11,1,'josemartinez@ecuavia.com',1,'2022-09-29 23:37:52','2022-10-24 20:57:49'),(277,'Valdano','Leon','Daniel','Emilio','1991-01-02','Soltero/a','Monjes 119 y CircunvalaciÇün','2384550','Cedula','917013880','Masculino',0,600.00,NULL,'Asistente de Mercadeo','2014-12-08','2015-01-31',NULL,'9:00:00','0:00:00','13:00:00','0:00:00','','','Banco',34,'Bolivariano','31164195','Ahorro',0,0,0,0,1,5,1,NULL,0,'2022-09-29 23:37:55','2022-09-29 23:37:55'),(278,'Pinargote','Zambrano','Geanella','Narcisa','1995-05-21','Soltero/a','Cdla. Mucho Lote Mz. 2466 V. 20','981929572','Cedula','942689837','Masculino',0,450.00,NULL,'Asistente de Recursos Humanos','2014-12-01','2016-04-30',NULL,'9:00:00','0:00:00','13:30:00','0:00:00','','','Banco',34,'Bolivariano','1721030104','Ahorro',1,0,0,0,1,6,2,NULL,0,'2022-09-29 23:37:59','2022-09-29 23:37:59'),(279,'Ruiz ','Alarcon','Juan ','Carlos','1989-07-16','Union Libre','Guasmo Sur UniÇün de Bananero Bl3 mz 21 s37','989937667','Cedula','921935466','Masculino',1,364.00,NULL,'Operador de Servicios en ensamble y blindaje de vehiculos','2014-12-15','2015-07-31',NULL,'8:00:00','0:00:00','13:00:00','0:00:00','','','Banco',34,'Bolivariano','51585369','Ahorro',0,0,0,0,1,2,4,NULL,0,'2022-09-30 10:36:23','2022-09-30 10:36:23'),(280,'Mendez','Vite','Jairo','Andres','1993-11-16','Soltero/a','Quito y Ambato 438','939318614','Cedula','929310456','Masculino',0,364.00,NULL,'Operador de Servicios en Ensamble y Blindaje de Vehiculos','2014-12-22','2015-03-21',NULL,'8:00:00','0:00:00','13:00:00','0:00:00','','','Cheque',34,'','','',0,0,0,0,1,2,4,NULL,0,'2022-09-30 10:36:26','2022-09-30 10:36:26'),(281,'Mancheno ','Silva','Marcelo','Alfonso','1976-10-10','Casado/a','UrbanizaciÇün Metropolis II Mz. 1367 v.14','42478401','Cedula','917771552','Masculino',0,400.00,NULL,'Mecánico en General','2014-12-22','2015-01-01',NULL,'10:00:00','0:00:00','13:00:00','0:00:00','','','Cheque',34,'','','',0,0,0,0,1,2,7,NULL,0,'2022-09-29 23:38:10','2022-09-29 23:38:10'),(282,'Wong','Peralta','Jimena','Aracely','1988-01-12','Soltero/a','Pascuales Coop. Pie de Lucha Mz. E-1 Solar 7','2984965','Cedula','926850520','Masculino',0,400.00,NULL,'Cajero no financiero','2014-12-16','2015-01-01',NULL,'10:00:00','0:00:00','13:00:00','0:00:00','','','Cheque',34,'','','',0,0,0,0,1,5,7,NULL,0,'2022-09-29 23:38:14','2022-09-29 23:38:14'),(283,'Arboleda ','Santana','Franklin','Claudio','1987-08-18','Soltero/a','Alborada 8va etapa Mz. 813 v. 7','996600370','Cedula','1205202532','Masculino',0,355.00,NULL,'VENDEDOR','2014-12-16','2015-01-01',NULL,'10:00:00','0:00:00','13:00:00','0:00:00','','','Cheque',34,'','','',0,0,0,0,1,5,7,NULL,0,'2022-09-29 23:38:17','2022-09-29 23:38:17'),(284,'Montes ','Bastidas','Joel','Jose','1990-12-02','Soltero/a','Ciudadela Huancavilca Mz.D31  V. 15 ','2434192','Cedula','930863204','Masculino',0,355.00,NULL,'VENDEDOR ','2014-12-16','2015-01-01',NULL,'10:00:00','0:00:00','13:00:00','0:00:00','','','Cheque',34,'','','',0,0,0,0,1,5,7,NULL,0,'2022-09-29 23:38:21','2022-09-29 23:38:21'),(285,'Perez','Maldonado','Edgar ','Fabian','1983-03-14','Soltero/a','Domingo Comin Justicia y Libertad','2498767','Cedula','923572317','Masculino',0,355.00,NULL,'VENDEDOR','2014-12-16','2015-01-01',NULL,'10:00:00','0:00:00','13:00:00','0:00:00','','','Cheque',34,'','','',0,0,0,0,1,5,7,NULL,0,'2022-09-29 23:38:25','2022-09-29 23:38:25'),(286,'Barazzutti','Bortoluzzi','Luca','','2015-01-01','Soltero/a','','0','Cedula','909315186','Masculino',0,2000.00,NULL,'JEFE  DE TALLER','2014-12-20','2015-01-01',NULL,'10:00:00','0:00:00','13:00:00','0:00:00','','','Cheque',34,'','','',0,0,0,0,1,2,7,NULL,0,'2022-09-29 23:38:28','2022-09-29 23:38:28'),(287,'Quimi','Chavez','Nixon','Andres','1991-02-13','Soltero/a','Coop. Francisco JÇ­come Mz. 304 Sl. 32','0968031250','Cedula','0931024863','Masculino',1,700.00,200.00,'Técnico','2015-01-08','0000-00-00',NULL,'8:00:00','0:00:00','13:00:00','0:00:00','','','Banco',34,'Bolivariano','1721029690','Ahorro',1,0,0,0,0,2,4,'kimynixon@hotmail.com',1,'2022-09-29 23:38:32','2022-11-02 16:25:51'),(288,'Miranda ','Paucar','Julio','Orlando','1977-10-11','Casado/a','Coop. Propietario sin tierra','2605480','Cedula','916268964','Masculino',0,418.00,NULL,'Portero','2015-01-12','2018-07-15',NULL,'8:00:00','0:00:00','13:00:00','0:00:00','','','Banco',34,'Bolivariano','1721029678','Ahorro',0,0,0,0,1,12,2,NULL,0,'2022-09-29 23:38:36','2022-09-29 23:38:36'),(289,'Cruz','Guzman','Adrian','Jair','1985-06-15','Casado/a','Isla Trinitaria Coop. Independencia 1 Mz. 9 S. 7','2603594','Cedula','918272246','Masculino',0,364.00,NULL,'Operador de Servicios en Ensamble y Blindaje de Vehiculos','2015-01-15','2015-07-31',NULL,'8:00:00','0:00:00','13:00:00','0:00:00','','','Cheque',34,'','','',0,0,0,0,1,2,4,NULL,0,'2022-09-30 10:37:03','2022-09-30 10:37:03'),(290,'Sornoza','Mosquera','Gloria','Stefany','1990-02-02','Soltero/a','Km 2.5 via a la costa Terranostra ','993855660','Cedula','930700554','Masculino',0,550.00,NULL,'Asesora de Servicios','2015-02-02','2015-03-13',NULL,'8:00:00','0:00:00','13:00:00','0:00:00','','','Cheque',34,'','','',0,0,0,0,1,8,1,NULL,0,'2022-09-29 23:38:43','2022-09-29 23:38:43'),(291,'Moran ','Espinel','Eduardo','Alejandro','1976-03-03','Soltero/a','27 y la H (entrando por la 25)','994407767','Cedula','916759731','Masculino',0,430.00,NULL,'Técnico ','2015-02-26','0000-00-00',NULL,'8:00:00','0:00:00','13:00:00','0:00:00','','','Cheque',34,'','','',0,0,0,0,1,2,6,NULL,0,'2022-09-29 23:38:47','2022-09-29 23:38:47'),(292,'Salazar','Rodriguez','William','Andres','1988-12-07','Soltero/a','Urb. Villa Club','2720085','Cedula','919068080','Masculino',0,636.00,NULL,'Asesor de postventa','2015-03-20','2020-03-06',NULL,'8:00:00','0:00:00','13:00:00','0:00:00','hasta 06/03/2020','','Banco',34,'Bolivariano','1721031738','Ahorro',1,0,0,0,1,8,1,NULL,0,'2022-09-29 23:38:50','2022-09-29 23:38:50'),(293,'Ortiz','Malave','Luis','Andres','2015-02-22','Union Libre','Cdla. Recreo 3era Etapa Mz. 328 v.01','42674414','Cedula','907879209','Masculino',2,359.00,NULL,'Conserje','2015-03-24','2015-03-24',NULL,'8:00:00','0:00:00','13:00:00','0:00:00','','','Cheque',34,'','','',0,0,0,0,1,12,2,NULL,0,'2022-09-29 23:38:54','2022-09-29 23:38:54'),(294,'Garcia ','Guzman','Jose','Leonardo','1900-01-01','Casado/a','CDLA ATARAZANA MZ. P3 VILLA NO.15','0991828039','Cedula','0900832593','Masculino',0,486.00,0.00,'Asesor de Postventa','2015-04-01','0000-00-00',NULL,'8:00:00','0:00:01','13:00:00','0:00:00','','10-09-1942 CUMPL','Banco',34,'Bolivariano','0005181230','Corriente',1,1,1,0,0,18,1,'leonardogarcia@ecuavia.com',1,'2022-09-29 23:38:57','2022-10-31 16:47:50'),(295,'Ortiz ','Malave','Luis ','Andres','1964-02-22','Union Libre','Cdla. Recreo 3era Etapa Mz. 328 v.01','42674414','Cedula','907879209','Masculino',2,359.00,NULL,'PORTERO','2015-04-01','2015-10-12',NULL,'8:00:00','0:00:01','13:00:00','0:00:00','','','Banco',34,'Bolivariano','1721017596','Ahorro',0,0,0,0,1,12,4,NULL,0,'2022-09-29 23:39:01','2022-09-29 23:39:01'),(296,'Parra','Guiracocha','Darwin ','Mauricio','1992-01-09','Soltero/a','Guasmo Sur Coop. Velasco Ibarra Mz. 6 Sl. 12','2609389','Cedula','931007314','Masculino',0,359.00,NULL,'Lavador de carros','2015-05-04','2015-05-20',NULL,'8:00:00','0:00:00','13:00:00','0:00:00','','','Cheque',34,'','','',0,0,0,0,1,9,1,NULL,0,'2022-09-29 23:39:05','2022-09-29 23:39:05'),(297,'Solano','Espinoza','Carlos','Emmanuel','1997-04-06','Soltero/a','Av. Milagro #808 entre Cuenca y Febres Cordero','42477365','Cedula','930551106','Masculino',0,364.00,0.00,'Técnico','2015-05-13','0000-00-00',NULL,'8:00:00','0:00:00','13:00:00','0:00:00','','','Cheque',34,'','','',0,0,0,0,1,2,4,NULL,0,'2022-09-29 23:39:08','2022-09-29 23:39:08'),(298,'CedeÇño ','Zambrano','Holger','Fernando','1993-12-24','Soltero/a','Cdla. Prosperina Mz. 36 Sl.7','986954800','Cedula','927654756','Masculino',0,364.00,NULL,'Operador de Servicios en ensamble y blindaje de vehiculos','2015-05-13','2015-05-13',NULL,'8:00:00','0:00:00','13:00:00','0:00:00','','','Cheque',34,'','','',0,0,0,0,1,2,4,NULL,0,'2022-09-30 10:37:39','2022-09-30 10:37:39'),(299,'Sellan ','Torres','Juan ','Carlos','1994-03-03','Soltero/a','Acacias villa 23','2479871','Cedula','922842935','Masculino',0,364.00,NULL,'Operador de Servicios en Ensamble y Blindaje de Vehiculos','2015-05-18','2015-07-31',NULL,'8:00:00','0:00:00','13:00:00','0:00:00','','','Cheque',34,'','','',0,0,0,0,1,2,4,NULL,0,'2022-09-30 10:37:43','2022-09-30 10:37:43'),(300,'Murillo','Ibarra','Cesar','Eduardo','1986-12-29','Soltero/a','Calle 47 entre calle A y calle B ','2663235','Cedula','925888778','Masculino',0,371.00,NULL,'Lavador de carros','2015-05-21','2016-03-02',NULL,'8:00:00','0:00:00','13:00:00','0:00:00','','','Banco',34,'Bolivariano','941288474','Ahorro',0,0,0,0,1,9,1,NULL,0,'2022-09-29 23:39:20','2022-09-29 23:39:20'),(301,'Mora','Huacon','Karla','Veronica','1990-02-24','Soltero/a','Garcia Goyena 1107 y Ambato ','2345850','Cedula','916586324','Masculino',0,450.00,NULL,'Recepcionista','2015-06-10','2016-06-13',NULL,'9:00:00','0:00:00','13:30:00','0:00:00','','renuncia','Banco',34,'Bolivariano','2797184','Ahorro',0,0,0,0,1,5,1,NULL,0,'2022-09-29 23:39:23','2022-09-29 23:39:23'),(302,'Villaseca ','Naranjo','Jonathan','Daniel','1987-06-13','Soltero/a','Guasmo Sur Blq. 5 Mz. Q Sl. 2','2606313','Cedula','926776618','Masculino',0,450.00,NULL,'Bodeguero','2015-06-16','2015-06-30',NULL,'8:00:00','0:00:01','13:00:00','0:00:00','','','Cheque',34,'','','',0,0,0,0,1,2,4,NULL,0,'2022-09-29 23:39:27','2022-09-29 23:39:27'),(303,'Veliz','Pacheco','Bryan','Alexis','1994-08-05','Soltero/a','Urbasur Mz. 9 Villa 8','939701024','Cedula','927077412','Masculino',0,365.00,NULL,'Mensajero / Limpieza','2015-07-08','2015-10-05',NULL,'8:00:00','0:00:01','13:00:00','0:00:00','','','Cheque',34,'','','',0,0,0,0,1,12,4,NULL,0,'2022-09-29 23:39:31','2022-09-29 23:39:31'),(304,'Coronel ','Reyes','Josias','Eloy','1989-08-22','Casado/a','Vergeles Mz. 192 Sl. 15','2026624','Cedula','0930206719','Masculino',0,574.00,150.00,'Ayudante de Bodega','2015-10-06','0000-00-00',NULL,'8:00:00','0:00:00','13:00:00','0:00:00','','','Banco',34,'Bolivariano','0051753585','Ahorro',1,0,0,1,0,7,4,'josiascoronel@armorcar.com',1,'2022-09-29 23:39:34','2022-10-31 17:21:58'),(305,'Sandoya','Onofre','Miguel','Aurelio','1992-12-31','Soltero/a','Mucho Lote 2 Urb. Alameda del RÇðo Mz. 2795 V. 8','0989982455','Cedula','1207496199','Masculino',0,728.00,0.00,'Ayudante de taller','2015-11-04','0000-00-00',NULL,'8:00:00','0:00:00','13:00:00','0:00:00','','','Banco',34,'Bolivariano','1721033276','Ahorro',0,0,0,0,0,10,1,'miguel_aurelio@LIVE.COM',1,'2022-09-29 23:39:38','2022-10-31 16:56:50'),(306,'Sandoval ','Crespo','Tomas','Roberto','1963-04-13','Soltero/a','KM 1.5 MARINADOR BLOQUE 1 DEPT.8','2509016','Cedula','909087264','Masculino',0,418.00,NULL,'Conserje/Portero','2016-01-25','2019-03-15',NULL,'8:00:00','0:00:00','13:00:00','0:00:00','','','Banco',34,'Bolivariano','1721034586','Ahorro',0,0,0,0,1,12,4,NULL,0,'2022-09-29 23:39:42','2022-09-29 23:39:42'),(307,'Ortiz ','Malave','Luis ','Andres','1964-02-22','Union Libre','Cdla. Recreo 3era Etapa Mz. 328 v.01','2674414','Cedula','907879209','Masculino',0,371.00,NULL,'Portero','2016-02-01','2016-05-26',NULL,'8:00:00','0:00:00','13:00:00','0:00:00','','','Banco',34,'Bolivariano','1721017596','Ahorro',1,0,0,0,1,12,2,NULL,0,'2022-09-29 23:39:45','2022-09-29 23:39:45'),(308,'Osorio','Vera','Danny','Dalton','1991-12-23','Soltero/a','Cdla. Los Helechos Mz. T4 S.25','2808512','Cedula','927141432','Masculino',0,400.00,NULL,'Técnico ','2016-02-19','2016-02-29',NULL,'8:00:00','0:00:01','13:00:00','0:00:00','','','Cheque',34,'','','',0,0,0,0,1,2,4,NULL,0,'2022-09-29 23:39:49','2022-09-29 23:39:49'),(309,'Paucar ','Zavala','Roberto','Vicente','1994-11-05','Soltero/a','Coop. Nueva Prosperina Mz. 727 Sl.97','986764899','Cedula','950376830','Masculino',0,381.00,NULL,'Técnico ','2016-02-19','2016-03-31',NULL,'8:00:00','0:00:00','13:00:00','0:00:00','','T/Periodo de prueba','Banco',34,'Bolivariano','21527031','Ahorro',0,0,0,0,1,2,4,NULL,0,'2022-09-29 23:39:53','2022-09-29 23:39:53'),(310,'Santillan','Macas','Josue ','Eliceo','1994-10-04','Casado/a','Cdla. Hector Cobos Mz. V S. 2','968726630','Cedula','940662943','Masculino',0,381.00,0.00,'Técnico ','2016-02-19','2016-04-22',NULL,'8:00:00','0:00:00','13:00:00','0:00:00','','','Cheque',34,'','','',0,0,0,0,1,2,4,NULL,0,'2022-09-29 23:39:56','2022-09-29 23:39:56'),(311,'Orrego','Clark','Daniel ','Antonio','1992-02-12','Soltero/a','Cdla. Floresta 3 Mz. 208 V 20','993558774','Cedula','940639404','Masculino',0,381.00,NULL,'Técnico ','2016-02-19','2016-04-30',NULL,'8:00:00','0:00:00','13:00:00','0:00:00','','se fue en tiempo de prueb','Cheque',34,'','','',0,0,0,0,1,2,4,NULL,0,'2022-09-29 23:40:00','2022-09-29 23:40:00'),(312,'Kuonqui','Yance','Victor ','Paul','1996-11-06','Soltero/a','La Rioja - Asturias Mz. 29 V. 9','5062354','Cedula','952658433','Masculino',0,381.00,NULL,'Técnico ','2016-02-22','2016-03-31',NULL,'8:00:00','0:00:00','13:00:00','0:00:00','','Renuncia voluntaria','Cheque',34,'','','',0,0,0,0,1,2,4,NULL,0,'2022-09-29 23:40:04','2022-09-29 23:40:04'),(313,'Bonilla ','Paredes','Victor ','Alfredo','1991-02-13','Soltero/a','Cdla. Las Orquideas Mz. 1032 V. 29','996119494','Cedula','925994824','Masculino',0,381.00,NULL,'Técnico ','2016-03-01','2016-05-29',NULL,'8:00:00','0:00:01','13:30:00','0:00:00','','','Cheque',34,'','','',0,0,0,0,1,2,4,NULL,0,'2022-09-29 23:40:07','2022-09-29 23:40:07'),(314,'Teran ','Silva','Geovanny ','Javier','1986-09-19','Soltero/a','Cdla. Las Acacias','967979346','Cedula','923483127','Masculino',0,401.00,NULL,'Técnico ','2016-03-03','2017-09-29',NULL,'8:00:00','0:00:00','13:00:00','0:00:00','','Despido','Banco',34,'BOLIVARIANO','881178821','Ahorro',1,0,0,0,1,2,4,NULL,0,'2022-09-29 23:40:11','2022-09-29 23:40:11'),(315,'Cevallos','Chavez','Luis ','Enrique','1994-12-10','Soltero/a','30 y GÇümez RendÇün','2467384','Cedula','923526792','Masculino',0,401.00,NULL,'Técnico ','2016-03-04','2017-03-20',NULL,'8:00:00','0:00:00','13:00:00','0:00:00','','','Banco',34,'Bolivariano','1721038968','Ahorro',0,0,0,0,1,2,4,NULL,0,'2022-09-29 23:40:15','2022-09-29 23:40:15'),(316,'Indio','BazÇ­n','Stalyn','Aquilino','1994-05-13','Soltero/a','Guasmo Sur Coop. Segundo Ramos Mz. 7 S. 12','2609393','Cedula','931849343','Masculino',0,381.00,NULL,'Técnico ','2016-03-04','2016-04-14',NULL,'8:00:00','0:00:00','13:00:00','0:00:00','','','Cheque',34,'','','',0,0,0,0,1,2,4,NULL,0,'2022-09-29 23:40:19','2022-09-29 23:40:19'),(317,'Espinoza','Mendez','Edison','Fernando','1990-01-19','Soltero/a','Duran, Cdla. Los Helechos','2817164','Cedula','1311226581','Masculino',0,401.00,NULL,'Técnico','2016-03-04','2018-01-15',NULL,'8:00:00','0:00:00','13:00:00','0:00:00','','','Cheque',34,'','','',1,0,0,0,1,2,4,NULL,0,'2022-09-29 23:40:22','2022-09-29 23:40:22'),(318,'Uriarte','Hemba','Kleber','Gustavo','1990-03-12','Soltero/a','Bastion Bloque 5 Mz. 890 Sl. 2','993726711','Cedula','1311163479','Masculino',0,578.00,NULL,'Asistente bodega','2016-03-07','2021-06-25',NULL,'8:00:00','0:00:00','13:00:00','0:00:00','','','Banco',34,'Bolivariano','21596493','Ahorro',0,0,0,0,1,7,1,NULL,0,'2022-09-29 23:40:26','2022-09-29 23:40:26'),(319,'Garcia','MaridueÇña','Erwin','Francisco','1986-03-09','Soltero/a','Cdla. maria Luisa de gilbert Mz. C','2866391','Cedula','925815607','Masculino',0,600.00,NULL,'Mecanico','2016-03-07','2018-01-12',NULL,'8:00:00','0:00:00','13:00:00','0:00:00','','','Banco',34,'Bolivariano','21507457','Ahorro',0,0,0,0,1,10,1,NULL,0,'2022-09-29 23:40:29','2022-09-29 23:40:29'),(320,'Echanique','Isaias','Ruggero','Emilio','1977-10-10','Casado/a','Mangleo km.35 vÇða Samborondon','2288816','Cedula','908883705','Masculino',0,384.00,NULL,'Gerente','2016-03-01','2016-09-30',NULL,'8:00:00','0:00:00','13:00:00','0:00:00','','','Cheque',34,'','','',0,0,0,0,1,6,6,NULL,0,'2022-09-29 23:40:33','2022-09-29 23:40:33'),(321,'Bazurto ','Bazurto','Patricio','FabiÇ­n','1985-10-16','Soltero/a','DurÇ­n, El Recreo Coop. Unidad Venceremos Mz. F Sl.28','988280674','Cedula','1311703589','Masculino',0,381.00,NULL,'Técnico ','2016-03-15','2016-06-17',NULL,'8:00:00','0:00:00','13:00:00','0:00:00','','','Cheque',34,'','','',0,0,0,0,1,2,4,NULL,0,'2022-09-29 23:40:37','2022-09-29 23:40:37'),(322,'Correa','Cobos','Antony ','Daniel','1986-11-15','Soltero/a','Calle A y la 44','2842182','Cedula','926357849','Masculino',0,381.00,NULL,'Técnico ','2016-04-01','2016-04-08',NULL,'8:00:00','0:00:00','13:00:00','0:00:00','','','Cheque',34,'','','',0,0,0,0,1,2,4,NULL,0,'2022-09-29 23:40:40','2022-09-29 23:40:40'),(323,'Del Peso','Sierra ','William ','German','2016-01-01','Soltero/a','','990696227','Cedula','3040053641','Masculino',0,381.00,NULL,'Técnico Blindaje','2016-04-20','2016-05-13',NULL,'8:00:00','0:00:00','13:00:00','0:00:00','','','Cheque',34,'','','Ahorro',0,0,0,0,1,2,4,NULL,0,'2022-09-29 23:40:44','2022-09-29 23:40:44'),(324,'Garcia ','Valverde','Jefferson','Felipe','1991-02-25','Soltero/a','Duran,El Recreo 5ta etapa','939461703','Cedula','927531491','Masculino',0,401.00,0.00,'Técnico ','2016-05-01','2017-02-28',NULL,'8:00:00','0:00:00','13:00:00','0:00:00','','','Banco',34,'BOLIVARIANO','981295718','Ahorro',1,0,0,0,1,2,4,NULL,0,'2022-09-29 23:40:48','2022-09-29 23:40:48'),(325,'Moncada','Arias','Sindy','Elizabeth','1991-08-23','Union Libre','Vergeles mz.197 s.08','982453503','Cedula','929387082','Masculino',1,450.00,NULL,'Asist. RRHH','2016-05-02','2016-05-09',NULL,'9:00:00','0:00:00','13:30:00','0:00:00','','renunciÇü','Cheque',34,'','','Ahorro',0,0,0,0,1,6,2,NULL,0,'2022-09-29 23:40:51','2022-09-29 23:40:51'),(326,'Maruri','Correa','Angie','Kerly','1991-09-19','Soltero/a','Km 20 vÇða a Daule','0969929343','Cedula','0928671486','Masculino',0,998.00,200.00,'ASISTENTE CONTABLE','2016-05-03','0000-00-00',NULL,'9:00:00','0:00:00','13:30:00','0:00:00','','','Banco',34,'Bolivariano','1741069632','Ahorro',1,0,0,0,0,14,1,'angiemaruri@ecuavia.com',1,'2022-09-29 23:40:55','2022-10-31 04:03:41'),(327,'Garaicoa','Maldonado','Henrry','John','1989-09-28','Union Libre','DURAN RECREO 5TA ETAPA','992022540','Cedula','1207116888','Masculino',2,381.00,NULL,'Técnico Blindaje','2016-05-20','2016-08-17',NULL,'8:00:00','0:00:00','13:00:00','0:00:00','','','Cheque',34,'','','',0,0,0,0,1,2,4,NULL,0,'2022-09-29 23:40:59','2022-09-29 23:40:59'),(328,'Morla','Leones','Maria','Gabriela','1989-03-24','Soltero/a','Sauces 4 bloq. 64 Dep. 201','2821693','Cedula','0925546913','Masculino',1,607.00,200.00,'asistente de gerencia','2016-08-04','0000-00-00',NULL,'9:00:00','0:00:00','13:00:00','0:00:00','','','Banco',34,'Bolivariano','1741077244','Ahorro',1,0,0,0,0,5,1,'mariagabrielamorla@ecuavia.com>',1,'2022-09-29 23:41:02','2022-10-31 17:04:47'),(329,'Palacios','Sanchez','Junior','Santos','1987-04-13','Soltero/a','Vergeles Mz 135d mz 43','0982557044','Cedula','0924155278','Masculino',0,602.00,190.00,'Ayudante Mecanico','2016-08-15','0000-00-00',NULL,'8:00:00','0:00:00','13:00:00','0:00:00','','','Cheque',34,'BOLIVARIANO','1721037796','Ahorro',0,0,0,0,0,2,2,NULL,0,'2022-09-29 23:41:06','2022-11-15 21:19:07'),(330,'Ortiz ','Malave','Luis ','Andres','1964-02-22','Union Libre','Cdla. Recreo 3era Etapa Mz. 328 v.01','2674414','Cedula','907879209','Masculino',0,371.00,NULL,'Portero','2016-09-01','2016-11-30',NULL,'8:00:00','0:00:00','13:00:00','0:00:00','','','Banco',34,'Bolivariano','1721017596','Ahorro',1,0,0,0,1,12,2,NULL,0,'2022-09-29 23:41:10','2022-09-29 23:41:10'),(331,'Zambrano','Ortega','Christian','Antonio','1987-12-05','Union Libre','Bastion Populae Bloque 14 mz.803 sl.9','0993278069','Cedula','1311275430','Masculino',2,700.00,200.00,'Técnico','2017-02-06','0000-00-00',NULL,'8:00:00','0:00:00','13:00:00','0:00:00','','','Banco',34,'Bolivariano','1721048492','Ahorro',1,0,0,0,0,2,4,'christianzambranoortega@outlook.es',1,'2022-09-29 23:41:13','2022-11-02 16:29:26'),(332,'Tomala','Banchon','Adrian','Ariel','1988-12-03','Union Libre','Isla Trinitaria Manz.7  solar 1','969889914','Cedula','950053975','Masculino',3,389.00,NULL,'Técnico','2017-02-06','2017-05-05',NULL,'8:00:00','0:00:00','13:00:00','0:00:00','','','Cheque',34,'','','',0,0,0,0,1,2,4,NULL,0,'2022-09-29 23:41:17','2022-09-29 23:41:17'),(333,'Mejia','Aviles','Petter','Xavier','1993-10-13','Union Libre','Coop. Molina de Frank Mz8 sl.18','982213528','Cedula','921773545','Masculino',0,389.00,NULL,'Técnico','2017-02-20','2017-02-22',NULL,'8:00:00','0:00:00','13:00:00','0:00:00','','','Cheque',34,'','','',0,0,0,0,1,2,4,NULL,0,'2022-09-29 23:41:21','2022-09-29 23:41:21'),(334,'Landivar','Suarez','Sergio','Geovanny','1977-12-26','Casado/a','Mucho Lote 2 Victoria del Rio','994161254','Cedula','916607674','Masculino',4,389.00,NULL,'Técnico Ensamblaje','2017-03-01','2017-05-29',NULL,'8:00:00','0:00:00','13:00:00','0:00:00','','','Cheque',34,'','','',0,0,0,0,1,2,4,NULL,0,'2022-09-29 23:41:24','2022-09-29 23:41:24'),(335,'Lopez','Fajardo','Carlos','Damian','1996-05-18','Soltero/a','Los Vergeles sl 21 mz 82','991742696','Cedula','941274045','Masculino',1,389.00,NULL,'Técnico','2017-03-10','2017-06-06',NULL,'8:00:00','0:00:00','13:00:00','0:00:00','','','Cheque',34,'','','',0,0,0,0,1,2,4,NULL,0,'2022-09-29 23:41:28','2022-09-29 23:41:28'),(336,'Indio','Sanchez','Bryan','Teodoro','1995-11-26','Casado/a','Coop. 29 de abril mz.19 sl 14','996681180','Cedula','942644790','Masculino',0,0.00,NULL,'Técnico','2017-03-16','2017-03-20',NULL,'0:00:00','0:00:00','0:00:00','0:00:00','','','',34,'','','',0,0,0,0,1,2,4,NULL,0,'2022-09-29 23:41:32','2022-09-29 23:41:32'),(337,'Avelino','Loza','Willy','Jordy','1993-05-24','Soltero/a','Recreo 4ta etapa','980085010','Cedula','941003964','Masculino',2,389.00,NULL,'Técnico','2017-03-21','2017-06-16',NULL,'0:00:00','0:00:00','0:00:00','0:00:00','','','Cheque',34,'','','',0,0,0,0,1,2,4,NULL,0,'2022-09-29 23:41:35','2022-09-29 23:41:35'),(338,'Ramos','Tomala','Jose','Alfredo','1961-12-06','Casado/a','Calle 30 #1807 entre Bolivia y Vacacs Galindo','2615484','Cedula','906266291','Masculino',1,439.00,NULL,'Portero','2017-04-01','2022-05-31',NULL,'0:00:00','0:00:00','0:00:00','0:00:00','','JUBILACIÇ?N IESS','Banco',34,'BOLIVARIANO','1751040408','Ahorro',1,0,0,0,1,12,4,NULL,0,'2022-09-29 23:41:39','2022-09-29 23:41:39'),(339,'Ronquillo','Aviles','Calixto','Alcides','1991-10-14','Soltero/a','BastiÇün popular Bloque 3 mz. 689 solar 12','990712242','Cedula','950550459','Masculino',0,408.00,NULL,'Tecnico','2017-09-01','2018-02-26',NULL,'8:00:00','0:00:00','13:00:00','0:00:00','','','Cheque',34,'','','',0,0,0,0,1,2,4,NULL,0,'2022-09-29 23:41:43','2022-09-29 23:41:43'),(340,'Santillan','Mayorga','VÇðctor','Washington','2017-09-30','Soltero/a','MarÇða Piedra','968754391','Cedula','911351898','Masculino',0,389.00,NULL,'Técnico','2017-10-02','2017-12-26',NULL,'8:00:00','0:00:00','13:00:00','0:00:00','','','Cheque',34,'','','',0,0,0,0,1,2,6,NULL,0,'2022-09-29 23:41:46','2022-09-29 23:41:46'),(341,'Alban','Villafuerte ','Bryan','Francisco','1998-02-10','Soltero/a','Vergeles Mz. 122 villa 6','987592619','Cedula','932041841','Masculino',0,389.00,NULL,'Técnico','2017-10-02','2017-12-12',NULL,'8:00:00','0:00:00','13:00:00','0:00:00','','','Cheque',34,'','','',0,0,0,0,1,2,4,NULL,0,'2022-09-29 23:41:50','2022-09-29 23:41:50'),(342,'Parra','Guiracocha','Bryan','Jair','1999-03-15','Soltero/a','Coop. JosÇ¸ Maria Velasco Ibarra','0','Cedula','940827330','Masculino',0,389.00,NULL,'Técnico','2017-10-10','2017-10-10',NULL,'8:00:00','0:00:00','13:00:00','0:00:00','','','Cheque',34,'','','',0,0,0,0,1,2,4,NULL,0,'2022-09-29 23:41:54','2022-09-29 23:41:54'),(343,'Rodriguez','Gomez','Ricardo ','Rogelio','1999-01-06','Soltero/a','Flor de BastiÇün BL: 6 Mz.1170 S.23','42910538','Cedula','1314520816','Masculino',0,700.00,200.00,'Operador de Blindaje','2017-10-12','0000-00-00',NULL,'8:00:00','0:00:00','13:00:00','0:00:00','','','Banco',34,'Bolivariano','1721048794','Ahorro',1,0,0,0,0,2,4,'bryanrodriguezgomez6@gmail.com',1,'2022-09-29 23:41:57','2022-11-02 16:26:49'),(344,'MuÇñis ','Quimis','Tegual','Francisco','1969-10-07','Union Libre','Coop. Una Sola Fuerz 13 ','993312708','Cedula','1202925598','Masculino',2,391.00,NULL,'Portero','2017-10-18','2018-02-28',NULL,'7:00:00','0:00:00','12:00:00','0:00:00','','','Banco',34,'Bolivariano','981326498','Ahorro',0,0,0,0,1,12,2,NULL,0,'2022-09-29 23:42:01','2022-09-29 23:42:01'),(345,'Saragosin','Cornejo','Julio','Alberto','2018-01-01','Soltero/a','Callejon MALDONADO 34AVA Y 33 AVA','988648681','Cedula','910843929','Masculino',0,400.00,NULL,'Ayudante Pintor','2018-01-01','0000-00-00',NULL,'8:00:00','0:00:00','13:00:00','0:00:00','','','Cheque',34,'','','',0,0,0,0,1,2,2,NULL,0,'2022-09-29 23:42:05','2022-09-29 23:42:05'),(346,'Torres','Salavarria','Mauricio','Juan','1987-09-15','Soltero/a','Duran El Recreo','2673247','Cedula','0928989284','Masculino',0,439.00,150.00,'Portero','2018-01-12','0000-00-00',NULL,'8:00:00','0:00:00','13:00:00','0:00:00','','','Cheque',34,'','','',1,0,0,0,0,12,2,NULL,0,'2022-09-29 23:42:09','2022-10-12 19:04:54'),(347,'Castro','Gongora','Miguel','Luis','1992-03-26','Casado/a','Coop. Nueva prosperina mz. 769 sl. 18','939257205','Cedula','930877725','Masculino',0,409.00,NULL,'Técnico','2018-01-22','0000-00-00',NULL,'8:00:00','0:00:00','13:00:00','0:00:00','','DÇ¸cimos acumulados','Banco',34,'Bolivariano','1721048442','Ahorro',1,0,0,0,1,2,4,NULL,0,'2022-09-29 23:42:12','2022-09-29 23:42:12'),(348,'Maceira','Roman','Cristhyan','Steven','1999-11-05','Soltero/a','Coop. pancho jacome mz. 10 sl. 10','981253174','Cedula','952107860','Masculino',0,401.00,NULL,'Técnico','2018-01-22','2018-03-29',NULL,'0:00:00','0:00:00','0:00:00','0:00:00','','DÇ¸cimos acumulados','Cheque',34,'','','',0,0,0,0,1,2,4,NULL,0,'2022-09-29 23:42:16','2022-09-29 23:42:16'),(349,'Lucas','Flores','Josue','Bryan','1995-02-27','Soltero/a','BastiiÇün Popuar Bl. 10 Mz 1164 Sl.5','42144930','Cedula','0930656780','Masculino',0,728.00,250.00,'Mecánico de motos','2018-01-25','0000-00-00',NULL,'8:00:00','0:00:00','13:00:00','0:00:00','','','Banco',34,'Bolivariano','0021664725','Ahorro',0,0,0,0,0,10,1,'josuelucas@ecuavia.com>',1,'2022-09-29 23:42:20','2022-11-16 19:46:35'),(350,'Baquerizo','Olvera','Jose','Manuel','1998-01-05','Soltero/a','Coop. Juan Pablo Segundo','994620500','Cedula','1205760018','Masculino',1,401.00,NULL,'Técnico','2018-02-01','2018-03-06',NULL,'8:00:00','0:00:00','13:00:00','0:00:00','','faltas repetitivas s/just','Cheque',34,'','','',0,0,0,0,1,2,4,NULL,0,'2022-09-29 23:42:23','2022-09-29 23:42:23'),(351,'Palacios','Nunez','Ruby','Marisela','1993-06-15','Soltero/a','Cdla. Guayacanes','969820057','Cedula','951443027','Masculino',0,500.00,NULL,'Recepcionista','2018-02-01','2018-04-06',NULL,'9:00:00','0:00:00','13:00:00','0:00:00','','','Cheque',34,'','','',0,0,0,0,1,5,1,NULL,0,'2022-09-29 23:42:27','2022-09-29 23:42:27'),(352,'Choez','Toala','Miguel ','Giovanni','1969-05-07','Casado/a','Mucho Lote mz. 2272 villa 3','2078118','Cedula','911394575','Masculino',0,401.00,NULL,'Técnico','2018-02-06','2018-03-16',NULL,'8:00:00','0:00:00','13:00:00','0:00:00','','terminaciÇün periodo de pr','Cheque',34,'','','',0,0,0,0,1,2,4,NULL,0,'2022-09-29 23:42:31','2022-09-29 23:42:31'),(353,'Ortiz ','Bravo','Wilson','Jonathan','1990-08-19','Soltero/a','Duran Km10 Coop. una sola fuerza','960693446','Cedula','927754457','Masculino',2,401.00,NULL,'Técnico','2018-02-08','2018-05-08',NULL,'8:00:00','0:00:00','13:00:00','0:00:00','','DÇ¸cimos acumulados','Cheque',34,'','','',0,0,0,0,1,2,4,NULL,0,'2022-09-29 23:42:34','2022-09-29 23:42:34'),(354,'Patino','Ramos','Johan','Alejandro','1989-09-04','Soltero/a','Sauces 3','0939540953','Cedula','0962945135','Masculino',0,700.00,200.00,'Técnico','2018-02-01','0000-00-00',NULL,'8:00:00','0:00:00','13:00:00','0:00:00','PASS 119496563','Ced.0962945135','Banco',34,'Bolivariano','1721048524','Ahorro',1,0,0,0,0,2,4,'jpatiño@gmail.com',1,'2022-09-29 23:42:38','2022-11-02 16:24:43'),(355,'Vega','Mosquera','Jose ','Vicente','1981-04-29','Casado/a','41 y el oro','2663556','Cedula','923144877','Masculino',3,401.00,NULL,'Técnico','2018-02-01','2018-03-06',NULL,'8:00:00','0:00:00','13:00:00','0:00:00','','conflictivo','Cheque',34,'','','',0,0,0,0,1,2,4,NULL,0,'2022-09-29 23:42:42','2022-09-29 23:42:42'),(356,'Martinez','Guerrero','Mariam','Samantha','1996-02-27','Soltero/a','Sauces 3 mz. 166 v.25','2572505','Cedula','924161383','Masculino',0,450.00,NULL,'Recepcionista','2018-02-19','2019-05-23',NULL,'8:30:00','0:00:00','13:00:00','0:00:00','','','Banco',34,'Bolivariano','1741101860','Ahorro',1,0,0,0,1,8,1,NULL,0,'2022-09-29 23:42:45','2022-09-29 23:42:45'),(357,'Castro','Gongora','Alberto','Luis','1990-09-19','Soltero/a','Coop. Nueva Prosperina Mz 769 s18','981502589','Cedula','930877766','Masculino',0,440.00,NULL,'Técnico ','2018-02-19','2020-05-15',NULL,'8:00:00','0:00:00','13:00:00','0:00:00','','','Banco',34,'Bolivariano','1721048744','Ahorro',0,0,0,0,1,2,4,NULL,0,'2022-09-29 23:42:49','2022-09-29 23:42:49'),(358,'BajaÇña','Mora','Jorge ','Alberto','1989-06-30','Casado/a','DurÇ­n Recreo','2147483647','Cedula','921370763','Masculino',0,418.00,NULL,'Portero','2018-03-01','2020-04-03',NULL,'7:00:00','0:00:00','13:00:00','0:00:00','','','Banco',34,'Bolivariano','1721048420','Ahorro',0,0,0,0,1,12,2,NULL,0,'2022-09-29 23:42:53','2022-09-29 23:42:53'),(359,'Santana','Bone','Edwin ','Javier','1995-07-13','Union Libre','Guasmo Sur Coop. Reyna Del Quinchr','2147483647','Cedula','941478976','Masculino',0,401.00,NULL,'Técnico MetalmecÇ­nica','2018-03-02','2018-03-29',NULL,'8:00:00','0:00:00','13:00:00','0:00:00','','','Cheque',34,'','','',0,0,0,0,1,2,4,NULL,0,'2022-09-29 23:42:56','2022-09-29 23:42:56'),(360,'Recillo','Villegas','Joel','Saul','1992-09-21','Soltero/a','Guasmo Sur coop. Reina Del Quinde','961058956','Cedula','925049496','Masculino',0,401.00,NULL,'Técnico MetalmecÇ­nica','2018-03-08','2018-05-07',NULL,'8:00:00','0:00:00','13:00:00','0:00:00','','DÇ¸cimos acumulados','Banco',34,'Bolivariano','3032907','Ahorro',0,0,0,0,1,2,4,NULL,0,'2022-09-29 23:43:00','2022-09-29 23:43:00'),(361,'Rodriguez ','Diaz','Jonathan','Fidel','1987-10-11','Union Libre','Bastion Popular','0','Cedula','926433194','Masculino',0,401.00,NULL,'Técnico MetalmecÇ­nica','2018-03-08','2018-04-10',NULL,'8:00:00','0:00:01','13:00:00','0:00:00','','','Cheque',34,'Bolivariano','','Ahorro',0,0,0,0,1,2,4,NULL,0,'2022-09-29 23:43:04','2022-09-29 23:43:04'),(362,'Gandara','Vivar','Luis','Enrique','1990-07-17','Soltero/a','Ceibos Norte','0993501049','Cedula','0923566103','Masculino',0,552.00,200.00,'Asesor de  ventas','2018-03-09','0000-00-00',NULL,'9:00:00','0:00:00','13:00:00','0:00:00','','','Banco',34,'Bolivariano','1745015966','Corriente',1,0,0,0,0,5,1,'luisgandara@ecuavia.com',1,'2022-09-29 23:43:07','2022-10-31 17:01:12'),(363,'Rodas','Marin','Joel','Enrique','2000-01-27','Soltero/a','Rivera de Vergeles','990714031','Cedula','1351642473','Masculino',0,401.00,NULL,'Técnico MetalmecÇ­nica','2018-03-08','2018-06-05',NULL,'8:00:00','0:00:00','13:00:00','0:00:00','','DÇ¸cimos acumulados','Cheque',34,'','','Ahorro',0,0,0,0,1,2,4,NULL,0,'2022-09-29 23:43:11','2022-09-29 23:43:11'),(364,'Parra','Guiracocha','John','Yubrine','1994-05-24','Soltero/a','Coop. Velasco Ibarra','2609389','Cedula','923155477','Masculino',0,401.00,NULL,'Técnico MetalmecÇ­nica','2018-03-08','2018-06-05',NULL,'8:00:00','0:00:01','13:00:00','0:00:00','','','Cheque',34,'','','',0,0,0,0,1,2,4,NULL,0,'2022-09-29 23:43:15','2022-09-29 23:43:15'),(365,'Bravo','Mendoza','Danny','Vinicio','1977-11-10','Soltero/a','Guasmo Sur Mz.9 ','992537922','Cedula','917853962','Masculino',2,440.00,NULL,'Técnico MetalmecÇ­nica','2018-03-08','2020-05-15',NULL,'8:00:00','0:00:01','13:00:00','0:00:00','','DÇ¸cimos mensualizados','Banco',34,'Bolivariano','941229178','Ahorro',1,0,0,0,1,2,4,NULL,0,'2022-09-29 23:43:18','2022-09-29 23:43:18'),(366,'Chamaidan','Rivas','Cesar','Geovanny','1984-10-03','Casado/a','4 De Noviembre y la 15','985383826','Cedula','923746549','Masculino',3,401.00,NULL,'Técnico MetalmecÇ­nica','2018-03-08','2018-03-29',NULL,'8:00:00','0:00:01','13:00:00','0:00:00','','DÇ¸cimos mensualizados','Cheque',34,'','','',0,0,0,0,1,2,4,NULL,0,'2022-09-29 23:43:22','2022-09-29 23:43:22'),(367,'Hernandez ','Garcia','Kevin','Yohan','1992-03-09','Soltero/a','Guayacanes mz. 3','985830469','Pasaporte','','Masculino',0,409.00,NULL,'Técnico MetalmecÇ­nica','2018-03-08','2019-03-22',NULL,'8:00:00','0:00:00','13:00:00','0:00:00','','Pasaporte. 091628282','Banco',34,'Bolivariano','1721048788','Ahorro',0,0,0,0,1,2,4,NULL,0,'2022-09-29 23:43:26','2022-09-29 23:43:26'),(368,'Alvarado','Gonzalez','Melissa','Pamela','1998-09-17','Soltero/a','23 Y CapitÇ­n Najera','42473721','Cedula','956765580','Masculino',0,450.00,NULL,'Asistente Contable','2018-04-09','2019-10-31',NULL,'8:30:00','0:00:00','13:00:00','0:00:00','','','Banco',34,'BOLIVARIANO','1741106222','Ahorro',1,0,0,0,1,6,4,NULL,0,'2022-09-29 23:43:30','2022-09-29 23:43:30'),(369,'Sanchez','Vega','Tania','Michelle','1995-07-05','Soltero/a','Alborada 6ta etapa mz.611 villa 6','2920228','Cedula','931248702','Masculino',0,630.00,NULL,'Recepcionista Cobranza Taller','2018-04-13','2021-06-14',NULL,'9:00:00','0:00:00','13:00:00','0:00:00','','','Banco',34,'Bolivariano','21524365','Ahorro',0,0,0,0,1,8,1,NULL,0,'2022-09-29 23:43:33','2022-09-29 23:43:33'),(370,'Sanchez','Quimi','Steven','Michael','1994-01-11','Soltero/a','Calle O entre la 41 y la 42ava','991000349','Cedula','928716802','Masculino',0,400.00,NULL,'Asesor Postventa','2018-04-09','2018-07-06',NULL,'8:30:00','0:00:00','13:00:00','0:00:00','','','Cheque',34,'','','',0,0,0,0,1,8,1,NULL,0,'2022-09-29 23:43:37','2022-09-29 23:43:37'),(371,'BuÇñay','Malan','Julio','Adolfo','1995-10-03','Soltero/a','Coop. Sergio Toral','989624025','Cedula','941646994','Masculino',0,401.00,NULL,'Técnico MetalmecÇ­nica','2018-04-23','2018-04-30',NULL,'8:00:00','0:00:01','13:00:00','0:00:00','','','Cheque',34,'','','',0,0,0,0,1,2,4,NULL,0,'2022-09-29 23:43:41','2022-09-29 23:43:41'),(372,'Rivera','Lopez','Jimmy','Neptali','1998-02-12','Soltero/a','Cdla. SimÇün Bolivar Mz. 4 Villa 49','986998686','Cedula','1206694794','Masculino',0,532.00,NULL,'Asistente de importaciones','2018-05-02','2018-10-26',NULL,'9:00:00','0:00:00','13:00:00','0:00:00','','','Banco',34,'Bolivariano','851392229','Ahorro',0,0,0,0,1,5,1,NULL,0,'2022-09-29 23:43:44','2022-09-29 23:43:44'),(373,'Mackliff','Fernandez','Fiorella','Andrea','1993-03-10','Soltero/a','Cdla. SimÇün Bolivar Mz. 2 Villa 17','0997561496','Cedula','0930222682','Masculino',0,552.00,160.00,'Recepcionista','2018-05-08','0000-00-00',NULL,'9:00:00','0:00:00','13:30:00','0:00:00','','','Banco',34,'Bolivariano','1751047194','Ahorro',1,0,0,0,0,5,1,'fiorellamackliff@ecuavia.com',1,'2022-09-29 23:43:48','2022-10-31 17:04:04'),(374,'Flores','Leon','David ','Daniel','1998-01-13','Soltero/a','Ciudad Victoria 2 Mz 45-43 S.5 A1','999744627','Cedula','953376332','Masculino',0,401.00,NULL,'Técnico MetalmecÇ­nica','2018-05-03','2018-08-01',NULL,'8:00:00','0:00:01','13:00:00','0:00:00','','','Cheque',34,'','','',0,0,0,0,1,2,4,NULL,0,'2022-09-29 23:43:52','2022-09-29 23:43:52'),(375,'Paredes','Vega','Jose','Alexander','1973-09-08','Soltero/a','Cdla. Garzota Mz. 44 Solar 24 ','962542100','Pasaporte','','Masculino',0,401.00,NULL,'Técnico MetalmecÇ­nica','2018-05-08','2018-06-18',NULL,'8:00:00','0:00:01','13:00:00','0:00:00','','','Cheque',34,'','','',0,0,0,0,1,2,4,NULL,0,'2022-09-29 23:43:55','2022-09-29 23:43:55'),(376,'Miranda','Paucar','Carlos','Eduardo','1985-05-01','Soltero/a','Guasmo Sur Coop. 18 de Octubre MZ 3363 Sl.11 Bl. 6','42605480','Cedula','0919449421','Masculino',0,439.00,150.00,'Portero','2018-07-16','0000-00-00',NULL,'0:00:00','0:00:01','0:00:00','0:00:00','','','Cheque',34,'Bolivariano','0941370696','Ahorro',0,1,1,1,0,12,2,NULL,0,'2022-09-29 23:43:59','2022-10-26 17:31:44'),(377,'Ayala','Oleas ','Alejandro ','Ernesto','1981-05-23','Soltero/a','NicolÇ­s Segovia y Calle ','43071588','Cedula','920472859','Masculino',0,399.00,NULL,'Mensajero - Limpieza','2018-07-23','2019-09-04',NULL,'8:00:00','0:00:00','13:00:00','0:00:00','','DÇ¸cimos mensualizados','Banco',34,'Bolivariano','3225889','Ahorro',1,0,0,0,1,6,4,NULL,0,'2022-09-29 23:44:03','2022-09-29 23:44:03'),(378,'Zambrano','Gomez ','Pedro','Antonio','1990-02-21','Soltero/a','Nueva prosperina mz 812 sl19 ','978955414','Cedula','921384079','Masculino',2,430.00,NULL,'Técnico Blindaje','2018-09-01','2020-03-13',NULL,'8:00:00','0:00:00','13:00:00','0:00:00','','','Banco',34,'Bolivariano','3292489','Ahorro',0,0,0,0,1,2,4,NULL,0,'2022-09-29 23:44:06','2022-09-29 23:44:06'),(379,'Parrales','Vera','Cristhian ','Estalin','1989-07-24','Union Libre','Guasmo sur Coop. Reina  del Quinche 1 MZ 4 S1','960099481','Cedula','925307803','Masculino',3,409.00,0.00,'Técnico Blindaje','2018-09-03','0000-00-00',NULL,'8:00:00','0:00:00','13:00:00','0:00:00','','','Banco',34,'bolivariano','1721056658','Ahorro',1,0,0,0,1,2,4,NULL,0,'2022-09-29 23:44:10','2022-09-29 23:44:10'),(380,'Erazo','Cuenca','Estiven','Josue','1996-03-22','Soltero/a','Pascuales Coop. Pie de Luchas Mz. 85 S.3','0968572024','Cedula','0929049856','Masculino',0,700.00,200.00,'Técnico de Blindaje','2018-09-03','0000-00-00',NULL,'8:00:00','0:00:00','13:00:00','0:00:00','','Acumulado','Banco',34,'Bolivariano','1721053630','Ahorro',0,0,0,0,0,2,4,'eerazo@istsb.edu.ec',1,'2022-09-29 23:44:14','2022-11-07 21:00:05'),(381,'Verdezoto ','Montero','Anthony','Steeven','1995-12-08','Soltero/a','Coop. Francisco JacomÇ¸ Mz.311 Sl.2','960667794','Cedula','951982198','Masculino',0,401.00,NULL,'Técnico De Blindaje','2018-09-04','2018-09-30',NULL,'8:00:00','0:00:00','13:00:00','0:00:00','','terminaciÇün periodo prueb','Cheque',34,'','','',0,0,0,0,1,2,4,NULL,0,'2022-09-29 23:44:17','2022-09-29 23:44:17'),(382,'Calderon','Munoz','Fausto','Sergio','1996-07-15','Soltero/a','Coop. Juan Montalvo Km 81/2 VÇða Daule','986197786','Cedula','954978995','Masculino',0,401.00,NULL,'Técnico Blindaje','2018-09-18','2018-10-10',NULL,'8:00:00','0:00:00','13:00:00','0:00:00','','','Cheque',34,'','','',0,0,0,0,1,2,4,NULL,0,'2022-09-29 23:44:21','2022-09-29 23:44:21'),(383,'Reina','Yance','Rene','Fernando','2018-09-30','Soltero/a','Gallegos Lara y Segundo CallejÇün Sedalana','981595162','Cedula','923911986','Masculino',1,401.00,NULL,'Técnico Blindaje','2018-09-25','0000-00-00',NULL,'8:00:00','0:00:00','13:00:00','0:00:00','','','Cheque',34,'','','',0,0,0,0,1,2,4,NULL,0,'2022-09-29 23:44:25','2022-09-29 23:44:25'),(384,'Rivera','Sumba','Eddy','Misael','1996-06-30','Soltero/a','Cerro del Carmen','993697399','Cedula','950309823','Masculino',0,401.00,NULL,'Técnico','2018-10-01','2018-12-31',NULL,'8:00:00','0:00:00','13:00:00','0:00:00','','','Cheque',34,'','','',0,0,0,0,1,2,4,NULL,0,'2022-09-29 23:44:28','2022-09-29 23:44:28'),(385,'Sanchez','Quimi','Steven','Michael','1994-01-11','Soltero/a','Calle O entre la 41 y 42','4616162','Cedula','0928716802','Masculino',0,772.00,200.00,'Mecánico','2018-10-01','0000-00-00',NULL,'8:00:00','0:00:00','13:00:00','0:00:00','','','Banco',34,'Bolivariano','0861183103','Ahorro',0,0,0,0,0,10,1,'stevensanchez@ecuavia.com.ec',1,'2022-09-29 23:44:32','2022-11-01 14:58:35'),(386,'Paucar ','Misco','Fermin','Jorge','1994-02-16','Soltero/a','Guasmo sur Coop. Segundo Ramos Mz. 2 Sl. 7','2609728','Cedula','953505658','Masculino',0,409.00,NULL,'Técnico Blindaje','2018-10-15','2019-01-04',NULL,'8:00:00','0:00:00','13:00:00','0:00:00','','','Cheque',34,'','','',0,0,0,0,1,2,4,NULL,0,'2022-09-29 23:44:36','2022-09-29 23:44:36'),(387,'Ortiz ','Malave','Luis ','Andres','1964-02-22','Soltero/a','Cdla. Recreo 3era etapa Mz. 328 V. 01','0','Cedula','907879209','Masculino',0,399.00,NULL,'Portero','2018-10-15','2019-06-06',NULL,'7:00:00','0:00:01','13:00:00','0:00:00','','','Banco',34,'Bolivariano','981445310','Ahorro',1,0,0,0,1,12,2,NULL,0,'2022-09-29 23:44:39','2022-09-29 23:44:39'),(388,'Rivera','Lopez','Jimmy','Neptali','1998-02-12','Soltero/a','cdla. Simon Bolivar mz.4 villa.49','986998686','Cedula','1206694794','Masculino',0,630.00,NULL,'asist. importaciones','2018-11-05','0000-00-00',NULL,'9:00:00','0:00:00','13:00:00','0:00:00','','','Banco',34,'BOLIVARIANO','851392229','Ahorro',1,0,0,0,1,5,1,NULL,0,'2022-09-29 23:44:43','2022-09-29 23:44:43'),(389,'Lucio','Sanchez','Freddy','Miguel','1976-08-27','Union Libre','Coop. Patria Nueva  Mz. 354 S. 29 ','979408395','Cedula','1308947231','Masculino',2,800.00,NULL,'Colorista','2018-11-20','0000-00-00',NULL,'8:00:00','0:00:00','13:00:00','0:00:00','','','Cheque',34,'','','',0,0,0,0,1,2,2,NULL,0,'2022-09-29 23:44:47','2022-09-29 23:44:47'),(390,'Mosquera','Bolanos','Leonardo','Andres','1995-06-14','Soltero/a','DurÇ­n Cdla Abel Gilbert 3 Mz A44 V16','996501148','Cedula','929629053','Masculino',1,600.00,NULL,'Asesor de Servicio','2018-12-03','2019-09-16',NULL,'8:00:00','0:00:00','13:00:00','0:00:00','','','Banco',34,'Bolivariano','1741121060','Ahorro',0,0,0,0,1,2,4,NULL,0,'2022-09-29 23:44:50','2022-09-29 23:44:50'),(391,'Quimiz','Bailon','Christian','Ivan','1992-11-19','Casado/a','Guasmo sur Coop Cristal','962614773','Cedula','919328765','Masculino',1,788.00,NULL,'Colorista','2018-12-10','2021-02-05',NULL,'0:00:00','0:00:00','0:00:00','0:00:00','','','Banco',34,'bolivariano','1721053042','Ahorro',0,0,0,0,1,2,2,NULL,0,'2022-09-29 23:44:54','2022-09-29 23:44:54'),(392,'Black','Gallardo','Kevin','Andres','1992-04-02','Soltero/a','UrbanizaciÇün Sambo City','958991836','Cedula','926191461','Masculino',0,550.00,NULL,'Asesor Postventa','2019-01-14','2019-03-01',NULL,'8:00:00','0:00:00','13:00:00','0:00:00','','','Cheque',34,'','','',0,0,0,0,1,8,1,NULL,0,'2022-09-29 23:44:58','2022-09-29 23:44:58'),(393,'Merino','Santillan','Julio','Andres','1992-04-07','Soltero/a','Cdla. San Eduardo Coop. Virgen Del Cisne','981876000','Cedula','929553782','Masculino',0,409.00,NULL,'Técnico','2019-01-29','2019-02-28',NULL,'8:00:00','0:00:00','13:00:00','0:00:00','','terminaciÇün periodo prueb','Cheque',34,'','','',0,0,0,0,1,2,4,NULL,0,'2022-09-29 23:45:01','2022-09-29 23:45:01'),(394,'Ronquillo','Vera','Juan','Carlos','1991-03-03','Soltero/a','42 y El Oro','993825029','Cedula','926956020','Masculino',1,409.00,NULL,'Técnico Blindaje','2019-02-14','2019-04-30',NULL,'8:00:00','0:00:00','13:00:00','0:00:00','','acumulaciÇün dÇ¸cimos','Cheque',34,'','','',0,0,0,0,1,2,4,NULL,0,'2022-09-29 23:45:05','2022-09-29 23:45:05'),(395,'Palacios','Silva','Hernan','Antonio','1985-01-14','Casado/a','Guasmo Sur. Coop. Rosa Aguilera','968123250','Cedula','922712427','Masculino',0,409.00,NULL,'Técnico Blindaje','2019-02-19','2019-12-11',NULL,'8:00:00','0:00:00','13:00:00','0:00:00','','acumulaciÇün dÇ¸cimos','Banco',34,'Bolivariano','941399448','Ahorro',0,0,0,0,1,2,4,NULL,0,'2022-09-29 23:45:09','2022-09-29 23:45:09'),(396,'Jaime','Sierra','Luis','Daniel','1985-12-14','Casado/a','Coop. Polo sur mz. 97 sl. 03','983634434','Cedula','803002542','Masculino',0,409.00,NULL,'','2019-03-11','2019-06-07',NULL,'0:00:00','0:00:00','0:00:00','0:00:00','','','Banco',34,'bolivariano','981331828','Ahorro',0,0,0,0,1,2,4,NULL,0,'2022-09-29 23:45:12','2022-09-29 23:45:12'),(397,'Mina','Caicedo','Ronny','Leonardo','1990-02-19','Union Libre','Dir. 24 de marzo','991084391','Cedula','929500114','Masculino',5,419.00,NULL,'Lavador de vehÇðculos','2019-03-19','2020-01-31',NULL,'8:00:00','0:00:00','13:00:00','0:00:00','','','Banco',34,'bolivariano','1721056718','Ahorro',0,0,0,0,1,9,1,NULL,0,'2022-09-29 23:45:16','2022-09-29 23:45:16'),(398,'Encalada','Mina','Pablo','Paul','1996-02-13','Soltero/a','Isla Trinitaria','988623485','Cedula','957897721','Masculino',0,409.00,0.00,'Operario de Blindaje','2019-04-01','2019-08-30',NULL,'8:00:00','0:00:00','13:00:00','0:00:00','','acumula dÇ¸cimos','Banco',34,'bolivariano','1721056702','Ahorro',0,0,0,0,1,2,4,NULL,0,'2022-09-29 23:45:20','2022-09-29 23:45:20'),(399,'Chuma','Guaman','Blanca','Stefania','1996-06-14','Soltero/a','Sauces 8 mz. 454 f31 v.5','979517416','Cedula','956624944','Masculino',0,410.00,NULL,'Asistente de contabilidad','2019-05-02','2019-07-31',NULL,'8:30:00','0:00:01','13:00:00','0:00:00','','','Cheque',34,'','','',0,0,0,0,1,6,4,NULL,0,'2022-09-29 23:45:23','2022-09-29 23:45:23'),(400,'Mendoza','Mora','Cindy','Sulayka','1996-04-25','Soltero/a','Sauces 2','0978855300','Cedula','0928363662','Masculino',0,552.00,200.00,'Recepcionista','2019-06-12','0000-00-00',NULL,'9:00:00','0:00:00','13:00:00','0:00:00','','','Banco',34,'Bolivariano','0002712938','Ahorro',1,0,0,0,0,5,1,'cindymendoza@ecuavia.com',1,'2022-09-29 23:45:27','2022-11-15 21:39:14'),(401,'Reina','Yance','Roberto','Ricardo','1987-10-19','Soltero/a','Gallegos Lara y Sedalana','961960469','Cedula','923911994','Masculino',0,409.00,NULL,'Operado en Blindaje','2019-06-17','2019-09-10',NULL,'8:00:00','0:00:00','13:00:00','0:00:00','','acumula','Banco',34,'bolivariano','2888596','Ahorro',0,0,0,0,1,2,4,NULL,0,'2022-09-29 23:45:31','2022-09-29 23:45:31'),(402,'Parra','Guiracocha','Bryan','Jair','1999-03-15','Soltero/a','Coop. JosÇ¸ MarÇða Velasco Ibarra Mz.6 S.7','991914133','Cedula','940827330','Masculino',0,409.00,NULL,'Operado en Blindaje','2019-06-19','2019-07-17',NULL,'8:00:00','0:00:00','13:00:00','0:00:00','','acumula','Cheque',34,'','','',0,0,0,0,1,2,4,NULL,0,'2022-09-29 23:45:34','2022-09-29 23:45:34'),(403,'Espinoza','Valencia','Jorge','Juan','1971-06-24','Casado/a','Cdla. El Recreo Mz. 509 v.34','2676268','Cedula','914141643','Masculino',2,399.00,NULL,'Portero','2019-06-18','2019-06-21',NULL,'7:00:00','0:00:00','13:00:00','0:00:00','','acumula','Banco',34,'Bolivariano','3296581','Ahorro',0,0,0,0,1,12,2,NULL,0,'2022-09-29 23:45:38','2022-09-29 23:45:38'),(404,'Pico','Alvarado','Darwin','Duberly','1978-11-02','Union Libre','Mapasingue Este - Coop 27 Ene','0988072068','Cedula','0919431734','Masculino',3,439.00,150.00,'Portero','2019-06-25','0000-00-00',NULL,'7:00:00','0:00:00','13:00:00','0:00:00','','mensualiza','Banco',34,'bolivariano','0911114090','Ahorro',1,0,0,0,0,12,2,NULL,0,'2022-09-29 23:45:42','2022-10-12 19:06:12'),(405,'Solis','Zavala','Jonathan','Alexis','1998-11-02','Soltero/a','Mapasingue Este Coop. 26 de febrero mz 194 s38','967189531','Cedula','951029594','Masculino',0,300.00,NULL,'Ayudante de mecÇ­nica','2019-07-15','2019-09-30',NULL,'8:00:00','0:00:00','0:00:00','0:00:00','','dÇ¸cimos acumulados','Cheque',34,'','','',0,0,0,0,1,10,1,NULL,0,'2022-09-29 23:45:45','2022-09-29 23:45:45'),(406,'Velez','Palacios','Andres','Efrain','1988-11-24','Soltero/a','Cdla. PÇ­jaro Azul Mz A1 V5','959730838','Cedula','1310361603','Masculino',2,409.00,NULL,'Operador de Blindaje','2019-07-15','2019-09-12',NULL,'8:00:00','0:00:00','13:00:00','0:00:00','','dÇ¸cimos acumulados','Cheque',34,'','','Ahorro',0,0,0,0,1,2,4,NULL,0,'2022-09-29 23:45:49','2022-09-29 23:45:49'),(407,'Marcillo','Pincay','Sebastian','Oswaldo','1959-01-20','Casado/a','Guasmo sur coop. Martha de Roldos','2147483647','Cedula','1302566920','Masculino',0,439.00,NULL,'Portero','2019-08-01','2022-04-30',NULL,'9:00:00','0:00:00','13:00:00','0:00:00','','','Banco',34,'bolivariano','921081610','Ahorro',1,0,0,0,1,12,2,NULL,0,'2022-09-29 23:45:53','2022-09-29 23:45:53'),(408,'Moscoso','Lino','Gianella','Fernanda','1994-06-13','Soltero/a','Urb. Matices Etapa Perla Mz 20 v37','961652313','Cedula','926797333','Masculino',1,500.00,NULL,'Vendedor','2019-08-26','2019-08-31',NULL,'9:00:00','0:00:00','13:00:00','0:00:00','','acumulados','Cheque',34,'','','',0,0,0,0,1,5,1,NULL,0,'2022-09-29 23:45:56','2022-09-29 23:45:56'),(409,'Quijije','Borbor','Luis','Alexander','1997-01-27','Soltero/a','Bastion Popular blq. 6','999632231','Cedula','957677412','Masculino',0,409.00,NULL,'Técnico Blindaje','2019-09-18','2019-12-16',NULL,'8:00:00','0:00:00','13:00:00','0:00:00','','','Cheque',34,'','','Ahorro',0,0,0,0,1,2,4,NULL,0,'2022-09-29 23:46:00','2022-09-29 23:46:00'),(410,'Ycaza','Aviles','Valeria','Nicole','1992-03-27','Soltero/a','Km. 12.5 vÇða a la costa urb. Casa Club Mz. 6 v.8','0992247474','Cedula','0930851811','Masculino',0,552.00,200.00,'Vendedora','2019-09-02','0000-00-00',NULL,'9:00:00','0:00:00','13:00:00','0:00:00','','acumulaciÇün benefi.','Banco',34,'Bolivariano','0031186251','Ahorro',1,0,0,0,0,5,1,'valeriaycaza@ecuavia.com.ec',1,'2022-09-29 23:46:04','2022-10-31 17:05:50'),(411,'Baque ','Cedeno','Carlos ','Javier','1992-08-09','Soltero/a','SAUCES 5 MZ 249 V16','978803781','Cedula','930140470','Masculino',0,420.00,NULL,'Auxiliar Limpieza y Mensajeria','2019-09-12','2020-01-15',NULL,'8:00:00','0:00:01','13:00:00','0:00:00','','','Banco',34,'Bolivariano','21639337','Ahorro',0,0,0,0,1,2,4,NULL,0,'2022-09-29 23:46:07','2022-09-29 23:46:07'),(412,'Alcivar','Bravo','Mario','Rafael','1995-05-25','Casado/a','sauces 9 mz. 565 villa 7','962077686','Cedula','926179938','Masculino',0,409.00,0.00,'Técnico Blindaje','2019-09-17','2019-12-16',NULL,'8:00:00','0:00:00','13:00:00','0:00:00','','','Banco',34,'bolivariano','21681595','Ahorro',0,0,0,0,1,2,4,NULL,0,'2022-09-29 23:46:11','2022-09-29 23:46:11'),(413,'Aquino','Almeida','Anthony','Adrian','1999-05-14','Casado/a','calle 40 y callejon h','0989571550','Cedula','0951305606','Masculino',0,700.00,180.00,'Técnico Blindaje','2019-09-16','0000-00-00',NULL,'8:00:00','0:00:00','13:00:00','0:00:00','','','Banco',34,'Bolivariano','1741151634','Ahorro',1,0,0,0,0,2,4,'toniaquino95@gmail.com',1,'2022-09-29 23:46:15','2022-11-02 16:15:24'),(414,'Valverde','Moreira','Erwin','Jacinto','1993-10-14','Union Libre','Mapansingue','969948640','Cedula','1207156470','Masculino',2,444.00,NULL,'Operador Blindaje','2019-10-07','2021-05-06',NULL,'8:00:00','0:00:00','13:00:00','0:00:00','acumula dÇ¸cimos','','Banco',34,'Bolivariano','1741151348','Ahorro',1,0,0,0,1,2,4,NULL,0,'2022-09-29 23:46:18','2022-09-29 23:46:18'),(415,'Campuzano','Potes','Karol','Michelle','1996-08-08','Soltero/a','Cdla. Santa MÇünica Mz. 32 villa 5','999051678','Cedula','941519258','Masculino',0,523.00,NULL,'Asistente de contabilidad','2019-10-21','2020-02-13',NULL,'8:30:00','0:00:00','13:00:00','0:00:00','','','Cheque',34,'','','',0,0,0,0,1,6,4,NULL,0,'2022-09-29 23:46:22','2022-09-29 23:46:22'),(416,'Espinales','Flores','Armando','Alexi','1984-05-24','Casado/a','Coop. RÇðo Guayas mz. 47 sol.10','990766607','Cedula','923250393','Masculino',2,409.00,NULL,'Técnico Blindaje','2019-10-23','2019-12-03',NULL,'8:00:00','0:00:00','13:00:00','0:00:00','','','Cheque',34,'','','',0,0,0,0,1,2,4,NULL,0,'2022-09-29 23:46:26','2022-09-29 23:46:26'),(417,'Tello','Vicente','Luis','Samuel','1969-06-24','Soltero/a','La 16 entre la J y la K','32092588','Cedula','0911242022','Masculino',0,439.00,150.00,'Portero','2019-12-10','0000-00-00',NULL,'8:00:00','0:00:00','0:00:00','0:00:00','','','Banco',34,'Bolivariano','1741151640','Ahorro',1,0,0,0,0,12,4,NULL,0,'2022-09-29 23:46:29','2022-10-12 19:32:50'),(418,'Simbala','Ortiz','Katherine','Denisse','1995-03-03','Soltero/a','Samanes 1 mz. 130 villa 10','993166926','Cedula','929041234','Masculino',0,600.00,NULL,'Asistente de importaciones','2020-01-07','2020-12-31',NULL,'9:00:00','0:00:00','13:00:00','0:00:00','','','Banco',34,'bolivariano','3376583','Ahorro',0,0,0,0,1,5,1,NULL,0,'2022-09-29 23:46:33','2022-09-29 23:46:33'),(419,'Reyes','Escobar','Kelvi','Yoney','1998-11-16','Soltero/a','24 ava y calicuchima','0995446384','Cedula','0954496212','Masculino',0,430.00,160.00,'Lavador de vehÇðculos','2020-01-21','0000-00-00',NULL,'8:00:00','0:00:00','13:00:00','0:00:00','','','Cheque',34,'Bolivariano','1721064562','Ahorro',1,0,0,0,0,7,1,'joneyreyes98@hotmail.com',1,'2022-09-29 23:46:37','2022-10-31 19:28:05'),(420,'Sumba','Cali','Carlos','Rodrigo','1991-08-31','Casado/a','Coop. Colinas al Sol','991050828','Cedula','929177400','Masculino',2,420.00,NULL,'Ayudante de mensajerÇða y limpieza','2020-01-27','2020-05-21',NULL,'8:00:00','0:00:00','13:00:00','0:00:00','','','Cheque',34,'','','',0,0,0,0,1,2,4,NULL,0,'2022-09-29 23:46:41','2022-09-29 23:46:41'),(421,'Boya','Almeida','Luis','Dario','1987-04-24','Soltero/a','Fertiza Coop. Los jardines mz. 3 villa 11','0992454319','Cedula','0925534653','Masculino',0,439.00,150.00,'Portero','2020-01-20','0000-00-00',NULL,'0:00:00','0:00:00','0:00:00','0:00:00','','','Cheque',34,'','','',1,0,0,0,0,12,2,NULL,0,'2022-09-29 23:46:44','2022-10-11 06:25:46'),(422,'Morales','Contreras','Reynaldo','Enrique','1985-03-30','Soltero/a','Km. 20 vÇða Daule Coop. Eloy Alfaro','0963100559','Cedula','0921965414','Masculino',4,430.00,150.00,'Lavador de vehÇðculos','2020-02-03','0000-00-00',NULL,'8:00:00','0:00:00','13:00:00','0:00:00','','','Banco',34,'Bolivariano','1721064616','Ahorro',1,0,0,0,0,9,1,'reymoralescontreras5@gmail.com',1,'2022-09-29 23:46:48','2022-10-31 16:51:15'),(423,'Escobar','Gutierrez','Denisse','Marian','1988-06-07','Soltero/a','Fco.de Marcos entre la 24 y la 25','2477833','Cedula','923771356','Masculino',0,550.00,NULL,'Asistente de contabilidad','2020-02-12','2020-04-09',NULL,'8:30:00','0:00:00','13:00:00','0:00:00','','TerminaciÇün periodo de pr','Cheque',34,'','','',0,0,0,0,1,6,4,NULL,0,'2022-09-29 23:46:52','2022-09-29 23:46:52'),(424,'Alcivar','Bravo','Mario','Rafael','1995-05-25','Casado/a','Sauces 9 Mz 565 Villa 7','0962077686','Cedula','0926179938','Masculino',0,540.00,150.00,'Operador Blindaje','2020-02-18','0000-00-00',NULL,'8:00:00','0:00:00','13:00:00','0:00:00','','','Banco',34,'Bolivariano','0021681595','Ahorro',1,0,0,1,0,2,4,'rafaelalcivar1995@hotmail.com',1,'2022-09-29 23:46:55','2022-11-02 16:13:25'),(425,'Sarco','Jimenez','Richard','Leonidas','1990-01-08','Soltero/a','La 17 va y la LL','995185056','Cedula','927151480','Masculino',1,440.00,NULL,'Operador Blindaje','2020-02-20','2020-04-09',NULL,'8:00:00','0:00:00','13:00:00','0:00:00','','TerminaciÇün periodo de pr','Cheque',34,'','','',0,0,0,0,1,2,4,NULL,0,'2022-09-29 23:46:59','2022-09-29 23:46:59'),(426,'San Lucas','Sanchez','Angello','Steven','1998-03-16','Soltero/a','Francisco JÇ­come Mz. 310 Solar 6','990622588','Cedula','932284896','Masculino',0,440.00,NULL,'Operador Blindaje','2020-03-06','2020-04-09',NULL,'8:00:00','0:00:00','13:00:00','0:00:00','','TerminaciÇün periodo de pr','Cheque',34,'','','',0,0,0,0,1,2,4,NULL,0,'2022-09-29 23:47:03','2022-09-29 23:47:03'),(427,'Escobar','Gutierrez ','Denisse','Marian','2020-01-01','Soltero/a','Fco. De Marcos entre la 24 y la 25','2477833','Cedula','923771356','Masculino',0,550.00,NULL,'Asistente Contabilidad','2020-05-04','2020-06-30',NULL,'8:30:00','0:00:00','13:00:00','0:00:00','','','Cheque',34,'','','',0,0,0,0,1,2,6,NULL,0,'2022-09-29 23:47:06','2022-09-29 23:47:06'),(428,'Galvez','Villamar','Mario','Agustin','1979-10-20','Soltero/a','Orquideas MZ. 1039 solar 12','0979128335','Cedula','0920015963','Masculino',1,439.00,150.00,'PORTERO','2020-06-09','0000-00-00',NULL,'7:00:00','0:00:00','12:00:00','0:00:00','','','Banco',34,'Bolivariano','1721068796','Ahorro',1,0,0,0,0,12,2,NULL,0,'2022-09-29 23:47:10','2022-10-12 19:07:05'),(429,'Escobar ','Gutierrez','Denisse','Marian','1988-06-07','Soltero/a','Fco.de Marcos entre la 24 y la 25','0961093912','Cedula','0923771356','Masculino',0,578.00,200.00,'Asistente Contable','2020-07-01','0000-00-00',NULL,'8:30:00','0:00:00','13:00:00','0:00:00','','','Banco',34,'Bolivariano','1741166850','Ahorro',1,0,0,0,0,6,4,'denisseescobar@armorcar.com',1,'2022-09-29 23:47:14','2022-11-07 19:32:25'),(430,'Farias','Daudo','Alexis','Alfredo','1994-06-18','Soltero/a','Sedalana entre la 47ava y 48 ava','5019429','Cedula','941994568','Masculino',0,441.00,NULL,'MensajerÇða y Limpieza','2020-07-09','2022-07-04',NULL,'0:00:00','0:00:00','0:00:00','0:00:00','','','Banco',34,'Bolivariano','861209579','Ahorro',1,0,0,0,1,6,4,NULL,0,'2022-09-29 23:47:17','2022-09-29 23:47:17'),(431,'Marquez','Zambrano','Hector','Andres','1995-01-10','Soltero/a','Av. Casuarina Ltz.Los Juanes mz. 8 sl.5','988000112','Cedula','804605343','Masculino',1,440.00,NULL,'Operario de Blindaje','2020-07-13','2020-09-10',NULL,'0:00:00','0:00:00','0:00:00','0:00:00','','','Cheque',34,'','','',0,0,0,0,1,2,4,NULL,0,'2022-09-29 23:47:21','2022-09-29 23:47:21'),(432,'Catagua','Delgado','Robert','Javier','1993-04-09','Soltero/a','Guasmo sur Coop. 20 de abril mz.19 sl.11','939408603','Cedula','1314402445','Masculino',1,444.00,NULL,'Técnico Blindaje','2020-07-14','2021-10-22',NULL,'0:00:00','0:00:00','0:00:00','0:00:00','','','Banco',34,'Bolivariano','1721073522','Ahorro',1,0,0,0,1,2,4,NULL,0,'2022-09-29 23:47:25','2022-09-29 23:47:25'),(433,'Sarco','Jimenez','Richard','Leonidas','1990-01-08','Soltero/a','Guasmo sur Coop. 20 de abril mz.19 sl.11','0995180556','Cedula','0927151480','Masculino',1,540.00,150.00,'Técnico Blindaje','2020-07-08','0000-00-00',NULL,'0:00:00','0:00:00','0:00:00','0:00:00','','','Banco',34,'Bolivariano','1721084460','Ahorro',0,0,0,0,0,2,4,'richardsarco30@gmail.com',1,'2022-09-29 23:47:28','2022-11-07 21:01:19'),(434,'Celi','Hidalgo','Hans','Leandro','1994-05-23','Casado/a','Ciudad Santiago Etapa 11 Mz . 67 07 villa 15','0','Cedula','931207302','Masculino',1,439.00,NULL,'Portero','2020-08-03','2022-03-09',NULL,'7:00:00','0:00:01','12:00:00','0:00:00','','','Banco',34,'Bolivariano','941478652','Ahorro',1,0,0,0,1,12,2,NULL,0,'2022-09-29 23:47:32','2022-09-29 23:47:32'),(435,'Moran','Ponce','Josue','Esteban','2001-08-20','Soltero/a','Guasmo sur coop. Velasco Ibarra mz. 2 sl.8','0991120069','Cedula','0957331101','Masculino',0,524.00,150.00,'Operario de Blindaje','2020-09-14','0000-00-00',NULL,'8:00:00','0:00:00','13:00:00','0:00:00','','','Banco',34,'Bolivariano','1741167160','Ahorro',1,0,0,0,0,2,4,'josuemoranponce768@gmail.com',1,'2022-09-29 23:47:36','2022-11-02 16:23:22'),(436,'Chichande ','Bone','Jose','Mayer','1994-11-27','Soltero/a','Guasmo Sur Coop. Neruda Mz. 4000 Sl.1','939647719','Cedula','955010608','Masculino',0,440.00,NULL,'Operador Blindaje','2020-10-01','2021-01-06',NULL,'8:00:00','0:00:01','13:00:00','0:00:00','ING. 28-09-20','MENSUALIZA DÇ?CI','Cheque',34,'','','',0,0,0,0,1,2,4,NULL,0,'2022-09-29 23:47:40','2022-09-29 23:47:40'),(437,'Villamar','Castro','Xavier','Armando','1996-12-19','Soltero/a','Cdla. Ciudad Santiago Mz.2082 Villa 44','986721047','Cedula','950021659','Masculino',0,454.00,NULL,'Operador Blindaje','2020-10-01','2022-05-16',NULL,'8:00:00','0:00:00','13:00:00','0:00:00','','','Cheque',34,'','','',1,0,0,0,1,2,4,NULL,0,'2022-09-29 23:47:43','2022-09-29 23:47:43'),(438,'Rodriguez','Gomez','Jandry','Gabriel','1997-12-09','Soltero/a','FLOR DE BASTIÇ?N BLOQUE 6','993992778','Cedula','923229371','Masculino',0,444.00,NULL,'Operador Blindaje','2020-10-01','2021-03-23',NULL,'8:00:00','0:00:01','13:00:00','0:00:00','Ing. 29-09-20','pago mensualizado ','Cheque',34,'','','',0,0,0,0,1,2,4,NULL,0,'2022-09-29 23:47:47','2022-09-29 23:47:47'),(439,'Nivela','Veloz','Darwin','Israel','2000-09-12','Soltero/a','Cdla. Huancavilca Norte Mz B Villa 45','962838935','Cedula','955652821','Masculino',0,440.00,NULL,'Operador Blindaje','2020-10-02','2021-01-27',NULL,'8:00:00','0:00:01','13:00:00','0:00:00','','','Cheque',34,'','','',0,0,0,0,1,2,4,NULL,0,'2022-09-29 23:47:50','2022-09-29 23:47:50'),(440,'Brown','Castelo','Kerlly ','Ninoska','1991-01-20','Soltero/a','Duran Abel Gilbert Ponton 1','42861232','Cedula','0928101393','Masculino',0,704.00,240.00,'Asistente Contable','2020-10-05','0000-00-00',NULL,'08:30:00','17:30:00','13:00:00','14:00:00','','','Banco',34,'Bolivariano','0031352391','Ahorro',1,0,0,0,0,6,4,'kerllybrown@armorcar.com',1,'2022-09-29 23:47:54','2022-11-02 16:17:12'),(441,'Aristov ','Dalmao','Natasha ','Irina ','1992-10-27','Soltero/a','Sector Inmaconsa Mz 70 Villa 01 Norte Guayaquil','0968341638','Cedula','0929529923','Masculino',0,630.00,240.00,'Asesora de ventas','2020-10-26','0000-00-00',NULL,'8:30:00','0:00:00','13:00:00','0:00:00','','','Banco',34,'Bolivariano','0841283619','Ahorro',1,0,0,0,0,5,4,'natashaaristov@armorcar.com',1,'2022-09-29 23:47:58','2022-11-02 16:15:38'),(442,'Carrillo','Luces','Israel','Erick','1998-03-03','Soltero/a','Coop. 25 de Julio ','978995711','Cedula','953875879','Masculino',0,440.00,NULL,'Operador Blindaje','2020-10-13','2021-01-06',NULL,'8:00:00','0:00:00','13:00:00','0:00:00','','','Cheque',34,'','','',0,0,0,0,1,2,4,NULL,0,'2022-09-29 23:48:01','2022-09-29 23:48:01'),(443,'Vinces ','Crespo','Digna','Gabriela','1998-02-10','Soltero/a','45ava entre Parra y Oriente','968636826','Cedula','944010404','Masculino',0,450.00,NULL,'Asistente Contable','2020-11-23','2021-02-19',NULL,'9:00:00','0:00:00','13:30:00','0:00:00','','acumular','Banco',34,'Bolivariano','3293667','Ahorro',0,0,0,0,1,6,1,NULL,0,'2022-09-29 23:48:05','2022-09-29 23:48:05'),(444,'Holguin','Lopez','Brian','Steven','1990-10-30','Casado/a','Francisco Segura y Tulcan','0988368429','Cedula','0929799948','Masculino',0,524.00,150.00,'Operador Blindaje','2021-01-08','0000-00-00',NULL,'8:00:00','0:00:00','13:00:00','0:00:00','','','Banco',34,'Bolivariano','1741171548','Ahorro',1,0,0,0,0,2,4,'holginlopezbryansteven@gmail.com',1,'2022-09-29 23:48:09','2022-11-02 16:20:29'),(445,'Zambrano','Solorzano','Wellington','Jordan','1997-02-09','Soltero/a','Coop. Cordillera Del CÇündor Mz 508 Sl 12','982853143','Cedula','951953884','Masculino',0,440.00,NULL,'Operador Blindaje','2021-01-22','2021-05-19',NULL,'8:00:00','0:00:00','13:00:00','0:00:00','','renuncia ','Banco',34,'Bolivariano','981443960','Ahorro',0,0,0,0,1,2,4,NULL,0,'2022-09-29 23:48:12','2022-09-29 23:48:12'),(446,'Bravo','Palacios','Diocles','Federico','1984-08-05','Soltero/a','Cdla. La Florida ','0968227534','Cedula','1720529799','Masculino',1,524.00,180.00,'operador Blindaje','2021-01-15','0000-00-00',NULL,'8:00:00','0:00:00','13:00:00','0:00:00','','','Banco',34,'Bolivariano','1741171670','Ahorro',1,0,0,0,0,2,4,'diocles2011@hotmail.com',1,'2022-09-29 23:48:16','2022-11-02 16:17:01'),(447,'Mina ','Ortiz','Darwin','David','1984-08-12','Soltero/a','Guasmo Sur UniÇün de bananeros 3 ','3879206','Cedula','0922268248','Masculino',2,439.00,100.00,'Portero','2021-02-01','0000-00-00',NULL,'8:00:00','0:00:00','0:00:00','0:00:00','','','Cheque',34,'Bolivariano','1721011758','Ahorro',1,0,0,0,0,12,1,'papacitomina@gmail.com',1,'2022-09-29 23:48:20','2022-10-31 17:08:36'),(448,'Lopez','Villena','Ronald','David','1975-09-29','Soltero/a','Duran Coop. Herradura Mz BX S1','0988375783','Cedula','0917684987','Masculino',2,439.00,150.00,'PORTERO','2021-02-01','0000-00-00',NULL,'8:00:00','0:00:00','13:00:00','0:00:00','','','Banco',34,'Bolivariano','0981052386','Ahorro',1,0,0,0,0,12,1,'ronaldlopezvillena@gmail.com',1,'2022-09-29 23:48:23','2022-10-31 19:26:11'),(449,'Moran','Baquero','Gregorio','Esteban','1973-09-03','Soltero/a','Guasmo Sur Coop. Maria Velasco','0969185025','Cedula','0915438030','Masculino',4,439.00,150.00,'Portero','2021-02-01','0000-00-00',NULL,'8:00:00','0:00:00','13:00:00','0:00:00','','','Banco',34,'Bolivariano','1721017552','Ahorro',1,0,0,0,0,12,1,'moranvaquerogregorio@gmail.com',1,'2022-09-29 23:48:27','2022-10-31 19:23:40'),(450,'Cruz','Hernandez','Howard','Smiht','2000-03-20','Soltero/a','Mapasingue Cdla. Celoplast','0992671642','Cedula','0930643754','Masculino',0,828.00,200.00,'Colorista','2021-02-08','0000-00-00',NULL,'8:00:00','0:00:00','13:00:00','0:00:00','','','Banco',34,'Bolivariano','0981486366','Ahorro',1,0,0,0,0,2,2,'tallerpintura@ecuavia.com',1,'2022-09-29 23:48:31','2022-11-09 21:46:52'),(451,'Correa','Torres','Samantha','Carolina','1996-12-06','Soltero/a','24 ava y entreCapitan Najera y Febres Cordero','0982468248','Cedula','0951677509','Femenino',0,580.00,150.00,'Asistente de contabilidad','2021-03-02','0000-00-00',NULL,'09:00:00','18:00:00','13:30:00','14:30:00','','','Banco',34,'Bolivariano','0021769197','Ahorro',0,0,0,0,0,14,1,'samanthacorrea@ecuavia.com.ec',1,'2022-09-29 23:48:34','2022-10-31 04:03:08'),(452,'Cedeno','Anchundia','Steven','Mickey','1998-03-06','Soltero/a','Coop. Santiaguito de Roldos','27396243','Cedula','954027223','Masculino',0,470.00,NULL,'Operador','2021-05-18','2022-07-08',NULL,'8:00:00','0:00:00','13:00:00','0:00:00','','','Banco',34,'Bolivariano','3439551','Ahorro',1,0,0,0,1,2,4,NULL,0,'2022-09-29 23:48:38','2022-09-29 23:48:38'),(453,'Cardenas','Garcia','Walter','Eduardo','1991-11-30','Casado/a','Guasmo central Coop. El pedregal mz.d sl,1','968860981','Cedula','930337191','Masculino',1,440.00,NULL,'Técnico Blindaje','2021-06-01','2021-08-31',NULL,'8:00:00','0:00:01','13:00:00','0:00:00','','','Cheque',34,'','','',0,0,0,0,1,2,4,NULL,0,'2022-09-29 23:48:42','2022-09-29 23:48:42'),(454,'Marin','Egas','Steven','Enrique','1997-09-06','Soltero/a','Callejon 29 y la F','985295665','Cedula','956200513','Masculino',2,440.00,NULL,'Técnico Blindaje','2021-06-01','2021-10-15',NULL,'8:00:00','0:00:00','13:00:00','0:00:00','','','Cheque',34,'','','',0,0,0,0,1,2,4,NULL,0,'2022-09-29 23:48:45','2022-09-29 23:48:45'),(455,'Rodriguez','Mendoza','Deyna','Miriam','2001-11-03','Soltero/a','Tulipanes Mz. 1143 solar 19','0997777804','Cedula','0957778947','Masculino',0,525.00,150.00,'Recepcionista','2021-06-10','0000-00-00',NULL,'0:00:00','0:00:00','0:00:00','0:00:00','','','Banco',34,'Bolivariano','1721083342','Ahorro',1,0,0,0,0,8,1,'deynarodriguez@ecuavia.com',1,'2022-09-29 23:48:49','2022-11-15 21:39:22'),(456,'Llorenty ','Macias','Sergio','Andres','1996-02-15','Soltero/a','FRAY ENRIQUE VACAS GALINDO # 504','44601210','Cedula','0955951124','Masculino',0,683.00,200.00,'Asistente Seguridad Ocupacional y GestiÇün Ambiental','2021-06-28','0000-00-00',NULL,'8:00:00','0:00:00','13:30:00','0:00:00','','','Banco',34,'Bolivariano','1721084058','Ahorro',1,0,0,0,0,8,1,'sergiollorenty@ecuavia.com',1,'2022-09-30 10:48:33','2022-10-31 04:05:22'),(457,'Alvarado','Latorre ','Edison','Gabriel','1992-02-02','Soltero/a','4to callejom calles LL','0','Cedula','0931097042','Masculino',1,607.00,200.00,'Despachador de Repuestos','2021-06-28','0000-00-00',NULL,'8:00:00','0:00:00','13:00:00','0:00:00','','','Banco',34,'Bolivariano','1721084228','Ahorro',1,0,0,0,0,7,1,'edisonalvarado@ecuavia.com',1,'2022-09-29 23:48:57','2022-10-31 16:57:22'),(458,'Cedeno','Quinonez ','Isaac','Alfonso ','1999-11-06','Soltero/a','Cooperativa 25 de Julio ','0968141737','Cedula','0953541612','Masculino',1,540.00,150.00,'Operador de Blindaje','2021-09-14','0000-00-00',NULL,'7:00:00','0:00:00','12:00:00','0:00:00','','','Banco',34,'Bolivariano','1721084020','Ahorro',1,0,0,0,0,2,4,'iceqi@outlook.es',1,'2022-09-29 23:49:00','2022-11-02 16:17:38'),(459,'Prieto','Rodriguez','Isaac','Manuel','1994-06-03','Soltero/a','Oriente 2120 entre la 29 y 28 ava','991452872','Cedula','951798107','Masculino',0,440.00,0.00,'Operador de Blindaje','2021-09-20','2021-11-05',NULL,'7:00:00','0:00:00','12:00:00','0:00:00','','','Cheque',34,'','','',0,0,0,0,1,2,4,NULL,0,'2022-09-29 23:49:04','2022-09-29 23:49:04'),(460,'Angulo','Rosales','Jefferson','George','1989-03-29','Soltero/a','','0','Cedula','0927240085','Masculino',0,524.00,150.00,'Operador de Blindaje','2021-09-23','0000-00-00',NULL,'7:00:00','0:00:01','12:00:00','0:00:00','','','Banco',34,'BOLIVARIANO','1721086360','Ahorro',1,1,1,0,0,2,4,'jeferson-ang@hotmail.com',1,'2022-09-29 23:49:08','2022-11-02 16:14:57'),(461,'Yagual','Zambrano','Jonathan','Javier','1993-12-20','Soltero/a','Km. 16.5 vÇða daule Coop. San Francisco','0986559313','Cedula','2450095779','Masculino',0,524.00,150.00,'Técnico Blindaje','2021-10-22','0000-00-00',NULL,'0:00:00','0:00:00','0:00:00','0:00:00','','','Cheque',34,'Bolivariano','0851481703','Ahorro',0,0,0,0,0,2,4,'jyagualz@outlook.es',1,'2022-09-29 23:49:11','2022-11-02 16:28:55'),(462,'Quimi','Coronel','Leonardo','David','1997-10-26','Soltero/a','Recreo 4ta etapa mz.449 v.15','0986331774','Cedula','0953933397','Masculino',0,524.00,150.00,'Técnico Blindaje','2021-10-20','0000-00-00',NULL,'0:00:00','0:00:00','0:00:00','0:00:00','','','Banco',34,'Bolivariano','1721086382','Ahorro',0,0,0,0,0,2,4,'leoquimi1997@gmail.com',1,'2022-09-29 23:49:15','2022-11-02 16:26:19'),(463,'Sares','Tamayo','Jonathan','Ricardo','1993-11-23','Soltero/a','3er callejon D. Sabio entre la 16 y 17','980220092','Cedula','940849060','Masculino',2,454.00,NULL,'Técnico Blindaje','2021-10-22','2022-03-02',NULL,'0:00:00','0:00:00','0:00:00','0:00:00','','','Cheque',34,'','','',0,0,0,0,1,2,4,NULL,0,'2022-09-29 23:49:19','2022-09-29 23:49:19'),(464,'Guerra','Guerra','Javier ','Andres','1998-12-27','Soltero/a','AV DEL EJERCITO Y TRUJILLO','0939198271','Cedula','0926174871','Masculino',0,535.00,150.00,'Ayudante Taller','2021-10-21','0000-00-00',NULL,'8:00:00','0:00:00','13:00:00','0:00:00','','','Banco',34,'BOLIVARIANO','1741195488','Ahorro',0,0,0,0,0,18,1,'javierguerra@ecuavia.com',1,'2022-09-29 23:49:22','2022-10-31 16:47:55'),(465,'Gonzalez','Santamaria','Boris','Angello','2001-08-22','Soltero/a','Av. LeÇün Febres Cordero ','46023497','Cedula','0931418768','Masculino',0,435.00,150.00,'Asistente Importaciones','2021-11-12','0000-00-00',NULL,'9:00:00','0:00:00','13:00:00','0:00:00','','','Banco',34,'Bolivariano','1821051491','Ahorro',0,0,0,0,0,17,1,'borisgonzalez@ecuavia.com',1,'2022-09-29 23:49:26','2022-10-31 16:58:56'),(466,'Arias','Leon','Jose','Fabian','1990-09-24','Soltero/a','Cooperativa 31 Octubre','0','Cedula','0951286095','Masculino',0,524.00,180.00,'Operador Blindaje','2021-11-11','0000-00-00',NULL,'8:00:00','0:00:00','13:00:00','0:00:00','','','Banco',34,'Bolivariano','1721101816','Ahorro',0,0,0,0,0,2,4,NULL,0,'2022-09-29 23:49:30','2022-11-14 17:10:51'),(467,'Marquez','Zambrano','Johnny','Rene','1998-06-30','Soltero/a','Coop. PARACAIDISTA','0','Cedula','2350896979','Masculino',0,524.00,150.00,'Operador Blindaje','2021-11-11','0000-00-00',NULL,'8:00:00','0:00:00','13:00:00','0:00:00','','','Cheque',34,'','','',0,0,0,0,0,2,4,'marquezrene304@gmail.com',1,'2022-09-29 23:49:33','2022-11-02 16:21:38'),(468,'Hidalgo','Torres','John','Erick','1991-07-22','Casado/a','Cdla. Tulipanes Mz. 1123 V.23','997563881','Cedula','929695096','Masculino',0,454.00,NULL,'Operador Blindaje','2021-11-11','2022-03-02',NULL,'8:00:00','0:00:00','12:00:00','0:00:00','','','Cheque',34,'','','',0,0,0,0,1,2,4,NULL,0,'2022-09-29 23:49:37','2022-09-29 23:49:37'),(469,'Ruiz ','Calle','Joffre','Josue','1999-08-08','Soltero/a','Brisas del Norte Mz 2073 V.20','958650229','Cedula','951648450','Masculino',0,440.00,NULL,'Operador de Blindaje','2021-11-22','2021-12-21',NULL,'8:00:00','0:00:00','13:00:00','0:00:00','','','Cheque',34,'','','',0,0,0,0,1,2,4,NULL,0,'2022-09-29 23:49:41','2022-09-29 23:49:41'),(470,'Parra','Guiracocha','Washington','Renato','1989-10-22','Union Libre','Cerro Del Carmen CallejÇün 26 de Julio','939519746','Cedula','927038315','Masculino',3,440.00,NULL,'Operador Blindaje','2021-11-24','2021-12-21',NULL,'8:00:00','0:00:00','13:00:00','0:00:00','','','Banco',34,'Guayaquil','17472335','Ahorro',0,0,0,0,1,2,4,NULL,0,'2022-09-29 23:49:45','2022-09-29 23:49:45'),(471,'Mina ','Caicedo','Ronny','Leonardo','1990-02-19','Soltero/a','Dir. 24 de marzo','0','Cedula','929500114','Masculino',0,540.00,NULL,'Lavador de vehÇðculos','2021-12-17','2021-12-31',NULL,'8:00:00','0:00:00','13:00:00','0:00:00','','','Cheque',34,'','','',0,0,0,0,1,9,1,NULL,0,'2022-09-29 23:49:48','2022-09-29 23:49:48'),(472,'Peralta ','Proaño','Yordan','Ronny','1993-06-06','Soltero/a','CDLA. CARLOS PEDRO ESPEREZO','0961132588','Cedula','0951555374','Masculino',2,524.00,150.00,'Operador Blindaje','2021-12-16','0000-00-00',NULL,'8:00:00','0:00:00','13:00:00','0:00:00','','BANCO PICHINCHA','Banco',34,'Bolivariano','1721101800','Ahorro',0,0,0,0,0,2,4,'yordanppq3@gmail.com',1,'2022-09-29 23:49:52','2022-11-02 16:25:09'),(473,'Mejia','Salazar','Bryan','Tomas','1999-03-23','Soltero/a','Cuenca y la 33','978989986','Cedula','1729730125','Masculino',0,454.00,NULL,'Operador Blindaje','2022-01-19','2022-01-31',NULL,'8:00:00','0:00:00','13:00:00','0:00:00','rol se lo dejÇü hasta 30 Ene/22','no regresÇü hasta Ene.23/2','Cheque',34,'','','',0,0,0,0,1,2,4,NULL,0,'2022-09-29 23:49:55','2022-09-29 23:49:55'),(474,'Mendez','Ramirez','Michael','Francisco','1999-10-11','Soltero/a','GUASMO SUR COOP MOLINA MZ 14 SL7','0959613812','Cedula','0951763093','Masculino',0,454.00,150.00,'Operador Blindaje','2022-02-03','0000-00-00',NULL,'8:00:00','0:00:00','13:00:00','0:00:00','','acumular','Cheque',34,'','','',0,0,0,0,0,2,4,'mendezramirezmichael35@gmail.com',1,'2022-09-29 23:49:59','2022-11-02 16:22:27'),(475,'Calderon','Barrios','Jose','Gabriel','1991-01-06','Soltero/a','FLORIDA NORTE MZ 369 SOLAR 22','968676457','Cedula','929845469','Masculino',2,454.00,NULL,'OPERADOR DE BLINDAJE','2022-02-04','2022-04-06',NULL,'8:00:00','0:00:00','13:00:00','0:00:00','','','Cheque',34,'','','',0,0,0,0,1,2,4,NULL,0,'2022-09-29 23:50:03','2022-09-29 23:50:03'),(476,'Ortiz','Malave','Luis','Andres','1964-02-22','Soltero/a','Fertisa Sta. Martha # 1 Mz 1 Sl.14','0988965052','Cedula','0907879209','Masculino',0,600.00,150.00,'Portero','2022-02-09','0000-00-00',NULL,'7:00:00','0:00:01','0:00:00','0:00:00','','','Cheque',34,'','1721017596','',0,1,1,0,0,12,1,NULL,0,'2022-09-29 23:50:06','2022-11-15 16:24:41'),(477,'Boya ','Guacha','Luis','Angel','2000-01-03','Soltero/a','Tungurahua 4627 e/Callejon Parra y Calle A','45071251','Cedula','0943885814','Masculino',0,524.00,150.00,'Operador Blindaje','2022-03-04','0000-00-00',NULL,'8:00:00','0:00:00','13:00:00','0:00:00','','','Cheque',34,'','','',0,0,0,0,0,2,4,'luisangelboyaguacha@gmail.com',1,'2022-09-29 23:50:10','2022-11-02 16:16:29'),(478,'Alvarado','Pachay ','Wilman','Orlando','1972-10-31','Soltero/a','Km. 20 1/2 Via A Daulle diagonal Ciudad Santiago','0','Cedula','0916415037','Masculino',0,430.00,150.00,'Lavador','2022-03-24','0000-00-00',NULL,'8:00:00','0:00:00','13:00:00','0:00:00','','','Banco',34,'Bolivariano','1751008608','Ahorro',0,0,0,0,0,9,1,'wilman.alvaradop@gmail.com',1,'2022-09-29 23:50:14','2022-11-16 14:08:44'),(479,'Ortiz','Ubilla','Andres','Manuel','1989-01-26','Divorciado/','DurÇ­n Coop. Gregorio # 2 Mz 50. Sl.7','0999350696','Cedula','0926725029','Masculino',2,439.00,150.00,'Portero','2022-04-01','0000-00-00',NULL,'7:00:00','0:00:01','12:00:00','0:00:00','','','Cheque',34,'','','',0,1,1,0,0,12,2,NULL,0,'2022-09-29 23:50:17','2022-10-26 16:55:18'),(480,'Puero ','Yepez','Emily','Adriana','1998-12-22','Soltero/a','Guasmo Sur UniÇün De Bananeros Bloq. 3 Mz. 18 S.25','961325438','Cedula','952320778','Masculino',0,574.00,NULL,'Asistente Contable','2022-05-09','2022-06-10',NULL,'8:30:00','0:00:00','13:00:00','0:00:00','','','Banco',34,'Bolivariano','1741220704','Ahorro',0,0,0,0,1,6,4,NULL,0,'2022-09-29 23:50:21','2022-09-29 23:50:21'),(481,'Ortega','Villegas','Lourdes','Yesenia','2022-01-07','Casado/a','Cdla. Jambeli Mz.13 V.1','0','Cedula','0918824798','Masculino',2,440.00,0.00,'Contadora','2022-05-01','0000-00-00',NULL,'09:00:00','18:00:00','13:30:00','14:30:00','','','Banco',34,'Bolivariano','0021089701','Ahorro',0,0,0,0,0,6,2,'yeseniaortega@ecuavia.com',1,'2022-09-29 23:50:25','2022-10-31 17:09:22'),(482,'Polit','Rivas','Maria ','Belen','1997-10-17','Soltero/a','CDLA LA FAE MZ 23 VILLA 7','0968069980','Cedula','1719703827','Masculino',0,574.00,150.00,'Asistente Contable','2022-06-13','0000-00-00',NULL,'8:30:00','0:00:01','13:00:00','0:00:00','','','Banco',34,'Bolivariano','0011200141','Ahorro',0,1,1,0,0,6,4,NULL,0,'2022-09-29 23:50:29','2022-11-07 19:32:58'),(483,'Garcia','Nazareno','Lexer','Yandri','1999-11-04','Soltero/a','Coop. Horizontes del Fortin Mz. 2066 Sl. 16','850015058','Cedula','850015058','Masculino',0,454.00,NULL,'Operador Blindaje','2022-06-16','2022-07-15',NULL,'8:00:00','0:00:00','13:00:00','0:00:00','','','Cheque',34,'','','',0,0,0,0,1,2,4,NULL,0,'2022-09-29 23:50:32','2022-09-29 23:50:32'),(484,'Cervantes ','Tacuri','Anthony','Joel','1997-09-04','Soltero/a','San Eduardo Coop. Virgen Del Cisne Mz. 683 S.1','988321403','Cedula','956546451','Masculino',0,454.00,NULL,'Operador Blindaje','2022-06-17','2022-08-04',NULL,'8:00:00','0:00:00','13:00:00','0:00:00','','','Banco',34,'Bolivariano','1741227330','Ahorro',0,0,0,0,1,2,4,NULL,0,'2022-09-29 23:50:36','2022-09-29 23:50:36'),(485,'Brown','Benitez','Christian ','Gregorio','1985-12-06','Soltero/a','DurÇ­n Primavera 2 Sl 2 mz 16 vila 11','0988719088','Cedula','0922883459','Masculino',1,454.00,0.00,'Operador Blindaje','2022-06-21','2022-08-22',NULL,'8:00:00','0:00:00','13:00:00','0:00:00','','','Cheque',34,'','','',0,0,0,0,1,2,4,NULL,0,'2022-09-29 23:50:39','2022-10-12 17:48:11'),(486,'Hinostroza','Rodriguez','Edison','Andres','2003-09-16','Soltero/a','La 17 y la LL','0979240678','Cedula','0954198552','Masculino',0,454.00,150.00,'Operador blindaje','2022-07-01','0000-00-00',NULL,'08:00:00','17:00:00','13:00:00','14:00:00','','','Cheque',34,'','','',0,0,0,0,0,2,4,'edisonandres635@gmail.com',1,'2022-09-29 23:50:43','2022-11-16 21:18:13'),(487,'Jimenez ','Carranza','Danny','Efrain','2002-02-28','Soltero/a','Olmedo y Callejon Parra Samborondon','0','Cedula','0944213644','Masculino',0,430.00,150.00,'Auxiliar Limpieza','2022-07-11','0000-00-00',NULL,'8:00:00','0:00:00','13:00:00','0:00:00','','','Cheque',34,'','','',0,0,0,0,0,2,4,'dannyefrainjimenez@gmail.com',1,'2022-09-29 23:50:47','2022-11-02 16:21:05'),(488,'Centeno','Alcivar','Jefferson ','Rafael ','1999-05-18','Soltero/a','Villa Bonita Mi Lote','0984120302','Cedula','0850310590','Masculino',0,454.00,150.00,'Operador Blindaje','2022-07-12','2022-08-31',NULL,'8:00:00','0:00:00','13:00:00','0:00:00','','','Cheque',34,'','','',0,0,0,0,1,2,4,NULL,0,'2022-09-29 23:50:51','2022-10-19 17:13:36'),(489,'Alay ','Ramirez','Oscar ','Michael','2002-07-03','Soltero/a','Duran El Recreo 4ta etapa mz 418 v19','0985444861','Cedula','0950010900','Masculino',0,450.00,150.00,'MENSAJERO','2022-08-01','0000-00-00',NULL,'8:00:00','0:00:00','13:00:00','0:00:00','','','Cheque',34,'','','',0,0,0,0,0,6,6,NULL,0,'2022-09-29 23:50:54','2022-10-11 06:31:51'),(490,'Mieles','Cevallos','Diego','Enrique','2000-05-02','Soltero/a','Horizontes del fortin mz 2058 SL19','0985873474','Cedula','0954127056','Masculino',0,454.00,150.00,'Operador de Blindaje','2022-08-01','0000-00-00',NULL,'8:00:00','0:00:00','13:00:00','0:00:00','','21/7/2022','Cheque',34,'','','',0,0,0,0,0,2,6,NULL,0,'2022-09-29 23:50:58','2022-10-11 06:32:10'),(491,'Barberan','Flores','Pedro','Salomon','1987-07-23','Union Libre','Coop. Francisco JÇ­comen MZ 309 sL.07','0994365452','Cedula','0926697178','Masculino',1,454.00,150.00,'Operador blindaje','2022-08-01','0000-00-00',NULL,'8:00:00','0:00:00','13:00:00','0:00:00','','22/7/2022','Cheque',34,'','','',0,0,0,1,0,2,6,NULL,0,'2022-09-29 23:51:01','2022-10-24 22:15:45'),(492,'Cornejo','Meza','Nicolas','Oscars','2000-09-11','Soltero/a','Sauces 9 MZ 565 VILLA 07 Planta baja','0989608242','Cedula','1208371078','Masculino',0,454.00,150.00,'Operador blindaje','2022-08-01','0000-00-00',NULL,'8:00:00','0:00:00','13:00:00','0:00:00','','26/7/2022','Cheque',34,'','','',0,0,0,0,0,2,6,NULL,0,'2022-09-29 23:51:05','2022-10-11 06:32:18'),(493,'Boconzaca','Guartazaca','Ronny','Bryan','1994-10-24','Soltero/a','norte','0981180900','Cedula','0930478383','Masculino',0,454.00,150.00,'Operador blindaje','2022-09-05','0000-00-00',NULL,'8:00:00','0:00:00','12:00:00','0:00:00','','','Cheque',34,'','','',0,0,0,0,0,2,4,'rboconzaca@gmail.com',1,'2022-09-29 23:51:09','2022-11-02 16:15:58'),(494,'Renteria','Diaz','Katherine','Estefania','2001-03-01','Soltero/a','Cdla. Alborada I Etapa Mz K V9','0962735683','Cedula','1207979442','Masculino',0,500.00,200.00,'Asistente Importaciones','2022-09-14','0000-00-00',NULL,'9:00:00','0:00:00','13:30:00','0:00:00','','','Banco',34,'Bolivariano','1721107440','Ahorro',0,0,0,0,0,17,1,'katherinerenteria@ecuavia.com',1,'2022-09-29 23:51:12','2022-11-02 16:22:55'),(500,'Malagón','Cardona','Grace','Kelly ','1993-09-18','Casado/a',NULL,NULL,'Cedula','0929640555','Femenino',2,550.00,200.00,'Recepcionista taller','2022-09-16',NULL,NULL,'08:00:00','17:00:00','13:00:00','14:00:00','0929640555',NULL,'Cheque',34,NULL,NULL,NULL,NULL,NULL,NULL,0,0,8,1,'kellymalagon@ecuavia.com',1,'2022-10-12 16:39:03','2022-10-31 04:05:45'),(501,'Vera','Pacheco ','Alex','Brayan','1997-02-23','Union Libre','GUASMO SUR COOP MOLINA MZ 9 SL 13','0999637088','Cedula','0952881332','Masculino',2,454.00,150.00,'Operador de Blindaje','2022-09-17',NULL,NULL,'08:00:00','17:00:00','01:00:00','02:00:00',NULL,NULL,'Cheque',34,'Bolivariano',NULL,NULL,NULL,NULL,NULL,0,0,2,4,'alexverap19@gmail.com',1,'2022-10-19 17:15:45','2022-11-02 16:28:12'),(502,'Campoverde','Olivo','Francisco ','Javier','1999-06-26','Soltero/a','Guasmo Central Mz 1763 S.10','0961547242','Cedula','0941216392','Masculino',NULL,454.00,150.00,'Operador de Blindaje','2022-10-24',NULL,NULL,'08:00:00','17:00:00','13:00:00','14:00:00',NULL,NULL,'Cheque',34,NULL,NULL,NULL,NULL,1,1,0,0,2,4,'francampoverde12@gmail.com',0,'2022-10-26 14:32:09','2022-11-02 14:48:49'),(504,'Jaen','Espinoza','Jorge','Lizardo','1984-04-07','Soltero/a','Km 8 1/2 vía a Daule \"Ciudadela Florida Norte\"','0979283310','Cedula','0925619850','Masculino',NULL,700.00,250.00,'Operador Electromecánico','2022-11-01',NULL,NULL,'08:00:00','17:00:00','12:00:00','13:00:00',NULL,NULL,'Banco',34,'Bolivariano','0931315406','Ahorro',0,NULL,NULL,0,0,2,4,'jorgejaen-89@hotmail.com',1,'2022-11-08 19:02:23','2022-11-15 17:16:11'),(505,'Mantilla','Veliz','Kleber','Andres','1999-10-19','Soltero/a','Colinas de la alborada mz 792 v22','0963379626','Cedula','0953421757','Masculino',1,454.00,150.00,'Operador de blindaje automotriz','2022-11-08',NULL,NULL,'08:00:00','17:00:00','12:30:00','13:30:00',NULL,NULL,'Cheque',34,NULL,NULL,'Ahorro',NULL,NULL,NULL,0,0,2,6,'klebermantilla@outlook.com',1,'2022-11-21 15:56:41','2022-11-21 15:57:53'),(506,'Macias','Salazar','Oscar','Steven','1995-04-17','Casado/a','Rosendo Avilés 107B entre Tungurahua y Lizardo García','0998632780','Cedula','0930786199','Masculino',2,454.00,150.00,'Operador de Blindaje automotriz','2022-11-09',NULL,NULL,'08:00:00','17:00:00','12:30:00','13:30:00',NULL,NULL,'Cheque',34,NULL,NULL,NULL,NULL,NULL,NULL,0,0,2,6,'oscarihno_macias@hotmail.com',1,'2022-11-21 16:08:58','2022-11-21 16:09:58');
/*!40000 ALTER TABLE `empleado` ENABLE KEYS */;
UNLOCK TABLES;

--
-- Table structure for table `empresa`
--

DROP TABLE IF EXISTS `empresa`;
/*!40101 SET @saved_cs_client     = @@character_set_client */;
/*!50503 SET character_set_client = utf8mb4 */;
CREATE TABLE `empresa` (
  `id` int NOT NULL AUTO_INCREMENT,
  `nombre` varchar(100) DEFAULT NULL,
  `createdAt` datetime DEFAULT NULL,
  `updatedAt` datetime DEFAULT NULL,
  PRIMARY KEY (`id`)
) ENGINE=InnoDB AUTO_INCREMENT=7 DEFAULT CHARSET=utf8mb4 COLLATE=utf8mb4_0900_ai_ci;
/*!40101 SET character_set_client = @saved_cs_client */;

--
-- Dumping data for table `empresa`
--

LOCK TABLES `empresa` WRITE;
/*!40000 ALTER TABLE `empresa` DISABLE KEYS */;
INSERT INTO `empresa` VALUES (1,'ECUAVIA S.A',NULL,NULL),(2,'DETALLERES S.A.',NULL,NULL),(3,'DESITREX S.A.',NULL,NULL),(4,'ARMORCAR DEL ECUADOR S.A.',NULL,NULL),(6,'BLINDSTOCK S.A',NULL,NULL);
/*!40000 ALTER TABLE `empresa` ENABLE KEYS */;
UNLOCK TABLES;

--
-- Table structure for table `ingreso_egreso`
--

DROP TABLE IF EXISTS `ingreso_egreso`;
/*!40101 SET @saved_cs_client     = @@character_set_client */;
/*!50503 SET character_set_client = utf8mb4 */;
CREATE TABLE `ingreso_egreso` (
  `id` int NOT NULL AUTO_INCREMENT,
  `nombre` varchar(100) DEFAULT NULL,
  `tipo` varchar(50) DEFAULT NULL,
  `estado` tinyint(1) DEFAULT NULL,
  `createdAt` datetime DEFAULT NULL,
  `updatedAt` datetime DEFAULT NULL,
  PRIMARY KEY (`id`)
) ENGINE=InnoDB AUTO_INCREMENT=38 DEFAULT CHARSET=utf8mb4 COLLATE=utf8mb4_0900_ai_ci;
/*!40101 SET character_set_client = @saved_cs_client */;

--
-- Dumping data for table `ingreso_egreso`
--

LOCK TABLES `ingreso_egreso` WRITE;
/*!40000 ALTER TABLE `ingreso_egreso` DISABLE KEYS */;
INSERT INTO `ingreso_egreso` VALUES (3,'Dctos.Seg.Medico','EGRESOS',1,NULL,NULL),(9,'Dctos por atrasos','EGRESOS',1,NULL,NULL),(11,'Vacaciones dias adicionales','INGRESOS',1,NULL,NULL),(12,'Vacaciones Pagadas','INGRESOS',0,NULL,NULL),(14,'Claro - Equip/Chip/Adendum','EGRESOS',1,NULL,NULL),(15,'Otros Dsco. - Contrib.','EGRESOS',1,NULL,NULL),(16,'Claro - Linea Telf.','EGRESOS',1,NULL,NULL),(19,'Bonificacion Produccion','INGRESOS',1,NULL,NULL),(20,'Prestamo Hipotecario IESS','EGRESOS',1,NULL,NULL),(26,'Prestamo Personal','EGRESOS',1,NULL,NULL),(28,'Anticipo 1era quincena','EGRESOS',1,NULL,NULL),(29,'Anticipo 2da quincena','EGRESOS',1,NULL,NULL),(32,'Tablets/Datos','EGRESOS',1,NULL,NULL),(36,'Pension Alimenticia','EGRESOS',1,NULL,NULL),(37,'Descuento por dias no trabajados','EGRESOS',1,NULL,NULL);
/*!40000 ALTER TABLE `ingreso_egreso` ENABLE KEYS */;
UNLOCK TABLES;

--
-- Table structure for table `parametros`
--

DROP TABLE IF EXISTS `parametros`;
/*!40101 SET @saved_cs_client     = @@character_set_client */;
/*!50503 SET character_set_client = utf8mb4 */;
CREATE TABLE `parametros` (
  `id` int NOT NULL AUTO_INCREMENT,
  `nombre` varchar(100) DEFAULT NULL,
  `valor` varchar(100) DEFAULT NULL,
  `createdAt` datetime DEFAULT NULL,
  `updatedAt` datetime DEFAULT NULL,
  PRIMARY KEY (`id`)
) ENGINE=InnoDB AUTO_INCREMENT=7 DEFAULT CHARSET=utf8mb4 COLLATE=utf8mb4_0900_ai_ci;
/*!40101 SET character_set_client = @saved_cs_client */;

--
-- Dumping data for table `parametros`
--

LOCK TABLES `parametros` WRITE;
/*!40000 ALTER TABLE `parametros` DISABLE KEYS */;
INSERT INTO `parametros` VALUES (1,'FONDORESERVA','8.33',NULL,NULL),(2,'IESSPERSONAL','9.45',NULL,NULL),(3,'IESSDEPENDIENTE','3.41',NULL,NULL),(4,'MATERNIDAD','0.25',NULL,NULL),(5,'SUELDOBASICO','425',NULL,NULL),(6,'DIASLABORADOS','30',NULL,NULL);
/*!40000 ALTER TABLE `parametros` ENABLE KEYS */;
UNLOCK TABLES;

--
-- Table structure for table `prueba_fecha`
--

DROP TABLE IF EXISTS `prueba_fecha`;
/*!40101 SET @saved_cs_client     = @@character_set_client */;
/*!50503 SET character_set_client = utf8mb4 */;
CREATE TABLE `prueba_fecha` (
  `id` int NOT NULL AUTO_INCREMENT,
  `prueba_fechacol` varchar(45) DEFAULT 'prueba',
  `fecha` date DEFAULT NULL,
  PRIMARY KEY (`id`)
) ENGINE=InnoDB AUTO_INCREMENT=7 DEFAULT CHARSET=utf8mb4 COLLATE=utf8mb4_0900_ai_ci;
/*!40101 SET character_set_client = @saved_cs_client */;

--
-- Dumping data for table `prueba_fecha`
--

LOCK TABLES `prueba_fecha` WRITE;
/*!40000 ALTER TABLE `prueba_fecha` DISABLE KEYS */;
INSERT INTO `prueba_fecha` VALUES (1,'prueba','2022-08-15'),(2,'prueba','2022-08-15'),(3,'prueba','2022-09-15'),(4,'prueba','2022-09-15'),(5,'prueba','2022-10-15'),(6,'prueba','2022-10-15');
/*!40000 ALTER TABLE `prueba_fecha` ENABLE KEYS */;
UNLOCK TABLES;

--
-- Table structure for table `quincena`
--

DROP TABLE IF EXISTS `quincena`;
/*!40101 SET @saved_cs_client     = @@character_set_client */;
/*!50503 SET character_set_client = utf8mb4 */;
CREATE TABLE `quincena` (
  `id` int NOT NULL AUTO_INCREMENT,
  `empleadoId` int DEFAULT NULL,
  `empresaId` int DEFAULT NULL,
  `areaId` int DEFAULT NULL,
  `valor` decimal(19,2) DEFAULT NULL,
  `fecha` date DEFAULT NULL,
  `createdAt` datetime DEFAULT NULL,
  `updatedAt` datetime DEFAULT NULL,
  PRIMARY KEY (`id`)
) ENGINE=InnoDB AUTO_INCREMENT=1900 DEFAULT CHARSET=utf8mb4 COLLATE=utf8mb4_0900_ai_ci;
/*!40101 SET character_set_client = @saved_cs_client */;

--
-- Dumping data for table `quincena`
--

LOCK TABLES `quincena` WRITE;
/*!40000 ALTER TABLE `quincena` DISABLE KEYS */;
INSERT INTO `quincena` VALUES (1495,451,1,14,150.00,'2022-10-15','2022-10-17 19:10:05','2022-10-19 19:53:31'),(1496,326,1,14,200.00,'2022-10-15','2022-10-17 19:10:05','2022-10-19 19:53:31'),(1497,63,1,14,270.00,'2022-10-15','2022-10-17 19:10:05','2022-10-19 19:53:31'),(1498,231,1,13,350.00,'2022-10-15','2022-10-17 19:10:05','2022-10-19 19:53:31'),(1499,247,1,13,60.00,'2022-10-15','2022-10-17 19:10:05','2022-10-19 19:53:31'),(1500,276,1,11,220.00,'2022-10-15','2022-10-17 19:10:05','2022-10-19 19:53:31'),(1501,273,1,11,520.00,'2022-10-15','2022-10-17 19:10:05','2022-10-19 19:53:31'),(1502,106,1,8,200.00,'2022-10-15','2022-10-17 19:10:05','2022-10-19 19:53:31'),(1503,266,1,8,0.00,'2022-10-15','2022-10-17 19:10:05','2022-10-19 19:53:31'),(1504,294,1,8,0.00,'2022-10-15','2022-10-17 19:10:05','2022-10-19 19:53:31'),(1505,464,1,8,150.00,'2022-10-15','2022-10-17 19:10:05','2022-10-19 19:53:31'),(1506,456,1,8,200.00,'2022-10-15','2022-10-17 19:10:05','2022-10-19 19:53:31'),(1507,500,1,8,150.00,'2022-10-15','2022-10-17 19:10:05','2022-10-19 19:53:31'),(1508,24,1,8,300.00,'2022-10-15','2022-10-17 19:10:05','2022-10-19 19:53:31'),(1509,25,1,8,240.00,'2022-10-15','2022-10-17 19:10:05','2022-10-19 19:53:31'),(1510,263,1,8,200.00,'2022-10-15','2022-10-17 19:10:05','2022-10-19 19:53:31'),(1511,35,1,8,300.00,'2022-10-15','2022-10-17 19:10:05','2022-10-19 19:53:31'),(1512,455,1,8,100.00,'2022-10-15','2022-10-17 19:10:05','2022-10-19 19:53:31'),(1513,39,1,8,320.00,'2022-10-15','2022-10-17 19:10:05','2022-10-19 19:53:31'),(1514,229,1,8,100.00,'2022-10-15','2022-10-17 19:10:05','2022-10-19 19:53:31'),(1515,42,1,8,650.00,'2022-10-15','2022-10-17 19:10:05','2022-10-19 19:53:31'),(1516,214,1,8,220.00,'2022-10-15','2022-10-17 19:10:05','2022-10-19 19:53:31'),(1517,3,1,10,50.00,'2022-10-15','2022-10-17 19:10:05','2022-10-19 19:53:31'),(1518,130,1,10,250.00,'2022-10-15','2022-10-17 19:10:05','2022-10-19 19:53:31'),(1519,9,1,10,100.00,'2022-10-15','2022-10-17 19:10:05','2022-10-19 19:53:31'),(1520,12,1,10,650.00,'2022-10-15','2022-10-17 19:10:05','2022-10-19 19:53:31'),(1521,249,1,10,0.00,'2022-10-15','2022-10-17 19:10:05','2022-10-19 19:53:31'),(1522,18,1,10,300.00,'2022-10-15','2022-10-17 19:10:05','2022-10-19 19:53:31'),(1523,349,1,10,180.00,'2022-10-15','2022-10-17 19:10:05','2022-10-19 19:53:31'),(1524,203,1,10,290.00,'2022-10-15','2022-10-17 19:10:05','2022-10-19 19:53:31'),(1525,57,1,10,100.00,'2022-10-15','2022-10-17 19:10:05','2022-10-19 19:53:31'),(1526,28,1,10,400.00,'2022-10-15','2022-10-17 19:10:05','2022-10-19 19:53:31'),(1527,29,1,10,80.00,'2022-10-15','2022-10-17 19:10:05','2022-10-19 19:53:31'),(1528,385,1,10,200.00,'2022-10-15','2022-10-17 19:10:05','2022-10-19 19:53:31'),(1529,305,1,10,0.00,'2022-10-15','2022-10-17 19:10:05','2022-10-19 19:53:31'),(1530,457,1,7,200.00,'2022-10-15','2022-10-17 19:10:05','2022-10-19 19:53:31'),(1531,246,1,7,200.00,'2022-10-15','2022-10-17 19:10:05','2022-10-19 19:53:31'),(1532,419,1,7,160.00,'2022-10-15','2022-10-17 19:10:05','2022-10-19 19:53:31'),(1533,37,1,7,280.00,'2022-10-15','2022-10-17 19:10:05','2022-10-19 19:53:31'),(1534,478,1,9,150.00,'2022-10-15','2022-10-17 19:10:05','2022-10-19 19:53:31'),(1535,422,1,9,150.00,'2022-10-15','2022-10-17 19:10:05','2022-10-19 19:53:31'),(1536,260,1,9,120.00,'2022-10-15','2022-10-17 19:10:05','2022-10-19 19:53:31'),(1537,465,1,17,150.00,'2022-10-15','2022-10-17 19:10:05','2022-10-19 19:53:31'),(1538,494,1,17,150.00,'2022-10-15','2022-10-17 19:10:05','2022-10-19 19:53:31'),(1539,38,1,17,300.00,'2022-10-15','2022-10-17 19:10:05','2022-10-19 19:53:31'),(1540,4,1,5,180.00,'2022-10-15','2022-10-17 19:10:05','2022-10-19 19:53:31'),(1541,262,1,5,100.00,'2022-10-15','2022-10-17 19:10:05','2022-10-19 19:53:31'),(1542,8,1,5,170.00,'2022-10-15','2022-10-17 19:10:05','2022-10-19 19:53:31'),(1543,179,1,5,0.00,'2022-10-15','2022-10-17 19:10:05','2022-10-19 19:53:31'),(1544,362,1,5,200.00,'2022-10-15','2022-10-17 19:10:05','2022-10-19 19:53:31'),(1545,275,1,5,0.00,'2022-10-15','2022-10-17 19:10:05','2022-10-19 19:53:31'),(1546,373,1,5,160.00,'2022-10-15','2022-10-17 19:10:05','2022-10-19 19:53:31'),(1547,400,1,5,200.00,'2022-10-15','2022-10-17 19:10:05','2022-10-19 19:53:31'),(1548,328,1,5,200.00,'2022-10-15','2022-10-17 19:10:05','2022-10-19 19:53:31'),(1549,113,1,5,300.00,'2022-10-15','2022-10-17 19:10:05','2022-10-19 19:53:31'),(1550,410,1,5,200.00,'2022-10-15','2022-10-17 19:10:05','2022-10-19 19:53:31'),(1551,78,1,12,200.00,'2022-10-15','2022-10-17 19:10:05','2022-10-19 19:53:31'),(1552,60,1,12,240.00,'2022-10-15','2022-10-17 19:10:05','2022-10-19 19:53:31'),(1553,448,1,12,150.00,'2022-10-15','2022-10-17 19:10:05','2022-10-19 19:53:31'),(1554,82,1,12,390.00,'2022-10-15','2022-10-17 19:10:05','2022-10-19 19:53:31'),(1555,124,1,12,150.00,'2022-10-15','2022-10-17 19:10:05','2022-10-19 19:53:31'),(1556,447,1,12,100.00,'2022-10-15','2022-10-17 19:10:05','2022-10-19 19:53:31'),(1557,449,1,12,150.00,'2022-10-15','2022-10-17 19:10:05','2022-10-19 19:53:31'),(1558,476,1,12,100.00,'2022-10-15','2022-10-17 19:10:05','2022-10-19 19:53:31'),(1559,61,1,12,150.00,'2022-10-15','2022-10-17 19:10:05','2022-10-19 19:53:31'),(1560,481,2,6,0.00,'2022-10-15','2022-10-17 19:10:05','2022-10-19 19:53:31'),(1561,450,2,2,200.00,'2022-10-15','2022-10-17 19:10:05','2022-10-19 19:53:31'),(1562,186,2,2,235.00,'2022-10-15','2022-10-17 19:10:05','2022-10-19 19:53:31'),(1563,22,2,2,270.00,'2022-10-15','2022-10-17 19:10:05','2022-10-19 19:53:31'),(1564,169,2,2,175.00,'2022-10-15','2022-10-17 19:10:05','2022-10-19 19:53:31'),(1565,270,2,2,220.00,'2022-10-15','2022-10-17 19:10:05','2022-10-19 19:53:31'),(1566,329,2,2,190.00,'2022-10-15','2022-10-17 19:10:05','2022-10-19 19:53:31'),(1567,32,2,2,310.00,'2022-10-15','2022-10-17 19:10:05','2022-10-19 19:53:31'),(1568,272,2,2,220.00,'2022-10-15','2022-10-17 19:10:05','2022-10-19 19:53:31'),(1569,269,2,2,230.00,'2022-10-15','2022-10-17 19:10:05','2022-10-19 19:53:31'),(1570,421,2,12,150.00,'2022-10-15','2022-10-17 19:10:05','2022-10-19 19:53:31'),(1571,428,2,12,150.00,'2022-10-15','2022-10-17 19:10:05','2022-10-19 19:53:31'),(1572,376,2,12,150.00,'2022-10-15','2022-10-17 19:10:05','2022-10-19 19:53:31'),(1573,76,2,12,170.00,'2022-10-15','2022-10-17 19:10:05','2022-10-19 19:53:31'),(1574,62,2,12,160.00,'2022-10-15','2022-10-17 19:10:05','2022-10-19 19:53:31'),(1575,479,2,12,150.00,'2022-10-15','2022-10-17 19:10:05','2022-10-19 19:53:31'),(1576,404,2,12,150.00,'2022-10-15','2022-10-17 19:10:05','2022-10-19 19:53:31'),(1577,346,2,12,150.00,'2022-10-15','2022-10-17 19:10:05','2022-10-19 19:53:31'),(1578,46,3,6,0.00,'2022-10-15','2022-10-17 19:10:05','2022-10-19 19:53:31'),(1579,440,4,6,240.00,'2022-10-15','2022-10-17 19:10:05','2022-10-19 19:53:31'),(1580,274,4,6,0.00,'2022-10-15','2022-10-17 19:10:05','2022-10-19 19:53:31'),(1581,429,4,6,200.00,'2022-10-15','2022-10-17 19:10:05','2022-10-19 19:53:31'),(1582,482,4,6,150.00,'2022-10-15','2022-10-17 19:10:05','2022-10-19 19:53:31'),(1583,304,4,7,150.00,'2022-10-15','2022-10-17 19:10:05','2022-10-19 19:53:31'),(1584,441,4,5,240.00,'2022-10-15','2022-10-17 19:10:05','2022-10-19 19:53:31'),(1585,206,4,5,1200.00,'2022-10-15','2022-10-17 19:10:05','2022-10-19 19:53:31'),(1586,424,4,2,150.00,'2022-10-15','2022-10-17 19:10:05','2022-10-19 19:53:31'),(1587,460,4,2,150.00,'2022-10-15','2022-10-17 19:10:05','2022-10-19 19:53:31'),(1588,413,4,2,150.00,'2022-10-15','2022-10-17 19:10:05','2022-10-19 19:53:31'),(1589,466,4,2,150.00,'2022-10-15','2022-10-17 19:10:05','2022-10-19 19:53:31'),(1590,493,4,2,150.00,'2022-10-15','2022-10-17 19:10:05','2022-10-19 19:53:31'),(1591,477,4,2,150.00,'2022-10-15','2022-10-17 19:10:05','2022-10-19 19:53:31'),(1592,446,4,2,180.00,'2022-10-15','2022-10-17 19:10:05','2022-10-19 19:53:31'),(1593,458,4,2,150.00,'2022-10-15','2022-10-17 19:10:05','2022-10-19 19:53:31'),(1595,380,4,2,200.00,'2022-10-15','2022-10-17 19:10:05','2022-10-19 19:53:31'),(1596,102,4,2,200.00,'2022-10-15','2022-10-17 19:10:05','2022-10-19 19:53:31'),(1597,72,4,2,85.00,'2022-10-15','2022-10-17 19:10:05','2022-10-19 19:53:31'),(1598,486,4,2,150.00,'2022-10-15','2022-10-17 19:10:05','2022-10-19 19:53:31'),(1599,444,4,2,150.00,'2022-10-15','2022-10-17 19:10:05','2022-10-19 19:53:31'),(1600,487,4,2,150.00,'2022-10-15','2022-10-17 19:10:05','2022-10-19 19:53:31'),(1601,467,4,2,150.00,'2022-10-15','2022-10-17 19:10:05','2022-10-19 19:53:31'),(1602,474,4,2,150.00,'2022-10-15','2022-10-17 19:10:05','2022-10-19 19:53:31'),(1603,83,4,2,270.00,'2022-10-15','2022-10-17 19:10:05','2022-10-19 19:53:31'),(1604,435,4,2,150.00,'2022-10-15','2022-10-17 19:10:05','2022-10-19 19:53:31'),(1605,97,4,2,150.00,'2022-10-15','2022-10-17 19:10:05','2022-10-19 19:53:31'),(1606,87,4,2,160.00,'2022-10-15','2022-10-17 19:10:05','2022-10-19 19:53:31'),(1607,256,4,2,180.00,'2022-10-15','2022-10-17 19:10:05','2022-10-19 19:53:31'),(1608,354,4,2,200.00,'2022-10-15','2022-10-17 19:10:05','2022-10-19 19:53:31'),(1609,472,4,2,150.00,'2022-10-15','2022-10-17 19:10:05','2022-10-19 19:53:31'),(1610,287,4,2,200.00,'2022-10-15','2022-10-17 19:10:05','2022-10-19 19:53:31'),(1611,462,4,2,150.00,'2022-10-15','2022-10-17 19:10:05','2022-10-19 19:53:31'),(1612,343,4,2,200.00,'2022-10-15','2022-10-17 19:10:05','2022-10-19 19:53:31'),(1613,210,4,2,920.00,'2022-10-15','2022-10-17 19:10:05','2022-10-19 19:53:31'),(1614,131,4,2,150.00,'2022-10-15','2022-10-17 19:10:05','2022-10-19 19:53:31'),(1615,433,4,2,150.00,'2022-10-15','2022-10-17 19:10:05','2022-10-19 19:53:31'),(1616,73,4,2,100.00,'2022-10-15','2022-10-17 19:10:05','2022-10-19 19:53:31'),(1617,209,4,2,200.00,'2022-10-15','2022-10-17 19:10:05','2022-10-19 19:53:31'),(1618,461,4,2,150.00,'2022-10-15','2022-10-17 19:10:05','2022-10-19 19:53:31'),(1619,331,4,2,200.00,'2022-10-15','2022-10-17 19:10:05','2022-10-19 19:53:31'),(1620,233,4,12,170.00,'2022-10-15','2022-10-17 19:10:05','2022-10-19 19:53:31'),(1621,65,4,12,130.00,'2022-10-15','2022-10-17 19:10:05','2022-10-19 19:53:31'),(1622,252,4,12,150.00,'2022-10-15','2022-10-17 19:10:05','2022-10-19 19:53:31'),(1623,417,4,12,150.00,'2022-10-15','2022-10-17 19:10:05','2022-10-19 19:53:31'),(1624,253,4,12,150.00,'2022-10-15','2022-10-17 19:10:05','2022-10-19 19:53:31'),(1625,489,6,6,150.00,'2022-10-15','2022-10-17 19:10:05','2022-10-19 19:53:31'),(1626,491,6,2,150.00,'2022-10-15','2022-10-17 19:10:05','2022-10-19 19:53:31'),(1627,492,6,2,150.00,'2022-10-15','2022-10-17 19:10:05','2022-10-19 19:53:31'),(1628,490,6,2,150.00,'2022-10-15','2022-10-17 19:10:05','2022-10-19 19:53:31'),(1629,451,1,14,150.00,'2022-09-15','2022-10-17 19:19:06','2022-10-17 19:19:06'),(1630,326,1,14,200.00,'2022-09-15','2022-10-17 19:19:06','2022-10-17 19:19:06'),(1631,63,1,14,270.00,'2022-09-15','2022-10-17 19:19:06','2022-10-17 19:19:06'),(1632,231,1,13,350.00,'2022-09-15','2022-10-17 19:19:06','2022-10-17 19:19:06'),(1633,247,1,13,60.00,'2022-09-15','2022-10-17 19:19:06','2022-10-17 19:19:06'),(1634,276,1,11,220.00,'2022-09-15','2022-10-17 19:19:06','2022-10-17 19:19:06'),(1635,273,1,11,520.00,'2022-09-15','2022-10-17 19:19:06','2022-10-17 19:19:06'),(1636,106,1,8,200.00,'2022-09-15','2022-10-17 19:19:06','2022-10-17 19:19:06'),(1637,266,1,8,0.00,'2022-09-15','2022-10-17 19:19:06','2022-10-17 19:19:06'),(1638,294,1,8,0.00,'2022-09-15','2022-10-17 19:19:06','2022-10-17 19:19:06'),(1639,464,1,8,150.00,'2022-09-15','2022-10-17 19:19:06','2022-10-17 19:19:06'),(1640,456,1,8,200.00,'2022-09-15','2022-10-17 19:19:06','2022-10-17 19:19:06'),(1641,500,1,8,150.00,'2022-09-15','2022-10-17 19:19:06','2022-10-17 19:19:06'),(1642,24,1,8,300.00,'2022-09-15','2022-10-17 19:19:06','2022-10-17 19:19:06'),(1643,25,1,8,240.00,'2022-09-15','2022-10-17 19:19:06','2022-10-17 19:19:06'),(1644,263,1,8,200.00,'2022-09-15','2022-10-17 19:19:06','2022-10-17 19:19:06'),(1645,35,1,8,300.00,'2022-09-15','2022-10-17 19:19:06','2022-10-17 19:19:06'),(1646,455,1,8,150.00,'2022-09-15','2022-10-17 19:19:06','2022-10-17 19:19:06'),(1647,39,1,8,320.00,'2022-09-15','2022-10-17 19:19:06','2022-10-17 19:19:06'),(1648,229,1,8,100.00,'2022-09-15','2022-10-17 19:19:06','2022-10-17 19:19:06'),(1649,42,1,8,650.00,'2022-09-15','2022-10-17 19:19:06','2022-10-17 19:19:06'),(1650,214,1,8,220.00,'2022-09-15','2022-10-17 19:19:06','2022-10-17 19:19:06'),(1651,3,1,10,0.00,'2022-09-15','2022-10-17 19:19:06','2022-10-17 19:19:06'),(1652,130,1,10,250.00,'2022-09-15','2022-10-17 19:19:06','2022-10-17 19:19:06'),(1653,9,1,10,100.00,'2022-09-15','2022-10-17 19:19:06','2022-10-17 19:19:06'),(1654,12,1,10,650.00,'2022-09-15','2022-10-17 19:19:06','2022-10-17 19:19:06'),(1655,249,1,10,240.00,'2022-09-15','2022-10-17 19:19:06','2022-10-17 19:19:06'),(1656,18,1,10,300.00,'2022-09-15','2022-10-17 19:19:06','2022-10-17 19:19:06'),(1657,349,1,10,180.00,'2022-09-15','2022-10-17 19:19:06','2022-10-17 19:19:06'),(1658,203,1,10,290.00,'2022-09-15','2022-10-17 19:19:06','2022-10-17 19:19:06'),(1659,57,1,10,100.00,'2022-09-15','2022-10-17 19:19:06','2022-10-17 19:19:06'),(1660,28,1,10,400.00,'2022-09-15','2022-10-17 19:19:06','2022-10-17 19:19:06'),(1661,29,1,10,80.00,'2022-09-15','2022-10-17 19:19:06','2022-10-17 19:19:06'),(1662,385,1,10,200.00,'2022-09-15','2022-10-17 19:19:06','2022-10-17 19:19:06'),(1663,305,1,10,0.00,'2022-09-15','2022-10-17 19:19:06','2022-10-17 19:19:06'),(1664,457,1,7,200.00,'2022-09-15','2022-10-17 19:19:06','2022-10-17 19:19:06'),(1665,246,1,7,200.00,'2022-09-15','2022-10-17 19:19:06','2022-10-17 19:19:06'),(1666,419,1,7,160.00,'2022-09-15','2022-10-17 19:19:06','2022-10-17 19:19:06'),(1667,37,1,7,280.00,'2022-09-15','2022-10-17 19:19:06','2022-10-17 19:19:06'),(1668,478,1,9,150.00,'2022-09-15','2022-10-17 19:19:06','2022-10-17 19:19:06'),(1669,422,1,9,150.00,'2022-09-15','2022-10-17 19:19:06','2022-10-17 19:19:06'),(1670,260,1,9,120.00,'2022-09-15','2022-10-17 19:19:06','2022-10-17 19:19:06'),(1671,465,1,17,150.00,'2022-09-15','2022-10-17 19:19:06','2022-10-17 19:19:06'),(1672,494,1,17,150.00,'2022-09-15','2022-10-17 19:19:06','2022-10-17 19:19:06'),(1673,38,1,17,300.00,'2022-09-15','2022-10-17 19:19:06','2022-10-17 19:19:06'),(1674,4,1,5,180.00,'2022-09-15','2022-10-17 19:19:06','2022-10-17 19:19:06'),(1675,262,1,5,100.00,'2022-09-15','2022-10-17 19:19:06','2022-10-17 19:19:06'),(1676,8,1,5,170.00,'2022-09-15','2022-10-17 19:19:06','2022-10-17 19:19:06'),(1677,179,1,5,0.00,'2022-09-15','2022-10-17 19:19:06','2022-10-17 19:19:06'),(1678,362,1,5,200.00,'2022-09-15','2022-10-17 19:19:06','2022-10-17 19:19:06'),(1679,275,1,5,0.00,'2022-09-15','2022-10-17 19:19:06','2022-10-17 19:19:06'),(1680,373,1,5,160.00,'2022-09-15','2022-10-17 19:19:06','2022-10-17 19:19:06'),(1681,400,1,5,200.00,'2022-09-15','2022-10-17 19:19:06','2022-10-17 19:19:06'),(1682,328,1,5,200.00,'2022-09-15','2022-10-17 19:19:06','2022-10-17 19:19:06'),(1683,113,1,5,300.00,'2022-09-15','2022-10-17 19:19:06','2022-10-17 19:19:06'),(1684,410,1,5,200.00,'2022-09-15','2022-10-17 19:19:06','2022-10-17 19:19:06'),(1685,78,1,12,200.00,'2022-09-15','2022-10-17 19:19:06','2022-10-17 19:19:06'),(1686,60,1,12,240.00,'2022-09-15','2022-10-17 19:19:06','2022-10-17 19:19:06'),(1687,448,1,12,150.00,'2022-09-15','2022-10-17 19:19:06','2022-10-17 19:19:06'),(1688,82,1,12,390.00,'2022-09-15','2022-10-17 19:19:06','2022-10-17 19:19:06'),(1689,124,1,12,150.00,'2022-09-15','2022-10-17 19:19:06','2022-10-17 19:19:06'),(1690,447,1,12,100.00,'2022-09-15','2022-10-17 19:19:06','2022-10-17 19:19:06'),(1691,449,1,12,150.00,'2022-09-15','2022-10-17 19:19:06','2022-10-17 19:19:06'),(1692,476,1,12,100.00,'2022-09-15','2022-10-17 19:19:06','2022-10-17 19:19:06'),(1693,61,1,12,150.00,'2022-09-15','2022-10-17 19:19:06','2022-10-17 19:19:06'),(1694,481,2,6,0.00,'2022-09-15','2022-10-17 19:19:06','2022-10-17 19:19:06'),(1695,450,2,2,200.00,'2022-09-15','2022-10-17 19:19:06','2022-10-17 19:19:06'),(1696,186,2,2,235.00,'2022-09-15','2022-10-17 19:19:06','2022-10-17 19:19:06'),(1697,22,2,2,270.00,'2022-09-15','2022-10-17 19:19:06','2022-10-17 19:19:06'),(1698,169,2,2,175.00,'2022-09-15','2022-10-17 19:19:06','2022-10-17 19:19:06'),(1699,270,2,2,220.00,'2022-09-15','2022-10-17 19:19:06','2022-10-17 19:19:06'),(1700,329,2,2,190.00,'2022-09-15','2022-10-17 19:19:06','2022-10-17 19:19:06'),(1701,32,2,2,310.00,'2022-09-15','2022-10-17 19:19:06','2022-10-17 19:19:06'),(1702,272,2,2,220.00,'2022-09-15','2022-10-17 19:19:06','2022-10-17 19:19:06'),(1703,269,2,2,230.00,'2022-09-15','2022-10-17 19:19:06','2022-10-17 19:19:06'),(1704,421,2,12,150.00,'2022-09-15','2022-10-17 19:19:06','2022-10-17 19:19:06'),(1705,428,2,12,150.00,'2022-09-15','2022-10-17 19:19:06','2022-10-17 19:19:06'),(1706,376,2,12,150.00,'2022-09-15','2022-10-17 19:19:06','2022-10-17 19:19:06'),(1707,76,2,12,170.00,'2022-09-15','2022-10-17 19:19:06','2022-10-17 19:19:06'),(1708,62,2,12,160.00,'2022-09-15','2022-10-17 19:19:06','2022-10-17 19:19:06'),(1709,479,2,12,150.00,'2022-09-15','2022-10-17 19:19:06','2022-10-17 19:19:06'),(1710,404,2,12,150.00,'2022-09-15','2022-10-17 19:19:06','2022-10-17 19:19:06'),(1711,346,2,12,150.00,'2022-09-15','2022-10-17 19:19:06','2022-10-17 19:19:06'),(1712,46,3,6,0.00,'2022-09-15','2022-10-17 19:19:06','2022-10-17 19:19:06'),(1713,440,4,6,240.00,'2022-09-15','2022-10-17 19:19:06','2022-10-17 19:19:06'),(1714,274,4,6,0.00,'2022-09-15','2022-10-17 19:19:06','2022-10-17 19:19:06'),(1715,429,4,6,200.00,'2022-09-15','2022-10-17 19:19:06','2022-10-17 19:19:06'),(1716,482,4,6,150.00,'2022-09-15','2022-10-17 19:19:06','2022-10-17 19:19:06'),(1717,304,4,7,150.00,'2022-09-15','2022-10-17 19:19:06','2022-10-17 19:19:06'),(1718,441,4,5,240.00,'2022-09-15','2022-10-17 19:19:06','2022-10-17 19:19:06'),(1719,206,4,5,1200.00,'2022-09-15','2022-10-17 19:19:06','2022-10-17 19:19:06'),(1720,424,4,2,150.00,'2022-09-15','2022-10-17 19:19:06','2022-10-17 19:19:06'),(1721,460,4,2,150.00,'2022-09-15','2022-10-17 19:19:06','2022-10-17 19:19:06'),(1722,413,4,2,150.00,'2022-09-15','2022-10-17 19:19:06','2022-10-17 19:19:06'),(1723,466,4,2,150.00,'2022-09-15','2022-10-17 19:19:06','2022-10-17 19:19:06'),(1724,493,4,2,150.00,'2022-09-15','2022-10-17 19:19:06','2022-10-17 19:19:06'),(1725,477,4,2,150.00,'2022-09-15','2022-10-17 19:19:06','2022-10-17 19:19:06'),(1726,446,4,2,150.00,'2022-09-15','2022-10-17 19:19:06','2022-10-17 19:19:06'),(1727,458,4,2,150.00,'2022-09-15','2022-10-17 19:19:06','2022-10-17 19:19:06'),(1729,380,4,2,150.00,'2022-09-15','2022-10-17 19:19:06','2022-10-17 19:19:06'),(1730,102,4,2,100.00,'2022-09-15','2022-10-17 19:19:06','2022-10-17 19:19:06'),(1731,72,4,2,85.00,'2022-09-15','2022-10-17 19:19:06','2022-10-17 19:19:06'),(1732,486,4,2,150.00,'2022-09-15','2022-10-17 19:19:06','2022-10-17 19:19:06'),(1733,444,4,2,150.00,'2022-09-15','2022-10-17 19:19:06','2022-10-17 19:19:06'),(1734,487,4,2,150.00,'2022-09-15','2022-10-17 19:19:06','2022-10-17 19:19:06'),(1735,467,4,2,150.00,'2022-09-15','2022-10-17 19:19:06','2022-10-17 19:19:06'),(1736,474,4,2,150.00,'2022-09-15','2022-10-17 19:19:06','2022-10-17 19:19:06'),(1737,83,4,2,270.00,'2022-09-15','2022-10-17 19:19:06','2022-10-17 19:19:06'),(1738,435,4,2,150.00,'2022-09-15','2022-10-17 19:19:06','2022-10-17 19:19:06'),(1739,97,4,2,150.00,'2022-09-15','2022-10-17 19:19:06','2022-10-17 19:19:06'),(1740,87,4,2,160.00,'2022-09-15','2022-10-17 19:19:06','2022-10-17 19:19:06'),(1741,256,4,2,180.00,'2022-09-15','2022-10-17 19:19:06','2022-10-17 19:19:06'),(1742,354,4,2,150.00,'2022-09-15','2022-10-17 19:19:06','2022-10-17 19:19:06'),(1743,472,4,2,150.00,'2022-09-15','2022-10-17 19:19:06','2022-10-17 19:19:06'),(1744,287,4,2,150.00,'2022-09-15','2022-10-17 19:19:06','2022-10-17 19:19:06'),(1745,462,4,2,150.00,'2022-09-15','2022-10-17 19:19:06','2022-10-17 19:19:06'),(1746,343,4,2,150.00,'2022-09-15','2022-10-17 19:19:06','2022-10-17 19:19:06'),(1747,210,4,2,920.00,'2022-09-15','2022-10-17 19:19:06','2022-10-17 19:19:06'),(1748,131,4,2,150.00,'2022-09-15','2022-10-17 19:19:06','2022-10-17 19:19:06'),(1749,433,4,2,150.00,'2022-09-15','2022-10-17 19:19:06','2022-10-17 19:19:06'),(1750,73,4,2,50.00,'2022-09-15','2022-10-17 19:19:06','2022-10-17 19:19:06'),(1751,209,4,2,200.00,'2022-09-15','2022-10-17 19:19:06','2022-10-17 19:19:06'),(1752,461,4,2,150.00,'2022-09-15','2022-10-17 19:19:06','2022-10-17 19:19:06'),(1753,331,4,2,150.00,'2022-09-15','2022-10-17 19:19:06','2022-10-17 19:19:06'),(1754,233,4,12,170.00,'2022-09-15','2022-10-17 19:19:06','2022-10-17 19:19:06'),(1755,65,4,12,130.00,'2022-09-15','2022-10-17 19:19:06','2022-10-17 19:19:06'),(1756,252,4,12,150.00,'2022-09-15','2022-10-17 19:19:06','2022-10-17 19:19:06'),(1757,417,4,12,150.00,'2022-09-15','2022-10-17 19:19:06','2022-10-17 19:19:06'),(1758,253,4,12,150.00,'2022-09-15','2022-10-17 19:19:06','2022-10-17 19:19:06'),(1759,489,6,6,150.00,'2022-09-15','2022-10-17 19:19:06','2022-10-17 19:19:06'),(1760,491,6,2,150.00,'2022-09-15','2022-10-17 19:19:06','2022-10-17 19:19:06'),(1761,492,6,2,150.00,'2022-09-15','2022-10-17 19:19:06','2022-10-17 19:19:06'),(1762,490,6,2,150.00,'2022-09-15','2022-10-17 19:19:06','2022-10-17 19:19:06'),(1763,501,4,2,150.00,'2022-10-15','2022-10-19 17:30:32','2022-10-19 19:53:31'),(1764,451,1,14,150.00,'2022-11-15','2022-11-09 15:21:51','2022-11-15 14:12:04'),(1765,326,1,14,200.00,'2022-11-15','2022-11-09 15:21:51','2022-11-15 14:12:04'),(1766,63,1,14,270.00,'2022-11-15','2022-11-09 15:21:51','2022-11-15 14:12:04'),(1767,231,1,13,350.00,'2022-11-15','2022-11-09 15:21:51','2022-11-15 14:12:04'),(1768,247,1,13,0.00,'2022-11-15','2022-11-09 15:21:51','2022-11-15 14:12:04'),(1769,276,1,11,220.00,'2022-11-15','2022-11-09 15:21:51','2022-11-15 14:12:04'),(1770,273,1,11,520.00,'2022-11-15','2022-11-09 15:21:51','2022-11-15 14:12:04'),(1771,106,1,8,200.00,'2022-11-15','2022-11-09 15:21:51','2022-11-15 14:12:04'),(1772,456,1,8,200.00,'2022-11-15','2022-11-09 15:21:51','2022-11-15 14:12:04'),(1773,500,1,8,200.00,'2022-11-15','2022-11-09 15:21:51','2022-11-15 14:12:04'),(1774,24,1,8,300.00,'2022-11-15','2022-11-09 15:21:51','2022-11-15 14:12:04'),(1775,25,1,8,240.00,'2022-11-15','2022-11-09 15:21:51','2022-11-15 14:12:04'),(1776,263,1,8,200.00,'2022-11-15','2022-11-09 15:21:51','2022-11-15 14:12:04'),(1777,455,1,8,150.00,'2022-11-15','2022-11-09 15:21:51','2022-11-15 14:12:04'),(1778,39,1,8,320.00,'2022-11-15','2022-11-09 15:21:52','2022-11-15 14:12:04'),(1779,229,1,8,100.00,'2022-11-15','2022-11-09 15:21:52','2022-11-15 14:12:04'),(1780,42,1,8,650.00,'2022-11-15','2022-11-09 15:21:52','2022-11-15 14:12:04'),(1781,266,1,18,0.00,'2022-11-15','2022-11-09 15:21:52','2022-11-15 14:12:04'),(1782,294,1,18,0.00,'2022-11-15','2022-11-09 15:21:52','2022-11-15 14:12:04'),(1783,464,1,18,150.00,'2022-11-15','2022-11-09 15:21:52','2022-11-15 14:12:04'),(1784,35,1,18,300.00,'2022-11-15','2022-11-09 15:21:52','2022-11-15 14:12:04'),(1785,214,1,18,220.00,'2022-11-15','2022-11-09 15:21:52','2022-11-15 14:12:04'),(1786,3,1,10,50.00,'2022-11-15','2022-11-09 15:21:52','2022-11-15 14:12:04'),(1787,130,1,10,250.00,'2022-11-15','2022-11-09 15:21:52','2022-11-15 14:12:04'),(1788,9,1,10,100.00,'2022-11-15','2022-11-09 15:21:52','2022-11-15 14:12:04'),(1789,12,1,10,650.00,'2022-11-15','2022-11-09 15:21:52','2022-11-15 14:12:04'),(1790,249,1,10,240.00,'2022-11-15','2022-11-09 15:21:52','2022-11-15 14:12:04'),(1791,18,1,10,300.00,'2022-11-15','2022-11-09 15:21:52','2022-11-15 14:12:04'),(1792,349,1,10,250.00,'2022-11-15','2022-11-09 15:21:52','2022-11-15 14:12:04'),(1793,203,1,10,290.00,'2022-11-15','2022-11-09 15:21:52','2022-11-15 14:12:04'),(1794,57,1,10,100.00,'2022-11-15','2022-11-09 15:21:52','2022-11-15 14:12:04'),(1795,28,1,10,400.00,'2022-11-15','2022-11-09 15:21:52','2022-11-15 14:12:04'),(1796,29,1,10,180.00,'2022-11-15','2022-11-09 15:21:52','2022-11-15 14:12:04'),(1797,385,1,10,200.00,'2022-11-15','2022-11-09 15:21:52','2022-11-15 14:12:04'),(1798,305,1,10,0.00,'2022-11-15','2022-11-09 15:21:52','2022-11-15 14:12:04'),(1799,457,1,7,200.00,'2022-11-15','2022-11-09 15:21:52','2022-11-15 14:12:04'),(1800,246,1,7,200.00,'2022-11-15','2022-11-09 15:21:52','2022-11-15 14:12:04'),(1801,419,1,7,160.00,'2022-11-15','2022-11-09 15:21:52','2022-11-15 14:12:04'),(1802,37,1,7,280.00,'2022-11-15','2022-11-09 15:21:52','2022-11-15 14:12:04'),(1803,478,1,9,150.00,'2022-11-15','2022-11-09 15:21:52','2022-11-15 14:12:04'),(1804,422,1,9,150.00,'2022-11-15','2022-11-09 15:21:52','2022-11-15 14:12:04'),(1805,260,1,9,120.00,'2022-11-15','2022-11-09 15:21:52','2022-11-15 14:12:04'),(1806,465,1,17,150.00,'2022-11-15','2022-11-09 15:21:52','2022-11-15 14:12:04'),(1807,494,1,17,200.00,'2022-11-15','2022-11-09 15:21:52','2022-11-15 14:12:04'),(1808,38,1,17,300.00,'2022-11-15','2022-11-09 15:21:52','2022-11-15 14:12:04'),(1809,4,1,5,180.00,'2022-11-15','2022-11-09 15:21:52','2022-11-15 14:12:04'),(1810,262,1,5,100.00,'2022-11-15','2022-11-09 15:21:52','2022-11-15 14:12:04'),(1811,8,1,5,170.00,'2022-11-15','2022-11-09 15:21:52','2022-11-15 14:12:04'),(1812,179,1,5,0.00,'2022-11-15','2022-11-09 15:21:52','2022-11-15 14:12:04'),(1813,362,1,5,200.00,'2022-11-15','2022-11-09 15:21:52','2022-11-15 14:12:04'),(1814,275,1,5,0.00,'2022-11-15','2022-11-09 15:21:52','2022-11-15 14:12:04'),(1815,373,1,5,160.00,'2022-11-15','2022-11-09 15:21:52','2022-11-15 14:12:04'),(1816,400,1,5,200.00,'2022-11-15','2022-11-09 15:21:52','2022-11-15 14:12:04'),(1817,328,1,5,200.00,'2022-11-15','2022-11-09 15:21:52','2022-11-15 14:12:04'),(1818,113,1,5,300.00,'2022-11-15','2022-11-09 15:21:52','2022-11-15 14:12:04'),(1819,410,1,5,200.00,'2022-11-15','2022-11-09 15:21:52','2022-11-15 14:12:04'),(1820,78,1,12,200.00,'2022-11-15','2022-11-09 15:21:52','2022-11-15 14:12:04'),(1821,60,1,12,240.00,'2022-11-15','2022-11-09 15:21:52','2022-11-15 14:12:04'),(1822,448,1,12,150.00,'2022-11-15','2022-11-09 15:21:52','2022-11-15 14:12:04'),(1823,82,1,12,390.00,'2022-11-15','2022-11-09 15:21:52','2022-11-15 14:12:04'),(1824,124,1,12,150.00,'2022-11-15','2022-11-09 15:21:52','2022-11-15 14:12:04'),(1825,447,1,12,100.00,'2022-11-15','2022-11-09 15:21:52','2022-11-15 14:12:04'),(1826,449,1,12,150.00,'2022-11-15','2022-11-09 15:21:52','2022-11-15 14:12:04'),(1827,476,1,12,100.00,'2022-11-15','2022-11-09 15:21:52','2022-11-15 14:12:04'),(1828,61,1,12,150.00,'2022-11-15','2022-11-09 15:21:52','2022-11-15 14:12:04'),(1829,481,2,6,0.00,'2022-11-15','2022-11-09 15:21:52','2022-11-15 14:12:04'),(1830,450,2,2,200.00,'2022-11-15','2022-11-09 15:21:52','2022-11-15 14:12:04'),(1831,186,2,2,235.00,'2022-11-15','2022-11-09 15:21:52','2022-11-15 14:12:04'),(1832,22,2,2,270.00,'2022-11-15','2022-11-09 15:21:52','2022-11-15 14:12:04'),(1833,169,2,2,175.00,'2022-11-15','2022-11-09 15:21:52','2022-11-15 14:12:04'),(1834,270,2,2,220.00,'2022-11-15','2022-11-09 15:21:52','2022-11-15 14:12:04'),(1835,329,2,2,190.00,'2022-11-15','2022-11-09 15:21:52','2022-11-15 14:12:04'),(1836,32,2,2,310.00,'2022-11-15','2022-11-09 15:21:52','2022-11-15 14:12:04'),(1837,272,2,2,220.00,'2022-11-15','2022-11-09 15:21:52','2022-11-15 14:12:04'),(1838,269,2,2,230.00,'2022-11-15','2022-11-09 15:21:52','2022-11-15 14:12:04'),(1839,421,2,12,150.00,'2022-11-15','2022-11-09 15:21:52','2022-11-15 14:12:04'),(1840,428,2,12,150.00,'2022-11-15','2022-11-09 15:21:52','2022-11-15 14:12:04'),(1841,376,2,12,150.00,'2022-11-15','2022-11-09 15:21:52','2022-11-15 14:12:04'),(1842,76,2,12,170.00,'2022-11-15','2022-11-09 15:21:52','2022-11-15 14:12:04'),(1843,62,2,12,160.00,'2022-11-15','2022-11-09 15:21:52','2022-11-15 14:12:04'),(1844,479,2,12,150.00,'2022-11-15','2022-11-09 15:21:52','2022-11-15 14:12:04'),(1845,404,2,12,150.00,'2022-11-15','2022-11-09 15:21:52','2022-11-15 14:12:04'),(1846,346,2,12,150.00,'2022-11-15','2022-11-09 15:21:52','2022-11-15 14:12:04'),(1847,46,3,6,0.00,'2022-11-15','2022-11-09 15:21:52','2022-11-15 14:12:04'),(1848,440,4,6,240.00,'2022-11-15','2022-11-09 15:21:52','2022-11-15 14:12:04'),(1849,274,4,6,0.00,'2022-11-15','2022-11-09 15:21:52','2022-11-15 14:12:04'),(1850,429,4,6,200.00,'2022-11-15','2022-11-09 15:21:52','2022-11-15 14:12:04'),(1851,482,4,6,150.00,'2022-11-15','2022-11-09 15:21:52','2022-11-15 14:12:04'),(1852,304,4,7,150.00,'2022-11-15','2022-11-09 15:21:52','2022-11-15 14:12:04'),(1853,441,4,5,240.00,'2022-11-15','2022-11-09 15:21:52','2022-11-15 14:12:04'),(1854,206,4,5,1200.00,'2022-11-15','2022-11-09 15:21:52','2022-11-15 14:12:04'),(1855,424,4,2,150.00,'2022-11-15','2022-11-09 15:21:53','2022-11-15 14:12:04'),(1856,460,4,2,150.00,'2022-11-15','2022-11-09 15:21:53','2022-11-15 14:12:04'),(1857,413,4,2,180.00,'2022-11-15','2022-11-09 15:21:53','2022-11-15 14:12:04'),(1858,466,4,2,150.00,'2022-11-15','2022-11-09 15:21:53','2022-11-15 14:12:04'),(1859,493,4,2,150.00,'2022-11-15','2022-11-09 15:21:53','2022-11-15 14:12:04'),(1860,477,4,2,150.00,'2022-11-15','2022-11-09 15:21:53','2022-11-15 14:12:04'),(1861,446,4,2,180.00,'2022-11-15','2022-11-09 15:21:53','2022-11-15 14:12:04'),(1862,502,4,2,150.00,'2022-11-15','2022-11-09 15:21:53','2022-11-15 14:12:04'),(1863,458,4,2,150.00,'2022-11-15','2022-11-09 15:21:53','2022-11-15 14:12:04'),(1864,380,4,2,200.00,'2022-11-15','2022-11-09 15:21:53','2022-11-15 14:12:04'),(1865,102,4,2,200.00,'2022-11-15','2022-11-09 15:21:53','2022-11-15 14:12:04'),(1866,72,4,2,85.00,'2022-11-15','2022-11-09 15:21:53','2022-11-15 14:12:04'),(1867,486,4,2,150.00,'2022-11-15','2022-11-09 15:21:53','2022-11-15 14:12:04'),(1868,444,4,2,150.00,'2022-11-15','2022-11-09 15:21:53','2022-11-15 14:12:04'),(1869,504,4,2,250.00,'2022-11-15','2022-11-09 15:21:53','2022-11-15 14:12:04'),(1870,487,4,2,150.00,'2022-11-15','2022-11-09 15:21:53','2022-11-15 14:12:04'),(1871,467,4,2,150.00,'2022-11-15','2022-11-09 15:21:53','2022-11-15 14:12:04'),(1872,474,4,2,150.00,'2022-11-15','2022-11-09 15:21:53','2022-11-15 14:12:04'),(1873,83,4,2,270.00,'2022-11-15','2022-11-09 15:21:53','2022-11-15 14:12:04'),(1874,435,4,2,150.00,'2022-11-15','2022-11-09 15:21:53','2022-11-15 14:12:04'),(1875,97,4,2,200.00,'2022-11-15','2022-11-09 15:21:53','2022-11-15 14:12:04'),(1876,87,4,2,160.00,'2022-11-15','2022-11-09 15:21:53','2022-11-15 14:12:04'),(1877,256,4,2,180.00,'2022-11-15','2022-11-09 15:21:53','2022-11-15 14:12:04'),(1878,354,4,2,200.00,'2022-11-15','2022-11-09 15:21:53','2022-11-15 14:12:04'),(1879,472,4,2,150.00,'2022-11-15','2022-11-09 15:21:53','2022-11-15 14:12:04'),(1880,287,4,2,200.00,'2022-11-15','2022-11-09 15:21:53','2022-11-15 14:12:04'),(1881,462,4,2,150.00,'2022-11-15','2022-11-09 15:21:53','2022-11-15 14:12:05'),(1882,343,4,2,200.00,'2022-11-15','2022-11-09 15:21:53','2022-11-15 14:12:05'),(1883,210,4,2,920.00,'2022-11-15','2022-11-09 15:21:53','2022-11-15 14:12:05'),(1884,131,4,2,150.00,'2022-11-15','2022-11-09 15:21:53','2022-11-15 14:12:05'),(1885,433,4,2,150.00,'2022-11-15','2022-11-09 15:21:53','2022-11-15 14:12:05'),(1886,73,4,2,100.00,'2022-11-15','2022-11-09 15:21:53','2022-11-15 14:12:05'),(1887,501,4,2,150.00,'2022-11-15','2022-11-09 15:21:53','2022-11-15 14:12:05'),(1888,209,4,2,200.00,'2022-11-15','2022-11-09 15:21:53','2022-11-15 14:12:05'),(1889,461,4,2,150.00,'2022-11-15','2022-11-09 15:21:53','2022-11-15 14:12:05'),(1890,331,4,2,200.00,'2022-11-15','2022-11-09 15:21:53','2022-11-15 14:12:05'),(1891,233,4,12,170.00,'2022-11-15','2022-11-09 15:21:53','2022-11-15 14:12:05'),(1892,65,4,12,130.00,'2022-11-15','2022-11-09 15:21:53','2022-11-15 14:12:05'),(1893,252,4,12,150.00,'2022-11-15','2022-11-09 15:21:53','2022-11-15 14:12:05'),(1894,417,4,12,150.00,'2022-11-15','2022-11-09 15:21:53','2022-11-15 14:12:05'),(1895,253,4,12,150.00,'2022-11-15','2022-11-09 15:21:53','2022-11-15 14:12:05'),(1896,489,6,6,150.00,'2022-11-15','2022-11-09 15:21:53','2022-11-15 14:12:05'),(1897,491,6,2,150.00,'2022-11-15','2022-11-09 15:21:53','2022-11-15 14:12:05'),(1898,492,6,2,150.00,'2022-11-15','2022-11-09 15:21:53','2022-11-15 14:12:05'),(1899,490,6,2,150.00,'2022-11-15','2022-11-09 15:21:53','2022-11-15 14:12:05');
/*!40000 ALTER TABLE `quincena` ENABLE KEYS */;
UNLOCK TABLES;

--
-- Table structure for table `rol_pago`
--

DROP TABLE IF EXISTS `rol_pago`;
/*!40101 SET @saved_cs_client     = @@character_set_client */;
/*!50503 SET character_set_client = utf8mb4 */;
CREATE TABLE `rol_pago` (
  `id` int NOT NULL AUTO_INCREMENT,
  `empleadoId` int DEFAULT NULL,
  `empresaId` int DEFAULT NULL,
  `areaId` int DEFAULT NULL,
  `fecha` date DEFAULT NULL,
  `enfermedad` tinyint(1) DEFAULT NULL,
  `maternidad` tinyint(1) DEFAULT NULL,
  `enf_mat` tinyint(1) DEFAULT NULL,
  `maternidad_dias` int DEFAULT NULL,
  `contrato_dias` tinyint(1) DEFAULT NULL,
  `desbloqueo_vacaciones` tinyint(1) DEFAULT NULL,
  `parametro_fondo_reserva` decimal(19,2) DEFAULT NULL,
  `parametro_iess_personal` decimal(19,2) DEFAULT NULL,
  `parametro_iess_dependiente` decimal(19,2) DEFAULT NULL,
  `parametro_maternidad` decimal(19,2) DEFAULT NULL,
  `parametro_sueldo_basico` decimal(19,2) DEFAULT NULL,
  `sueldo` decimal(19,2) DEFAULT NULL,
  `dias_laborados` decimal(19,2) DEFAULT NULL,
  `sueldo_unificado` decimal(19,2) DEFAULT NULL,
  `sobretiempo` decimal(19,2) DEFAULT NULL,
  `bonificacion_produccion` decimal(19,2) DEFAULT NULL,
  `otros_ingresos` decimal(19,2) DEFAULT NULL,
  `vacaciones` decimal(19,2) DEFAULT NULL,
  `vacaciones_pagadas` decimal(19,2) DEFAULT NULL,
  `fondo_reserva` decimal(19,2) DEFAULT NULL,
  `dts` decimal(19,2) DEFAULT NULL,
  `dcs` decimal(19,2) DEFAULT NULL,
  `total_ingresos` decimal(19,2) DEFAULT NULL,
  `iess_personal` decimal(19,2) DEFAULT NULL,
  `iess_dependiente` decimal(19,2) DEFAULT NULL,
  `anticipo` decimal(19,2) DEFAULT NULL,
  `otros_anticipos` decimal(19,2) DEFAULT NULL,
  `iess_pq` decimal(19,2) DEFAULT NULL,
  `iess_ph` decimal(19,2) DEFAULT NULL,
  `comisariato` decimal(19,2) DEFAULT NULL,
  `farmacia` decimal(19,2) DEFAULT NULL,
  `genesis` decimal(19,2) DEFAULT NULL,
  `seguro_medico` decimal(19,2) DEFAULT NULL,
  `claro_equipo` decimal(19,2) DEFAULT NULL,
  `claro_linea` decimal(19,2) DEFAULT NULL,
  `prestamo_personal` decimal(19,2) DEFAULT NULL,
  `descuento_facturas` decimal(19,2) DEFAULT NULL,
  `pension_alimenticia` decimal(19,2) DEFAULT NULL,
  `impuesto_larenta` decimal(19,2) DEFAULT NULL,
  `descuento_dias_notrabajados` decimal(19,2) DEFAULT NULL,
  `atrasos` decimal(19,2) DEFAULT NULL,
  `multa` decimal(19,2) DEFAULT NULL,
  `otros_descuentos` decimal(19,2) DEFAULT NULL,
  `otros_descuentos_contribucion` decimal(19,2) DEFAULT NULL,
  `total_egresos` decimal(19,2) DEFAULT NULL,
  `total_recibir` decimal(19,2) DEFAULT NULL,
  `createdAt` datetime DEFAULT NULL,
  `updatedAt` datetime DEFAULT NULL,
  PRIMARY KEY (`id`)
) ENGINE=InnoDB AUTO_INCREMENT=259 DEFAULT CHARSET=utf8mb4 COLLATE=utf8mb4_0900_ai_ci;
/*!40101 SET character_set_client = @saved_cs_client */;

--
-- Dumping data for table `rol_pago`
--

LOCK TABLES `rol_pago` WRITE;
/*!40000 ALTER TABLE `rol_pago` DISABLE KEYS */;
INSERT INTO `rol_pago` VALUES (1,3,1,10,'2022-10-31',1,0,0,NULL,0,0,8.33,9.45,3.41,0.25,425.00,728.00,23.00,558.13,NULL,23.81,NULL,NULL,NULL,62.63,62.65,35.42,742.64,71.05,25.64,50.00,NULL,270.64,NULL,69.97,30.00,NULL,NULL,NULL,16.80,60.00,NULL,NULL,NULL,NULL,NULL,NULL,NULL,NULL,594.10,148.54,'2022-10-20 21:54:47','2022-10-25 15:32:45'),(2,262,1,5,'2022-10-31',0,0,0,NULL,0,0,8.33,9.45,3.41,0.25,425.00,506.00,30.00,506.00,37.16,NULL,NULL,NULL,NULL,45.25,NULL,NULL,588.41,51.33,NULL,100.00,NULL,60.21,NULL,50.00,NULL,NULL,NULL,NULL,NULL,50.00,NULL,221.65,NULL,NULL,NULL,NULL,NULL,NULL,533.19,55.22,'2022-10-20 21:55:08','2022-10-25 14:06:19'),(3,4,1,5,'2022-10-31',0,0,0,NULL,0,0,8.33,9.45,3.41,0.25,425.00,511.00,30.00,511.00,150.00,NULL,NULL,NULL,NULL,NULL,NULL,NULL,661.00,62.46,22.54,180.00,NULL,NULL,NULL,14.80,NULL,NULL,NULL,NULL,NULL,NULL,NULL,NULL,NULL,NULL,NULL,NULL,NULL,NULL,279.80,381.20,'2022-10-20 21:55:25','2022-10-26 18:02:31'),(4,457,1,7,'2022-10-31',0,0,0,NULL,0,0,8.33,9.45,3.41,0.25,425.00,607.00,30.00,607.00,22.76,23.81,NULL,NULL,NULL,54.44,NULL,NULL,708.01,61.76,NULL,200.00,NULL,24.48,NULL,49.94,NULL,NULL,NULL,NULL,NULL,NULL,NULL,NULL,NULL,NULL,NULL,NULL,NULL,NULL,336.18,371.83,'2022-10-20 21:55:48','2022-10-25 15:23:37'),(5,478,1,9,'2022-10-31',0,0,0,NULL,0,0,8.33,9.45,3.41,0.25,425.00,430.00,30.00,430.00,NULL,83.81,NULL,NULL,NULL,NULL,NULL,NULL,513.81,48.56,NULL,150.00,NULL,NULL,NULL,50.00,NULL,NULL,NULL,NULL,NULL,50.00,NULL,NULL,NULL,NULL,NULL,NULL,NULL,NULL,298.56,215.25,'2022-10-20 21:56:18','2022-10-25 18:21:46'),(6,249,1,10,'2022-10-31',1,0,0,NULL,0,0,8.33,9.45,3.41,0.25,425.00,728.00,1.00,24.27,NULL,NULL,NULL,NULL,NULL,60.64,NULL,NULL,84.91,68.80,NULL,0.00,NULL,NULL,NULL,NULL,NULL,NULL,NULL,NULL,NULL,NULL,NULL,NULL,NULL,NULL,NULL,NULL,NULL,NULL,68.80,16.11,'2022-10-20 21:56:39','2022-10-26 18:34:00'),(7,106,1,8,'2022-10-31',0,0,0,NULL,0,0,8.33,9.45,3.41,0.25,425.00,690.00,30.00,690.00,40.97,23.81,NULL,NULL,NULL,62.87,NULL,NULL,817.65,71.33,NULL,200.00,NULL,114.05,NULL,50.00,NULL,NULL,NULL,34.72,43.87,50.00,NULL,NULL,NULL,NULL,NULL,NULL,NULL,NULL,563.97,253.68,'2022-10-20 21:56:54','2022-10-25 15:21:35'),(8,456,1,8,'2022-10-31',0,0,0,NULL,0,0,8.33,9.45,3.41,0.25,425.00,683.00,30.00,683.00,128.42,23.81,NULL,NULL,NULL,69.57,NULL,NULL,904.80,78.93,NULL,200.00,NULL,NULL,NULL,16.28,NULL,NULL,0.00,NULL,NULL,NULL,NULL,NULL,NULL,NULL,NULL,NULL,NULL,NULL,295.21,609.59,'2022-10-20 21:57:16','2022-10-25 15:23:18'),(9,203,1,10,'2022-10-31',0,0,0,NULL,0,0,8.33,9.45,3.41,0.25,425.00,728.00,30.00,728.00,NULL,207.50,NULL,NULL,NULL,77.93,NULL,NULL,1013.43,88.40,31.90,290.00,NULL,130.38,NULL,28.25,43.33,NULL,NULL,18.16,16.80,NULL,NULL,NULL,NULL,NULL,NULL,NULL,NULL,NULL,647.22,366.21,'2022-10-20 21:58:30','2022-10-26 18:05:18'),(10,82,1,12,'2022-10-31',0,0,0,NULL,0,0,8.33,9.45,3.41,0.25,425.00,887.00,30.00,887.00,275.00,0.00,NULL,NULL,NULL,96.79,96.83,35.42,1391.04,109.81,NULL,390.00,NULL,345.84,NULL,300.00,NULL,NULL,NULL,NULL,40.90,NULL,NULL,NULL,25.00,NULL,NULL,NULL,NULL,NULL,1211.55,179.49,'2022-10-20 21:58:45','2022-10-26 18:42:47'),(11,276,1,11,'2022-10-31',0,0,0,NULL,0,0,8.33,9.45,3.41,0.25,425.00,690.00,30.00,690.00,NULL,NULL,NULL,NULL,NULL,57.48,57.50,35.42,840.40,65.20,NULL,220.00,NULL,76.57,NULL,24.04,NULL,NULL,NULL,NULL,NULL,50.00,NULL,NULL,NULL,NULL,NULL,NULL,NULL,NULL,435.81,404.59,'2022-10-20 21:59:15','2022-10-24 20:26:20'),(12,447,1,12,'2022-10-31',0,0,0,NULL,0,0,8.33,9.45,3.41,0.25,425.00,439.00,30.00,439.00,166.02,NULL,25.00,NULL,NULL,52.48,NULL,NULL,682.50,59.54,NULL,100.00,NULL,186.16,NULL,50.00,39.58,NULL,NULL,48.65,16.80,50.00,NULL,NULL,NULL,NULL,NULL,NULL,NULL,62.52,613.25,69.25,'2022-10-20 21:59:30','2022-10-25 18:23:43'),(13,449,1,12,'2022-10-31',0,0,0,NULL,0,0,8.33,9.45,3.41,0.25,425.00,439.00,30.00,439.00,144.36,NULL,NULL,NULL,NULL,48.59,NULL,NULL,631.95,55.13,NULL,150.00,NULL,101.83,NULL,48.17,40.00,NULL,NULL,NULL,16.80,50.00,NULL,NULL,NULL,NULL,NULL,NULL,NULL,NULL,461.93,170.02,'2022-10-20 21:59:52','2022-10-25 14:07:20'),(14,328,1,5,'2022-10-31',0,0,0,NULL,0,0,8.33,9.45,3.41,0.25,425.00,607.00,30.00,607.00,100.00,NULL,NULL,NULL,NULL,58.89,NULL,NULL,765.89,66.81,NULL,200.00,NULL,NULL,NULL,50.00,NULL,NULL,39.10,NULL,28.00,100.00,NULL,NULL,NULL,NULL,NULL,NULL,NULL,NULL,483.91,281.98,'2022-10-20 22:00:06','2022-10-25 14:24:47'),(15,28,1,10,'2022-10-31',0,0,0,NULL,0,0,8.33,9.45,3.41,0.25,425.00,1032.00,30.00,1032.00,NULL,130.24,NULL,NULL,NULL,NULL,NULL,NULL,1162.24,109.83,39.63,400.00,NULL,202.07,NULL,30.00,30.00,NULL,0.00,NULL,11.20,100.00,NULL,NULL,NULL,NULL,NULL,NULL,NULL,NULL,922.73,239.51,'2022-10-20 22:00:31','2022-10-26 18:03:18'),(16,29,1,10,'2022-10-31',0,0,0,NULL,0,0,8.33,9.45,3.41,0.25,425.00,728.00,30.00,728.00,NULL,186.21,NULL,NULL,NULL,NULL,NULL,NULL,914.21,86.39,NULL,80.00,NULL,132.71,NULL,49.20,NULL,NULL,NULL,49.02,33.60,50.00,NULL,NULL,NULL,NULL,NULL,NULL,NULL,NULL,480.92,433.29,'2022-10-20 22:00:49','2022-10-25 15:12:59'),(17,263,1,8,'2022-10-31',0,0,0,NULL,0,0,8.33,9.45,3.41,0.25,425.00,718.00,30.00,718.00,NULL,23.81,NULL,NULL,NULL,NULL,NULL,NULL,741.81,70.10,25.30,200.00,NULL,161.59,NULL,50.00,NULL,NULL,NULL,NULL,11.20,NULL,NULL,NULL,NULL,NULL,NULL,NULL,NULL,NULL,518.19,223.62,'2022-10-20 22:01:02','2022-10-26 18:06:10'),(18,260,1,9,'2022-10-31',0,0,0,NULL,0,0,8.33,9.45,3.41,0.25,425.00,497.00,30.00,497.00,NULL,23.81,NULL,NULL,NULL,NULL,NULL,NULL,520.81,49.22,NULL,120.00,NULL,146.43,NULL,47.32,NULL,NULL,NULL,NULL,33.60,50.00,NULL,NULL,NULL,NULL,NULL,NULL,NULL,NULL,446.57,74.24,'2022-10-20 22:01:27','2022-10-25 15:18:32'),(19,35,1,18,'2022-10-31',0,0,0,NULL,0,0,8.33,9.45,3.41,0.25,425.00,911.00,30.00,911.00,39.86,177.28,NULL,NULL,NULL,NULL,NULL,NULL,1128.14,106.61,NULL,300.00,NULL,250.02,NULL,80.00,NULL,15.00,NULL,NULL,11.20,NULL,NULL,NULL,NULL,NULL,NULL,NULL,NULL,NULL,762.83,365.31,'2022-10-20 22:01:40','2022-10-25 15:31:05'),(20,419,1,7,'2022-10-31',0,0,0,NULL,0,0,8.33,9.45,3.41,0.25,425.00,430.00,30.00,430.00,20.60,23.81,10.00,NULL,NULL,40.35,NULL,NULL,524.76,45.78,NULL,160.00,NULL,NULL,NULL,50.00,NULL,NULL,NULL,33.50,16.80,30.07,NULL,NULL,NULL,NULL,NULL,NULL,NULL,NULL,336.15,188.61,'2022-10-20 22:01:55','2022-10-25 18:23:33'),(21,37,1,7,'2022-10-31',0,0,0,NULL,0,0,8.33,9.45,3.41,0.25,425.00,893.00,30.00,893.00,82.79,23.81,NULL,NULL,NULL,83.27,NULL,NULL,1082.87,94.46,NULL,280.00,NULL,130.23,NULL,100.00,30.00,NULL,NULL,16.52,16.80,NULL,NULL,NULL,90.00,NULL,NULL,NULL,NULL,NULL,758.01,324.86,'2022-10-20 22:02:11','2022-10-25 23:03:33'),(22,38,1,17,'2022-10-31',0,0,0,NULL,0,0,8.33,9.45,3.41,0.25,425.00,1290.00,30.00,1290.00,200.00,NULL,NULL,NULL,NULL,NULL,NULL,NULL,1490.00,140.80,NULL,300.00,NULL,165.79,NULL,71.84,NULL,NULL,39.10,72.99,28.00,100.00,NULL,NULL,131.24,NULL,NULL,NULL,NULL,NULL,1049.76,440.24,'2022-10-20 22:02:29','2022-10-25 23:04:04'),(23,39,1,8,'2022-10-31',0,0,0,NULL,0,0,8.33,9.45,3.41,0.25,425.00,1029.00,30.00,1029.00,6.38,23.81,NULL,NULL,NULL,NULL,NULL,NULL,1059.19,100.09,36.12,320.00,NULL,307.61,NULL,50.00,NULL,NULL,NULL,NULL,16.80,30.51,NULL,NULL,NULL,NULL,NULL,NULL,NULL,NULL,861.13,198.06,'2022-10-20 22:02:43','2022-10-26 18:03:59'),(24,229,1,8,'2022-10-31',0,0,0,NULL,0,0,8.33,9.45,3.41,0.25,425.00,690.00,30.00,690.00,57.14,23.81,40.00,NULL,NULL,67.55,NULL,NULL,878.50,76.63,NULL,100.00,NULL,68.29,186.60,50.00,NULL,NULL,0.00,16.52,56.00,50.00,NULL,NULL,NULL,NULL,NULL,NULL,NULL,NULL,604.04,274.46,'2022-10-20 22:02:56','2022-10-25 18:24:05'),(25,246,1,7,'2022-10-31',0,0,0,NULL,0,0,8.33,9.45,3.41,0.25,425.00,681.00,30.00,681.00,42.56,23.81,88.00,NULL,NULL,69.59,NULL,NULL,904.96,78.94,28.49,200.00,NULL,NULL,NULL,NULL,NULL,NULL,NULL,5.70,28.00,NULL,NULL,NULL,NULL,NULL,NULL,NULL,NULL,NULL,341.13,563.83,'2022-10-20 22:12:18','2022-10-26 18:05:38'),(26,8,1,5,'2022-10-31',0,0,0,NULL,0,0,8.33,9.45,3.41,0.25,425.00,504.00,30.00,504.00,123.00,NULL,NULL,NULL,NULL,52.23,NULL,NULL,679.23,59.25,NULL,170.00,NULL,221.81,NULL,NULL,45.57,NULL,NULL,10.45,16.80,NULL,NULL,NULL,NULL,NULL,NULL,NULL,NULL,NULL,523.88,155.35,'2022-10-20 22:13:23','2022-10-25 14:04:19'),(27,349,1,10,'2022-10-31',0,0,0,NULL,0,0,8.33,9.45,3.41,0.25,425.00,607.00,30.00,607.00,NULL,23.81,NULL,NULL,NULL,NULL,NULL,NULL,630.81,59.61,NULL,180.00,NULL,107.31,NULL,NULL,NULL,NULL,NULL,16.52,44.80,NULL,NULL,NULL,NULL,NULL,NULL,NULL,NULL,NULL,408.24,222.57,'2022-10-20 22:13:52','2022-10-25 15:19:50'),(28,18,1,10,'2022-10-31',0,0,0,NULL,0,0,8.33,9.45,3.41,0.25,425.00,911.00,30.00,911.00,NULL,296.61,NULL,NULL,NULL,NULL,NULL,NULL,1207.61,114.12,NULL,300.00,NULL,NULL,NULL,NULL,NULL,NULL,NULL,16.52,44.80,50.00,NULL,NULL,45.00,NULL,NULL,NULL,NULL,NULL,570.44,637.17,'2022-10-20 22:15:44','2022-10-25 23:00:37'),(29,179,1,5,'2022-10-31',0,0,0,NULL,0,0,8.33,9.45,3.41,0.25,425.00,828.00,30.00,828.00,NULL,NULL,NULL,NULL,NULL,68.97,NULL,NULL,896.97,78.25,NULL,0.00,NULL,NULL,NULL,NULL,NULL,NULL,108.66,65.98,NULL,NULL,NULL,NULL,NULL,NULL,NULL,NULL,400.00,NULL,652.89,244.08,'2022-10-20 22:16:13','2022-10-21 16:41:11'),(30,231,1,13,'2022-10-31',0,0,0,NULL,0,0,8.33,9.45,3.41,0.25,425.00,1270.00,30.00,1270.00,NULL,NULL,NULL,NULL,NULL,NULL,NULL,NULL,1270.00,120.02,NULL,350.00,NULL,NULL,NULL,NULL,NULL,NULL,NULL,72.99,28.00,8.22,NULL,NULL,NULL,NULL,NULL,NULL,NULL,NULL,579.23,690.77,'2022-10-20 22:16:32','2022-10-25 23:02:23'),(31,42,1,8,'2022-10-31',0,0,0,NULL,0,0,8.33,9.45,3.41,0.25,425.00,1798.00,30.00,1798.00,NULL,441.60,NULL,NULL,NULL,186.56,NULL,NULL,2426.16,211.64,NULL,650.00,NULL,418.19,NULL,NULL,NULL,NULL,NULL,16.52,39.20,52.48,NULL,NULL,100.00,NULL,NULL,NULL,NULL,NULL,1488.03,938.13,'2022-10-20 22:18:18','2022-10-25 23:04:30'),(32,273,1,11,'2022-10-31',0,0,0,NULL,0,0,8.33,9.45,3.41,0.25,425.00,1620.00,30.00,1620.00,NULL,NULL,NULL,NULL,NULL,134.95,135.00,35.42,1925.37,153.09,NULL,520.00,NULL,139.86,NULL,NULL,NULL,NULL,NULL,33.04,56.00,NULL,NULL,NULL,NULL,NULL,NULL,NULL,NULL,NULL,901.99,1023.38,'2022-10-20 22:18:48','2022-10-25 05:01:49'),(33,385,1,10,'2022-10-31',0,0,0,NULL,0,0,8.33,9.45,3.41,0.25,425.00,772.00,30.00,772.00,NULL,NULL,NULL,NULL,NULL,NULL,NULL,NULL,772.00,72.95,NULL,200.00,NULL,NULL,NULL,NULL,NULL,NULL,NULL,16.52,11.20,50.00,NULL,NULL,NULL,NULL,NULL,NULL,NULL,NULL,350.67,421.33,'2022-10-20 22:19:10','2022-10-24 20:30:18'),(34,214,1,18,'2022-10-31',0,0,0,NULL,0,0,8.33,9.45,3.41,0.25,425.00,668.00,30.00,668.00,27.14,453.15,NULL,NULL,NULL,95.65,NULL,NULL,1243.94,108.51,NULL,220.00,NULL,60.90,NULL,NULL,NULL,NULL,NULL,99.51,33.60,NULL,NULL,NULL,NULL,NULL,NULL,NULL,NULL,NULL,522.52,721.42,'2022-10-20 22:20:30','2022-10-25 15:33:33'),(35,331,4,2,'2022-10-31',0,0,0,NULL,0,0,8.33,9.45,3.41,0.25,425.00,700.00,30.00,700.00,72.19,840.00,32.00,NULL,NULL,136.96,NULL,NULL,1781.15,155.38,NULL,200.00,840.00,79.79,NULL,NULL,NULL,NULL,NULL,19.50,16.80,50.00,NULL,NULL,100.00,116.67,NULL,NULL,NULL,NULL,1578.14,203.01,'2022-10-20 22:24:06','2022-10-25 19:16:19'),(36,210,4,2,'2022-10-31',0,0,0,NULL,0,0,8.33,9.45,3.41,0.25,425.00,1188.00,30.00,1188.00,NULL,800.00,NULL,NULL,NULL,165.60,NULL,NULL,2153.60,187.87,NULL,920.00,NULL,278.81,NULL,NULL,NULL,NULL,5.18,65.98,16.80,NULL,NULL,NULL,216.00,NULL,NULL,NULL,NULL,NULL,1690.64,462.96,'2022-10-20 22:24:37','2022-10-26 23:02:47'),(37,83,4,2,'2022-10-31',0,0,0,NULL,0,0,8.33,9.45,3.41,0.25,425.00,914.00,30.00,914.00,485.56,NULL,NULL,NULL,NULL,116.58,NULL,NULL,1516.14,132.26,NULL,270.00,NULL,140.60,NULL,NULL,NULL,NULL,43.84,53.48,16.80,100.00,NULL,NULL,30.00,NULL,NULL,NULL,NULL,NULL,786.98,729.16,'2022-10-20 22:26:25','2022-10-26 23:02:14'),(38,102,4,2,'2022-10-31',0,0,0,NULL,0,0,8.33,9.45,3.41,0.25,425.00,700.00,30.00,700.00,225.31,NULL,NULL,NULL,NULL,77.08,NULL,NULL,1002.39,87.44,NULL,200.00,NULL,90.52,NULL,75.00,NULL,NULL,NULL,24.54,11.20,50.00,NULL,194.13,100.00,NULL,NULL,NULL,NULL,NULL,832.83,169.56,'2022-10-20 22:26:45','2022-10-25 19:08:31'),(39,429,4,6,'2022-10-31',0,0,0,NULL,0,0,8.33,9.45,3.41,0.25,425.00,578.00,30.00,578.00,NULL,NULL,NULL,NULL,NULL,48.15,NULL,NULL,626.15,54.62,NULL,200.00,NULL,78.05,NULL,NULL,NULL,NULL,4.74,56.00,11.20,NULL,NULL,NULL,NULL,NULL,NULL,NULL,NULL,NULL,404.61,221.54,'2022-10-20 22:27:49','2022-10-26 23:01:45'),(40,376,2,12,'2022-10-31',0,0,0,NULL,0,0,8.33,9.45,3.41,0.25,425.00,439.00,30.00,439.00,239.45,0.00,NULL,NULL,NULL,NULL,56.54,35.42,770.41,64.11,23.14,150.00,0.00,100.43,NULL,50.00,NULL,NULL,NULL,55.90,22.40,50.00,NULL,NULL,NULL,NULL,NULL,NULL,NULL,NULL,515.98,254.43,'2022-10-21 14:34:20','2022-10-26 18:07:06'),(41,329,2,2,'2022-10-31',0,0,0,NULL,0,0,8.33,9.45,3.41,0.25,425.00,602.00,30.00,602.00,NULL,68.09,NULL,NULL,NULL,NULL,NULL,NULL,670.09,63.32,NULL,190.00,NULL,158.57,NULL,NULL,NULL,NULL,NULL,25.94,22.40,50.00,NULL,NULL,NULL,NULL,NULL,NULL,NULL,NULL,510.23,159.86,'2022-10-21 14:34:40','2022-10-25 14:40:10'),(42,60,1,12,'2022-10-31',0,0,0,NULL,0,0,8.33,9.45,3.41,0.25,425.00,705.00,30.00,705.00,301.80,NULL,NULL,NULL,NULL,NULL,NULL,NULL,1006.80,95.14,NULL,240.00,NULL,378.41,NULL,NULL,22.51,NULL,NULL,NULL,11.20,30.00,NULL,NULL,NULL,NULL,NULL,NULL,NULL,NULL,777.26,229.54,'2022-10-21 14:37:28','2022-10-25 18:40:22'),(43,186,2,2,'2022-10-31',0,0,0,NULL,0,0,8.33,9.45,3.41,0.25,425.00,656.00,30.00,656.00,NULL,68.09,NULL,NULL,NULL,60.32,NULL,NULL,784.41,68.43,NULL,235.00,NULL,64.39,NULL,18.30,NULL,NULL,NULL,NULL,NULL,NULL,NULL,NULL,NULL,NULL,NULL,NULL,NULL,NULL,386.12,398.29,'2022-10-21 14:43:05','2022-10-25 14:39:59'),(44,22,2,2,'2022-10-31',0,0,0,NULL,0,0,8.33,9.45,3.41,0.25,425.00,728.00,30.00,728.00,NULL,336.00,NULL,NULL,NULL,NULL,NULL,NULL,1064.00,100.55,NULL,270.00,NULL,51.35,NULL,85.67,NULL,NULL,NULL,NULL,16.80,NULL,NULL,NULL,90.00,NULL,NULL,NULL,NULL,NULL,614.37,449.63,'2022-10-21 14:43:33','2022-10-25 22:59:24'),(45,32,2,2,'2022-10-31',0,0,0,NULL,0,0,8.33,9.45,3.41,0.25,425.00,874.00,30.00,874.00,NULL,68.09,NULL,NULL,NULL,78.48,NULL,NULL,1020.57,89.03,32.13,310.00,0.00,0.00,NULL,100.00,NULL,NULL,NULL,NULL,11.20,NULL,NULL,NULL,NULL,NULL,NULL,NULL,NULL,NULL,542.36,478.21,'2022-10-21 14:44:10','2022-10-26 18:03:40'),(46,435,4,2,'2022-10-31',0,0,0,NULL,0,0,8.33,9.45,3.41,0.25,425.00,524.00,30.00,524.00,9.83,NULL,NULL,NULL,NULL,44.47,NULL,NULL,578.30,50.45,NULL,150.00,NULL,NULL,NULL,50.00,NULL,NULL,NULL,NULL,NULL,37.50,NULL,NULL,NULL,69.87,NULL,NULL,NULL,NULL,357.82,220.48,'2022-10-21 14:46:29','2022-10-25 19:11:03'),(47,97,4,2,'2022-10-31',0,0,0,NULL,0,0,8.33,9.45,3.41,0.25,425.00,700.00,30.00,700.00,134.17,NULL,NULL,NULL,NULL,69.49,NULL,NULL,903.66,78.83,NULL,150.00,NULL,111.76,NULL,60.00,NULL,NULL,NULL,NULL,16.80,50.00,NULL,NULL,NULL,NULL,NULL,NULL,NULL,NULL,467.39,436.27,'2022-10-21 14:47:14','2022-10-25 19:11:38'),(48,287,4,2,'2022-10-31',0,0,0,NULL,0,0,8.33,9.45,3.41,0.25,425.00,700.00,30.00,700.00,93.33,NULL,NULL,NULL,NULL,66.08,NULL,NULL,859.41,74.97,NULL,200.00,NULL,60.37,NULL,50.00,NULL,NULL,NULL,NULL,NULL,50.00,NULL,NULL,80.00,NULL,NULL,NULL,NULL,NULL,515.34,344.07,'2022-10-21 14:47:39','2022-10-25 19:13:34'),(49,433,4,2,'2022-10-31',0,0,0,NULL,0,0,8.33,9.45,3.41,0.25,425.00,540.00,30.00,540.00,87.75,NULL,NULL,NULL,NULL,52.29,NULL,NULL,680.04,59.32,NULL,150.00,NULL,33.02,NULL,26.11,NULL,NULL,NULL,NULL,11.20,72.98,NULL,NULL,NULL,NULL,NULL,NULL,NULL,NULL,352.63,327.41,'2022-10-21 14:47:55','2022-10-25 19:14:35'),(50,73,4,2,'2022-10-31',0,0,0,NULL,0,0,8.33,9.45,3.41,0.25,425.00,700.00,30.00,700.00,47.40,840.00,NULL,NULL,NULL,132.23,NULL,NULL,1719.63,150.01,NULL,100.00,840.00,29.84,NULL,60.00,NULL,NULL,NULL,NULL,NULL,50.00,NULL,113.48,100.00,70.00,NULL,NULL,NULL,NULL,1513.33,206.30,'2022-10-21 14:48:12','2022-10-25 19:14:55'),(51,46,3,6,'2022-10-31',0,0,0,NULL,0,0,8.33,9.45,3.41,0.25,425.00,607.00,30.00,607.00,NULL,NULL,NULL,NULL,NULL,NULL,NULL,NULL,607.00,57.36,NULL,0.00,NULL,NULL,NULL,30.00,NULL,NULL,89.86,NULL,33.60,NULL,NULL,NULL,NULL,NULL,NULL,NULL,NULL,NULL,210.82,396.18,'2022-10-21 14:49:28','2022-10-21 16:45:30'),(52,78,1,12,'2022-10-31',0,0,0,NULL,0,0,8.33,9.45,3.41,0.25,425.00,439.00,30.00,439.00,289.45,NULL,NULL,NULL,NULL,60.68,NULL,NULL,789.13,68.84,24.84,200.00,NULL,145.35,NULL,NULL,NULL,NULL,NULL,NULL,22.40,NULL,NULL,NULL,NULL,NULL,NULL,NULL,NULL,NULL,461.43,327.70,'2022-10-21 14:54:25','2022-10-26 18:05:02'),(53,9,1,10,'2022-10-31',0,0,0,NULL,0,0,8.33,9.45,3.41,0.25,425.00,607.00,30.00,607.00,NULL,23.81,NULL,NULL,NULL,NULL,NULL,NULL,630.81,59.61,NULL,100.00,NULL,135.13,NULL,NULL,NULL,NULL,NULL,NULL,33.60,50.00,NULL,NULL,NULL,NULL,NULL,NULL,NULL,NULL,378.34,252.47,'2022-10-21 14:55:42','2022-10-25 15:17:57'),(54,12,1,10,'2022-10-31',0,0,0,NULL,0,0,8.33,9.45,3.41,0.25,425.00,1913.00,30.00,1913.00,NULL,473.07,NULL,NULL,NULL,NULL,NULL,NULL,2386.07,225.48,NULL,650.00,NULL,87.49,NULL,NULL,NULL,30.00,NULL,NULL,63.30,NULL,NULL,NULL,115.00,NULL,NULL,NULL,NULL,NULL,1171.27,1214.80,'2022-10-21 14:56:17','2022-10-25 23:00:14'),(55,451,1,14,'2022-10-31',0,0,0,NULL,0,0,8.33,9.45,3.41,0.25,425.00,580.00,30.00,580.00,NULL,NULL,NULL,NULL,NULL,NULL,NULL,NULL,580.00,54.81,NULL,150.00,NULL,35.00,NULL,NULL,NULL,NULL,39.10,NULL,NULL,NULL,NULL,NULL,NULL,NULL,NULL,NULL,NULL,NULL,278.91,301.09,'2022-10-21 14:56:37','2022-10-21 16:39:04'),(56,266,1,18,'2022-10-31',0,0,0,NULL,0,0,8.33,9.45,3.41,0.25,425.00,1000.00,30.00,1000.00,NULL,393.03,NULL,NULL,NULL,NULL,NULL,NULL,1393.03,131.64,NULL,0.00,NULL,341.05,NULL,NULL,NULL,NULL,NULL,NULL,NULL,75.00,NULL,NULL,48.00,NULL,NULL,NULL,NULL,NULL,595.69,797.34,'2022-10-21 14:58:20','2022-10-25 23:00:58'),(57,448,1,12,'2022-10-31',0,0,0,NULL,0,0,8.33,9.45,3.41,0.25,425.00,439.00,30.00,439.00,279.45,NULL,NULL,NULL,NULL,59.85,NULL,NULL,778.30,67.89,NULL,150.00,NULL,84.60,NULL,NULL,NULL,NULL,NULL,NULL,NULL,NULL,NULL,NULL,NULL,NULL,NULL,NULL,NULL,NULL,302.49,475.81,'2022-10-21 14:58:40','2022-10-25 18:43:31'),(58,124,1,12,'2022-10-31',0,0,0,NULL,0,0,8.33,9.45,3.41,0.25,425.00,439.00,30.00,439.00,279.45,NULL,0.00,NULL,NULL,59.85,59.87,35.42,873.59,67.89,NULL,150.00,NULL,103.54,NULL,NULL,NULL,NULL,NULL,NULL,11.20,NULL,NULL,NULL,NULL,NULL,NULL,NULL,NULL,NULL,332.63,540.96,'2022-10-21 15:00:46','2022-10-26 18:43:22'),(59,24,1,8,'2022-10-31',0,0,0,NULL,0,0,8.33,9.45,3.41,0.25,425.00,718.00,30.00,718.00,NULL,23.81,NULL,NULL,NULL,61.79,NULL,NULL,803.60,70.10,NULL,300.00,NULL,147.97,NULL,NULL,NULL,NULL,NULL,NULL,28.00,50.00,NULL,NULL,NULL,NULL,NULL,NULL,NULL,NULL,596.07,207.53,'2022-10-21 15:01:31','2022-10-25 15:20:59'),(60,25,1,8,'2022-10-31',0,0,0,NULL,0,0,8.33,9.45,3.41,0.25,425.00,772.00,30.00,772.00,105.75,123.81,152.00,NULL,NULL,96.09,NULL,NULL,1249.65,109.01,NULL,240.00,NULL,171.65,NULL,NULL,NULL,NULL,NULL,NULL,33.60,NULL,NULL,NULL,NULL,NULL,NULL,NULL,NULL,NULL,554.26,695.39,'2022-10-21 15:01:45','2022-10-25 18:23:58'),(61,57,1,10,'2022-10-31',0,0,0,NULL,0,0,8.33,9.45,3.41,0.25,425.00,789.00,30.00,789.00,NULL,NULL,NULL,NULL,NULL,65.72,NULL,NULL,854.72,74.56,NULL,100.00,NULL,66.75,NULL,NULL,NULL,NULL,NULL,NULL,NULL,NULL,NULL,267.57,NULL,NULL,NULL,NULL,NULL,NULL,508.88,345.84,'2022-10-21 15:02:37','2022-10-21 16:29:16'),(62,424,4,2,'2022-10-31',0,0,0,NULL,0,0,8.33,9.45,3.41,0.25,425.00,540.00,30.00,540.00,55.13,NULL,NULL,NULL,NULL,49.57,NULL,NULL,644.70,56.24,20.29,150.00,NULL,13.47,NULL,NULL,NULL,NULL,NULL,NULL,NULL,NULL,NULL,NULL,NULL,NULL,NULL,NULL,NULL,NULL,240.00,404.70,'2022-10-21 15:12:37','2022-10-26 18:07:19'),(63,460,4,2,'2022-10-31',0,0,0,NULL,0,0,8.33,9.45,3.41,0.25,425.00,524.00,30.00,524.00,13.10,0.00,NULL,NULL,NULL,44.74,44.76,35.42,662.02,50.76,NULL,150.00,NULL,60.83,NULL,NULL,NULL,NULL,NULL,NULL,NULL,NULL,NULL,NULL,NULL,NULL,NULL,NULL,NULL,NULL,261.59,400.43,'2022-10-21 15:12:59','2022-10-26 22:47:25'),(64,413,4,2,'2022-10-31',0,0,0,NULL,0,0,8.33,9.45,3.41,0.25,425.00,700.00,30.00,700.00,118.85,NULL,NULL,NULL,NULL,68.21,NULL,NULL,887.06,77.38,NULL,150.00,NULL,30.82,NULL,NULL,NULL,NULL,NULL,NULL,NULL,25.00,NULL,NULL,NULL,NULL,NULL,NULL,NULL,NULL,283.20,603.86,'2022-10-21 15:13:20','2022-10-25 19:06:03'),(65,440,4,6,'2022-10-31',0,0,0,NULL,0,0,8.33,9.45,3.41,0.25,425.00,704.00,30.00,704.00,NULL,NULL,NULL,NULL,NULL,58.64,NULL,NULL,762.64,66.53,NULL,240.00,NULL,40.18,NULL,NULL,NULL,NULL,4.74,NULL,NULL,NULL,NULL,NULL,NULL,NULL,NULL,NULL,NULL,NULL,351.45,411.19,'2022-10-21 15:13:34','2022-10-26 23:00:37'),(66,304,4,7,'2022-10-31',0,0,0,NULL,0,0,8.33,9.45,3.41,0.25,425.00,574.00,30.00,574.00,100.45,NULL,NULL,NULL,NULL,56.18,NULL,NULL,730.63,63.74,23.00,150.00,NULL,49.06,NULL,NULL,NULL,NULL,NULL,NULL,11.20,NULL,NULL,NULL,NULL,NULL,NULL,NULL,NULL,NULL,297.00,433.63,'2022-10-21 15:13:54','2022-10-26 18:06:49'),(67,380,4,2,'2022-10-31',0,0,0,NULL,0,0,8.33,9.45,3.41,0.25,425.00,700.00,30.00,700.00,136.35,NULL,NULL,NULL,NULL,69.67,NULL,NULL,906.02,79.04,NULL,200.00,NULL,13.55,NULL,NULL,NULL,NULL,NULL,NULL,NULL,50.00,NULL,NULL,NULL,NULL,NULL,NULL,NULL,NULL,342.59,563.43,'2022-10-21 15:14:13','2022-10-25 19:08:14'),(68,72,4,2,'2022-10-31',0,0,0,NULL,0,0,8.33,9.45,3.41,0.25,425.00,574.00,30.00,574.00,12.56,NULL,NULL,NULL,NULL,48.86,NULL,NULL,635.42,55.43,NULL,85.00,NULL,75.34,NULL,NULL,NULL,NULL,NULL,NULL,11.20,50.00,NULL,116.48,NULL,NULL,NULL,NULL,NULL,NULL,393.45,241.97,'2022-10-21 15:15:17','2022-10-25 19:08:48'),(69,444,4,2,'2022-10-31',0,0,0,NULL,0,0,8.33,9.45,3.41,0.25,425.00,524.00,30.00,524.00,27.29,840.00,NULL,NULL,NULL,115.89,NULL,NULL,1507.18,131.48,NULL,150.00,840.00,53.90,NULL,NULL,NULL,NULL,NULL,NULL,NULL,NULL,NULL,NULL,NULL,52.40,NULL,NULL,NULL,NULL,1227.78,279.40,'2022-10-21 15:15:35','2022-10-25 19:09:26'),(70,87,4,2,'2022-10-31',0,0,0,NULL,0,0,8.33,9.45,3.41,0.25,425.00,575.00,30.00,575.00,103.62,NULL,NULL,NULL,NULL,56.53,NULL,NULL,735.15,64.13,NULL,160.00,NULL,45.20,NULL,NULL,NULL,NULL,NULL,NULL,NULL,NULL,NULL,NULL,NULL,NULL,NULL,NULL,NULL,NULL,269.33,465.82,'2022-10-21 15:17:03','2022-10-25 19:11:59'),(71,256,4,2,'2022-10-31',0,0,0,NULL,0,0,8.33,9.45,3.41,0.25,425.00,574.00,30.00,574.00,5.38,NULL,NULL,NULL,NULL,48.26,NULL,NULL,627.64,54.75,NULL,180.00,NULL,82.73,NULL,NULL,NULL,NULL,NULL,NULL,NULL,NULL,NULL,NULL,NULL,NULL,NULL,NULL,NULL,NULL,317.48,310.16,'2022-10-21 15:17:26','2022-10-25 19:12:26'),(72,472,4,2,'2022-10-31',0,0,0,NULL,0,0,8.33,9.45,3.41,0.25,425.00,524.00,30.00,524.00,11.46,NULL,NULL,NULL,NULL,NULL,NULL,NULL,535.46,50.60,NULL,150.00,NULL,38.58,NULL,NULL,NULL,NULL,NULL,NULL,NULL,NULL,NULL,NULL,NULL,34.93,NULL,NULL,NULL,NULL,274.11,261.35,'2022-10-21 15:17:43','2022-10-25 19:13:02'),(73,252,4,12,'2022-10-31',0,0,0,NULL,0,0,8.33,9.45,3.41,0.25,425.00,439.00,30.00,439.00,259.45,NULL,NULL,NULL,NULL,58.18,NULL,NULL,756.63,66.00,23.82,150.00,NULL,155.87,NULL,NULL,NULL,NULL,NULL,NULL,11.20,50.00,NULL,NULL,NULL,NULL,NULL,NULL,NULL,NULL,456.89,299.74,'2022-10-21 15:18:26','2022-10-26 18:05:54'),(74,343,4,2,'2022-10-31',0,0,0,NULL,0,0,8.33,9.45,3.41,0.25,425.00,700.00,30.00,700.00,2.19,840.00,NULL,NULL,NULL,128.46,NULL,NULL,1670.65,145.74,NULL,200.00,840.00,64.52,NULL,NULL,NULL,NULL,NULL,NULL,NULL,NULL,NULL,NULL,NULL,70.00,NULL,NULL,NULL,NULL,1320.26,350.39,'2022-10-21 15:18:45','2022-10-25 19:13:56'),(75,131,4,2,'2022-10-31',0,0,0,NULL,0,0,8.33,9.45,3.41,0.25,425.00,575.00,30.00,575.00,40.13,NULL,NULL,NULL,NULL,51.24,NULL,NULL,666.37,58.13,NULL,150.00,NULL,54.71,NULL,NULL,NULL,NULL,NULL,NULL,NULL,NULL,NULL,NULL,NULL,NULL,NULL,NULL,NULL,NULL,262.84,403.53,'2022-10-21 15:19:27','2022-10-25 19:14:16'),(76,417,4,12,'2022-10-31',0,0,0,NULL,0,0,8.33,9.45,3.41,0.25,425.00,439.00,30.00,439.00,229.45,NULL,NULL,NULL,NULL,55.68,NULL,NULL,724.13,63.17,NULL,150.00,NULL,150.98,NULL,NULL,NULL,NULL,NULL,NULL,NULL,NULL,NULL,NULL,NULL,NULL,NULL,NULL,NULL,NULL,364.15,359.98,'2022-10-21 15:19:59','2022-10-25 19:18:32'),(77,253,4,12,'2022-10-31',0,0,0,NULL,0,0,8.33,9.45,3.41,0.25,425.00,439.00,30.00,439.00,259.45,NULL,NULL,NULL,NULL,58.18,NULL,NULL,756.63,66.00,NULL,150.00,NULL,202.72,NULL,NULL,NULL,NULL,NULL,NULL,NULL,NULL,NULL,NULL,NULL,NULL,NULL,NULL,NULL,NULL,418.72,337.91,'2022-10-21 15:20:16','2022-10-25 19:17:27'),(78,209,4,2,'2022-10-31',0,0,0,NULL,0,0,8.33,9.45,3.41,0.25,425.00,679.00,30.00,679.00,166.21,NULL,NULL,NULL,NULL,70.41,NULL,NULL,915.62,79.87,NULL,200.00,NULL,51.48,NULL,NULL,NULL,NULL,NULL,NULL,11.20,NULL,NULL,NULL,NULL,45.27,NULL,NULL,NULL,NULL,387.82,527.80,'2022-10-21 15:21:01','2022-10-25 19:15:37'),(79,450,2,2,'2022-10-31',0,0,0,NULL,0,0,8.33,9.45,3.41,0.25,425.00,828.00,30.00,828.00,NULL,68.09,NULL,NULL,NULL,74.64,NULL,NULL,970.73,84.68,NULL,200.00,NULL,21.29,NULL,NULL,NULL,NULL,NULL,NULL,20.16,NULL,NULL,NULL,NULL,NULL,NULL,NULL,NULL,NULL,326.13,644.60,'2022-10-21 15:22:22','2022-10-25 14:40:36'),(80,428,2,12,'2022-10-31',0,0,0,NULL,0,0,8.33,9.45,3.41,0.25,425.00,439.00,30.00,439.00,229.45,NULL,NULL,NULL,NULL,55.68,NULL,NULL,724.13,63.17,NULL,150.00,NULL,49.62,NULL,NULL,NULL,NULL,NULL,NULL,NULL,NULL,NULL,NULL,NULL,NULL,NULL,NULL,NULL,NULL,262.79,461.34,'2022-10-21 15:22:38','2022-10-25 18:28:03'),(81,270,2,2,'2022-10-31',0,0,0,NULL,0,0,8.33,9.45,3.41,0.25,425.00,607.00,30.00,607.00,NULL,242.00,NULL,NULL,NULL,NULL,NULL,NULL,849.00,80.23,NULL,220.00,NULL,236.59,NULL,NULL,NULL,NULL,NULL,NULL,33.60,NULL,NULL,NULL,NULL,NULL,NULL,NULL,NULL,NULL,570.42,278.58,'2022-10-21 15:23:39','2022-10-25 18:00:06'),(82,169,2,2,'2022-10-31',0,0,0,NULL,0,0,8.33,9.45,3.41,0.25,425.00,530.00,30.00,530.00,NULL,129.94,NULL,NULL,NULL,54.97,NULL,NULL,714.91,62.36,NULL,175.00,NULL,61.77,NULL,NULL,NULL,NULL,NULL,NULL,11.20,NULL,NULL,NULL,NULL,NULL,NULL,NULL,NULL,NULL,310.33,404.58,'2022-10-21 15:23:51','2022-10-25 18:00:35'),(83,62,2,12,'2022-10-31',0,0,0,NULL,0,0,8.33,9.45,3.41,0.25,425.00,439.00,30.00,439.00,274.45,NULL,NULL,NULL,NULL,59.43,NULL,NULL,772.88,67.42,NULL,160.00,NULL,71.60,NULL,NULL,NULL,NULL,NULL,NULL,NULL,NULL,NULL,NULL,NULL,NULL,NULL,NULL,NULL,NULL,299.02,473.86,'2022-10-21 15:24:40','2022-10-25 18:26:43'),(84,479,2,12,'2022-10-31',0,0,0,NULL,0,0,8.33,9.45,3.41,0.25,425.00,439.00,30.00,439.00,219.45,0.00,NULL,NULL,NULL,NULL,54.87,35.42,748.74,62.22,NULL,150.00,NULL,19.97,NULL,NULL,NULL,NULL,NULL,NULL,NULL,NULL,NULL,NULL,NULL,NULL,NULL,NULL,NULL,NULL,232.19,516.55,'2022-10-21 15:25:01','2022-10-26 16:55:23'),(85,404,2,12,'2022-10-31',0,0,0,NULL,0,0,8.33,9.45,3.41,0.25,425.00,439.00,30.00,439.00,234.45,NULL,NULL,NULL,NULL,56.10,NULL,NULL,729.55,63.64,NULL,150.00,NULL,29.83,NULL,NULL,NULL,NULL,NULL,NULL,16.80,25.00,NULL,NULL,NULL,NULL,NULL,NULL,NULL,NULL,285.27,444.28,'2022-10-21 15:25:48','2022-10-25 18:27:35'),(86,269,2,2,'2022-10-31',0,0,0,NULL,0,0,8.33,9.45,3.41,0.25,425.00,607.00,30.00,607.00,NULL,252.00,NULL,NULL,NULL,NULL,NULL,NULL,859.00,81.18,29.29,230.00,0.00,32.26,NULL,NULL,NULL,NULL,39.10,NULL,16.80,NULL,NULL,NULL,NULL,NULL,NULL,NULL,NULL,NULL,428.63,430.37,'2022-10-21 15:26:03','2022-10-26 18:06:27'),(87,346,2,12,'2022-10-31',0,0,0,NULL,0,0,8.33,9.45,3.41,0.25,425.00,439.00,30.00,439.00,239.45,NULL,NULL,NULL,NULL,56.51,NULL,NULL,734.96,64.11,NULL,150.00,NULL,40.93,NULL,NULL,NULL,NULL,NULL,NULL,28.00,NULL,NULL,NULL,NULL,NULL,NULL,NULL,NULL,NULL,283.04,451.92,'2022-10-21 15:26:23','2022-10-25 18:27:21'),(88,247,1,13,'2022-10-31',0,1,0,NULL,0,0,8.33,9.45,3.41,0.25,425.00,810.00,23.00,668.25,NULL,NULL,NULL,NULL,NULL,67.47,NULL,NULL,735.72,76.54,NULL,60.00,NULL,NULL,267.68,NULL,NULL,NULL,39.10,NULL,NULL,NULL,NULL,NULL,NULL,NULL,NULL,NULL,NULL,NULL,443.32,292.40,'2022-10-21 15:28:17','2022-10-25 20:26:41'),(89,481,2,6,'2022-10-31',0,0,0,NULL,0,0,8.33,9.45,3.41,0.25,425.00,440.00,30.00,440.00,NULL,NULL,NULL,NULL,NULL,NULL,NULL,NULL,440.00,41.58,NULL,0.00,NULL,NULL,0.00,NULL,NULL,NULL,NULL,NULL,NULL,NULL,NULL,NULL,NULL,NULL,NULL,NULL,NULL,NULL,41.58,398.42,'2022-10-21 15:28:36','2022-10-25 23:02:15'),(90,61,1,12,'2022-10-31',0,0,0,NULL,0,0,8.33,9.45,3.41,0.25,425.00,439.00,30.00,439.00,294.45,NULL,NULL,NULL,NULL,61.10,NULL,NULL,794.55,69.31,NULL,150.00,NULL,NULL,249.90,NULL,NULL,NULL,NULL,NULL,NULL,NULL,NULL,NULL,NULL,NULL,NULL,NULL,NULL,NULL,469.21,325.34,'2022-10-21 15:29:14','2022-10-25 18:40:42'),(91,63,1,14,'2022-10-31',0,0,0,NULL,0,0,8.33,9.45,3.41,0.25,425.00,1733.00,30.00,1733.00,NULL,NULL,NULL,NULL,NULL,NULL,NULL,NULL,1733.00,163.77,NULL,270.00,NULL,NULL,347.56,NULL,NULL,NULL,85.12,NULL,44.80,NULL,NULL,NULL,40.00,NULL,NULL,NULL,NULL,NULL,951.25,781.75,'2022-10-21 15:31:10','2022-10-25 23:02:55'),(92,206,4,5,'2022-10-31',0,0,0,NULL,0,0,8.33,9.45,3.41,0.25,425.00,2451.00,30.00,2451.00,NULL,12600.00,NULL,NULL,NULL,1253.75,NULL,NULL,16304.75,1422.32,NULL,1200.00,NULL,NULL,NULL,NULL,NULL,NULL,113.40,NULL,16.80,NULL,NULL,NULL,5700.00,NULL,NULL,NULL,NULL,NULL,8452.52,7852.23,'2022-10-21 15:43:02','2022-10-26 23:01:02'),(93,354,4,2,'2022-10-31',0,0,0,NULL,0,0,8.33,9.45,3.41,0.25,425.00,700.00,30.00,700.00,71.46,NULL,NULL,NULL,NULL,64.26,NULL,NULL,835.72,72.90,NULL,200.00,NULL,NULL,NULL,NULL,NULL,NULL,NULL,NULL,11.20,NULL,NULL,NULL,NULL,93.33,NULL,NULL,NULL,NULL,377.43,458.29,'2022-10-21 15:45:40','2022-10-25 19:12:43'),(94,272,2,2,'2022-10-31',0,0,0,NULL,0,0,8.33,9.45,3.41,0.25,425.00,607.00,30.00,607.00,NULL,366.00,NULL,NULL,NULL,NULL,NULL,NULL,973.00,91.95,NULL,220.00,NULL,NULL,NULL,NULL,NULL,NULL,NULL,NULL,16.80,NULL,NULL,NULL,65.00,NULL,NULL,NULL,NULL,NULL,393.75,579.25,'2022-10-21 15:58:19','2022-10-25 22:59:46'),(95,130,1,10,'2022-10-31',0,0,0,NULL,0,0,8.33,9.45,3.41,0.25,425.00,1016.00,30.00,1016.00,NULL,NULL,NULL,NULL,NULL,84.63,NULL,NULL,1100.63,96.01,NULL,250.00,NULL,NULL,NULL,NULL,NULL,NULL,NULL,NULL,11.20,NULL,NULL,NULL,NULL,NULL,NULL,NULL,NULL,NULL,357.21,743.42,'2022-10-21 16:06:20','2022-10-21 16:06:20'),(96,274,4,6,'2022-10-31',0,0,0,NULL,0,0,8.33,9.45,3.41,0.25,425.00,455.00,30.00,455.00,NULL,NULL,NULL,NULL,NULL,NULL,NULL,NULL,455.00,43.00,NULL,0.00,NULL,NULL,NULL,NULL,NULL,NULL,NULL,NULL,0.00,NULL,NULL,NULL,NULL,NULL,NULL,NULL,NULL,NULL,43.00,412.00,'2022-10-21 16:10:57','2022-10-21 16:24:38'),(97,294,1,18,'2022-10-31',0,0,0,NULL,0,0,8.33,9.45,3.41,0.25,425.00,486.00,30.00,486.00,NULL,123.01,NULL,NULL,NULL,50.73,50.75,35.42,745.91,57.55,NULL,0.00,0.00,NULL,NULL,NULL,NULL,NULL,54.38,NULL,NULL,51.16,NULL,NULL,NULL,NULL,NULL,NULL,NULL,NULL,163.09,582.82,'2022-10-21 16:39:45','2022-10-26 18:41:14'),(98,441,4,5,'2022-10-31',0,0,0,NULL,0,0,8.33,9.45,3.41,0.25,425.00,630.00,30.00,630.00,NULL,2000.00,NULL,NULL,NULL,219.08,NULL,NULL,2849.08,248.53,NULL,240.00,NULL,NULL,NULL,NULL,NULL,NULL,4.74,NULL,NULL,NULL,NULL,NULL,150.00,NULL,NULL,NULL,NULL,NULL,643.27,2205.81,'2022-10-21 16:51:40','2022-10-26 23:00:15'),(99,113,1,5,'2022-10-31',0,0,0,NULL,0,0,8.33,9.45,3.41,0.25,425.00,828.00,30.00,828.00,NULL,4306.09,0.00,NULL,NULL,427.67,427.84,35.42,6025.02,485.17,NULL,300.00,3890.00,NULL,NULL,NULL,NULL,NULL,NULL,NULL,NULL,168.84,NULL,NULL,350.00,NULL,NULL,NULL,NULL,NULL,5194.01,831.01,'2022-10-21 17:10:58','2022-10-26 18:42:00'),(100,362,1,5,'2022-10-31',0,0,0,NULL,0,0,8.33,9.45,3.41,0.25,425.00,552.00,30.00,552.00,NULL,2648.39,NULL,NULL,NULL,266.59,NULL,NULL,3466.98,302.44,NULL,200.00,2390.00,NULL,NULL,NULL,NULL,NULL,NULL,NULL,NULL,NULL,NULL,NULL,NULL,NULL,NULL,NULL,NULL,NULL,2892.44,574.54,'2022-10-21 17:11:31','2022-10-21 17:11:31'),(101,455,1,8,'2022-10-31',1,0,0,NULL,0,0,8.33,9.45,3.41,0.25,425.00,525.00,19.00,332.50,9.84,23.81,NULL,NULL,NULL,46.54,NULL,NULL,412.69,52.79,NULL,100.00,NULL,NULL,NULL,NULL,NULL,NULL,NULL,NULL,NULL,NULL,NULL,NULL,NULL,NULL,NULL,NULL,NULL,NULL,152.79,259.90,'2022-10-24 16:45:01','2022-10-25 15:30:16'),(102,446,4,2,'2022-10-31',0,0,0,NULL,0,0,8.33,9.45,3.41,0.25,425.00,524.00,30.00,524.00,69.32,NULL,NULL,NULL,NULL,49.42,NULL,NULL,642.74,56.07,NULL,180.00,NULL,NULL,NULL,NULL,NULL,NULL,NULL,NULL,NULL,50.00,NULL,NULL,NULL,34.93,NULL,NULL,NULL,NULL,321.00,321.74,'2022-10-24 20:09:37','2022-10-25 19:07:23'),(103,458,4,2,'2022-10-31',0,0,0,NULL,0,0,8.33,9.45,3.41,0.25,425.00,540.00,30.00,540.00,84.38,NULL,NULL,NULL,NULL,52.01,NULL,NULL,676.39,59.00,NULL,150.00,NULL,NULL,NULL,NULL,NULL,NULL,NULL,NULL,NULL,50.00,NULL,NULL,NULL,NULL,NULL,NULL,NULL,NULL,259.00,417.39,'2022-10-24 20:10:21','2022-10-25 19:07:41'),(104,466,4,2,'2022-10-31',0,0,0,NULL,0,0,8.33,9.45,3.41,0.25,425.00,524.00,30.00,524.00,130.45,NULL,NULL,NULL,NULL,NULL,NULL,NULL,654.45,61.85,NULL,150.00,NULL,NULL,NULL,NULL,NULL,NULL,NULL,NULL,NULL,NULL,NULL,NULL,NULL,69.86,NULL,NULL,NULL,NULL,281.71,372.74,'2022-10-24 20:10:45','2022-10-25 19:06:19'),(105,467,4,2,'2022-10-31',0,0,0,NULL,0,0,8.33,9.45,3.41,0.25,425.00,524.00,30.00,524.00,150.65,NULL,NULL,NULL,NULL,NULL,NULL,NULL,674.65,63.75,NULL,150.00,NULL,NULL,NULL,NULL,NULL,NULL,NULL,NULL,NULL,50.00,NULL,NULL,NULL,NULL,NULL,NULL,NULL,NULL,263.75,410.90,'2022-10-24 20:11:38','2022-10-25 19:10:11'),(106,477,4,2,'2022-10-31',0,0,0,NULL,0,0,8.33,9.45,3.41,0.25,425.00,524.00,30.00,524.00,127.73,NULL,NULL,NULL,NULL,NULL,NULL,NULL,651.73,61.59,NULL,150.00,NULL,NULL,NULL,NULL,NULL,NULL,NULL,NULL,NULL,NULL,NULL,NULL,NULL,34.93,NULL,NULL,NULL,NULL,246.52,405.21,'2022-10-24 20:11:39','2022-10-25 19:06:59'),(107,275,1,5,'2022-10-31',0,0,0,NULL,0,0,8.33,9.45,3.41,0.25,425.00,1820.00,30.00,1820.00,NULL,2500.00,0.00,NULL,NULL,359.86,360.00,35.42,5075.28,408.24,NULL,0.00,0.00,NULL,NULL,NULL,NULL,NULL,NULL,NULL,NULL,NULL,NULL,NULL,476.20,NULL,NULL,NULL,NULL,NULL,884.44,4190.84,'2022-10-24 20:12:10','2022-10-26 18:42:23'),(108,326,1,14,'2022-10-31',0,0,0,NULL,0,0,8.33,9.45,3.41,0.25,425.00,998.00,30.00,998.00,NULL,NULL,NULL,NULL,NULL,83.13,NULL,NULL,1081.13,94.31,NULL,200.00,NULL,NULL,NULL,NULL,NULL,NULL,NULL,NULL,NULL,100.00,NULL,NULL,NULL,NULL,NULL,NULL,NULL,NULL,394.31,686.82,'2022-10-24 20:26:36','2022-10-24 20:26:36'),(109,400,1,5,'2022-10-31',0,0,0,NULL,0,0,8.33,9.45,3.41,0.25,425.00,552.00,30.00,552.00,NULL,NULL,NULL,NULL,NULL,45.98,NULL,NULL,597.98,52.16,NULL,200.00,NULL,NULL,NULL,NULL,NULL,NULL,NULL,NULL,NULL,50.00,NULL,NULL,NULL,NULL,NULL,NULL,NULL,NULL,302.16,295.82,'2022-10-24 20:26:53','2022-10-24 20:26:53'),(110,476,1,12,'2022-10-31',0,0,0,NULL,1,0,8.33,9.45,3.41,0.25,425.00,600.00,18.00,360.00,270.00,0.00,NULL,NULL,NULL,NULL,52.50,21.25,703.75,59.54,NULL,100.00,NULL,NULL,NULL,NULL,NULL,NULL,NULL,NULL,NULL,50.00,NULL,NULL,NULL,NULL,NULL,NULL,NULL,NULL,209.54,494.21,'2022-10-24 20:28:27','2022-10-26 19:34:46'),(111,76,2,12,'2022-10-31',0,0,0,NULL,0,0,8.33,9.45,3.41,0.25,425.00,461.00,30.00,461.00,NULL,NULL,NULL,NULL,NULL,38.40,NULL,NULL,499.40,43.56,15.72,170.00,NULL,NULL,NULL,NULL,NULL,NULL,NULL,NULL,NULL,NULL,NULL,NULL,NULL,NULL,NULL,NULL,NULL,NULL,229.28,270.12,'2022-10-24 22:12:49','2022-10-26 18:04:46'),(112,491,6,2,'2022-10-31',0,0,0,NULL,0,0,8.33,9.45,3.41,0.25,425.00,454.00,30.00,454.00,210.16,NULL,NULL,NULL,NULL,NULL,NULL,NULL,664.16,62.76,22.65,150.00,NULL,NULL,NULL,NULL,NULL,NULL,NULL,NULL,NULL,NULL,NULL,NULL,NULL,NULL,NULL,NULL,NULL,NULL,235.41,428.75,'2022-10-24 22:15:51','2022-10-26 18:07:39'),(114,494,1,17,'2022-10-31',0,0,0,NULL,0,0,8.33,9.45,3.41,0.25,425.00,500.00,30.00,500.00,NULL,NULL,NULL,NULL,NULL,NULL,NULL,NULL,500.00,47.25,NULL,150.00,NULL,NULL,NULL,NULL,NULL,NULL,NULL,NULL,NULL,NULL,NULL,NULL,NULL,NULL,NULL,NULL,NULL,NULL,197.25,302.75,'2022-10-24 22:58:56','2022-10-24 22:58:56'),(115,465,1,17,'2022-10-31',0,0,0,NULL,0,0,8.33,9.45,3.41,0.25,425.00,435.00,30.00,435.00,NULL,NULL,NULL,NULL,NULL,NULL,NULL,NULL,435.00,41.11,NULL,150.00,NULL,NULL,NULL,NULL,NULL,NULL,NULL,NULL,NULL,NULL,NULL,NULL,NULL,NULL,NULL,NULL,NULL,NULL,191.11,243.89,'2022-10-24 22:59:02','2022-10-24 22:59:02'),(117,489,6,6,'2022-10-31',0,0,0,NULL,0,0,8.33,9.45,3.41,0.25,425.00,450.00,30.00,450.00,35.16,NULL,NULL,NULL,NULL,NULL,NULL,NULL,485.16,45.85,NULL,150.00,NULL,NULL,NULL,NULL,NULL,NULL,NULL,NULL,NULL,NULL,NULL,NULL,NULL,NULL,NULL,NULL,NULL,NULL,195.85,289.31,'2022-10-24 23:01:46','2022-10-25 19:18:58'),(118,492,6,2,'2022-10-31',0,0,0,NULL,0,0,8.33,9.45,3.41,0.25,425.00,454.00,30.00,454.00,130.05,NULL,NULL,NULL,NULL,NULL,NULL,NULL,584.05,55.19,NULL,150.00,NULL,NULL,NULL,NULL,NULL,NULL,NULL,NULL,NULL,NULL,NULL,NULL,NULL,NULL,NULL,NULL,NULL,NULL,205.19,378.86,'2022-10-24 23:01:53','2022-10-25 19:19:15'),(119,490,6,2,'2022-10-31',0,0,0,NULL,0,0,8.33,9.45,3.41,0.25,425.00,454.00,30.00,454.00,69.05,NULL,NULL,NULL,NULL,NULL,NULL,NULL,523.05,49.43,NULL,150.00,NULL,NULL,NULL,NULL,NULL,NULL,NULL,NULL,NULL,NULL,NULL,NULL,NULL,NULL,NULL,NULL,NULL,NULL,199.43,323.62,'2022-10-24 23:02:02','2022-10-25 19:19:49'),(120,464,1,18,'2022-10-31',0,0,0,NULL,0,0,8.33,9.45,3.41,0.25,425.00,535.00,30.00,535.00,28.42,456.19,NULL,NULL,NULL,NULL,NULL,NULL,1019.61,96.35,NULL,150.00,NULL,NULL,NULL,NULL,NULL,NULL,NULL,NULL,NULL,NULL,NULL,NULL,NULL,NULL,NULL,NULL,NULL,NULL,246.35,773.26,'2022-10-24 23:02:58','2022-10-25 15:30:10'),(121,305,1,10,'2022-10-31',0,0,0,NULL,0,0,8.33,9.45,3.41,0.25,425.00,728.00,30.00,728.00,NULL,223.46,NULL,NULL,NULL,NULL,NULL,NULL,951.46,89.91,NULL,0.00,NULL,NULL,NULL,NULL,NULL,NULL,0.00,NULL,NULL,NULL,NULL,NULL,NULL,NULL,NULL,NULL,NULL,NULL,89.91,861.55,'2022-10-24 23:03:33','2022-10-26 19:00:14'),(123,373,1,5,'2022-10-31',0,0,0,NULL,0,0,8.33,9.45,3.41,0.25,425.00,552.00,30.00,552.00,NULL,NULL,NULL,NULL,NULL,45.98,NULL,NULL,597.98,52.16,NULL,160.00,NULL,NULL,NULL,NULL,NULL,NULL,NULL,NULL,NULL,NULL,NULL,NULL,NULL,NULL,NULL,NULL,NULL,NULL,212.16,385.82,'2022-10-24 23:04:11','2022-10-24 23:04:11'),(124,410,1,5,'2022-10-31',0,0,0,NULL,0,0,8.33,9.45,3.41,0.25,425.00,552.00,30.00,552.00,NULL,NULL,NULL,NULL,NULL,45.98,NULL,NULL,597.98,52.16,NULL,200.00,NULL,NULL,NULL,NULL,NULL,NULL,NULL,NULL,NULL,NULL,NULL,NULL,NULL,NULL,NULL,NULL,NULL,NULL,252.16,345.82,'2022-10-24 23:04:58','2022-10-24 23:04:58'),(125,482,4,6,'2022-10-31',0,0,0,NULL,0,0,8.33,9.45,3.41,0.25,425.00,574.00,30.00,574.00,0.00,NULL,NULL,NULL,NULL,NULL,47.83,35.42,657.25,54.24,NULL,150.00,NULL,NULL,NULL,NULL,NULL,NULL,NULL,NULL,NULL,NULL,NULL,NULL,NULL,NULL,NULL,NULL,NULL,NULL,204.24,453.01,'2022-10-24 23:05:26','2022-10-26 22:46:47'),(126,493,4,2,'2022-10-31',0,0,0,NULL,0,0,8.33,9.45,3.41,0.25,425.00,454.00,30.00,454.00,81.81,NULL,NULL,NULL,NULL,NULL,NULL,NULL,535.81,50.63,NULL,150.00,NULL,NULL,NULL,NULL,NULL,NULL,NULL,NULL,NULL,NULL,NULL,NULL,NULL,NULL,NULL,NULL,NULL,NULL,200.63,335.18,'2022-10-25 04:39:48','2022-10-25 19:06:38'),(127,487,4,2,'2022-10-31',0,0,0,NULL,0,0,8.33,9.45,3.41,0.25,425.00,430.00,30.00,430.00,73.01,NULL,NULL,NULL,NULL,NULL,NULL,NULL,503.01,47.53,NULL,150.00,NULL,NULL,NULL,NULL,NULL,NULL,NULL,NULL,NULL,NULL,NULL,NULL,NULL,NULL,NULL,NULL,NULL,NULL,197.53,305.48,'2022-10-25 04:41:42','2022-10-25 19:09:49'),(128,421,2,12,'2022-10-31',0,0,0,NULL,0,0,8.33,9.45,3.41,0.25,425.00,439.00,30.00,439.00,229.45,NULL,NULL,NULL,NULL,55.68,NULL,NULL,724.13,63.17,NULL,150.00,NULL,NULL,NULL,NULL,NULL,NULL,NULL,NULL,NULL,NULL,NULL,NULL,NULL,NULL,NULL,NULL,NULL,NULL,213.17,510.96,'2022-10-25 13:38:33','2022-10-25 18:27:47'),(129,422,1,9,'2022-10-31',0,0,0,NULL,0,0,8.33,9.45,3.41,0.25,425.00,430.00,30.00,430.00,NULL,23.81,10.00,NULL,NULL,38.64,NULL,NULL,502.45,43.83,NULL,150.00,NULL,NULL,NULL,NULL,NULL,NULL,NULL,NULL,NULL,NULL,NULL,NULL,NULL,NULL,NULL,NULL,NULL,NULL,193.83,308.62,'2022-10-25 13:41:12','2022-10-25 18:23:23'),(130,500,1,8,'2022-10-31',0,0,0,NULL,0,0,8.33,9.45,3.41,0.25,425.00,550.00,30.00,550.00,NULL,NULL,NULL,NULL,NULL,NULL,NULL,NULL,550.00,51.98,NULL,150.00,NULL,NULL,NULL,NULL,NULL,NULL,NULL,NULL,NULL,NULL,NULL,NULL,NULL,NULL,NULL,NULL,NULL,NULL,201.98,348.02,'2022-10-25 13:42:45','2022-10-25 13:42:45'),(131,486,4,2,'2022-10-31',0,0,0,NULL,0,0,8.33,9.45,3.41,0.25,425.00,454.00,30.00,454.00,60.06,NULL,NULL,NULL,NULL,NULL,NULL,NULL,514.06,48.58,NULL,150.00,NULL,NULL,NULL,NULL,NULL,NULL,NULL,NULL,NULL,NULL,NULL,NULL,NULL,NULL,NULL,NULL,NULL,NULL,198.58,315.48,'2022-10-25 19:09:06','2022-10-25 19:09:06'),(132,474,4,2,'2022-10-31',0,0,0,NULL,0,0,8.33,9.45,3.41,0.25,425.00,454.00,30.00,454.00,68.10,NULL,NULL,NULL,NULL,NULL,NULL,NULL,522.10,49.34,NULL,150.00,NULL,NULL,NULL,NULL,NULL,NULL,NULL,NULL,NULL,NULL,NULL,NULL,NULL,NULL,NULL,NULL,NULL,NULL,199.34,322.76,'2022-10-25 19:10:26','2022-10-25 19:10:26'),(133,462,4,2,'2022-10-31',0,0,0,NULL,0,0,8.33,9.45,3.41,0.25,425.00,524.00,30.00,524.00,231.98,NULL,NULL,NULL,NULL,NULL,NULL,NULL,755.98,71.44,NULL,150.00,NULL,NULL,NULL,NULL,NULL,NULL,NULL,NULL,NULL,NULL,NULL,NULL,NULL,NULL,NULL,NULL,NULL,NULL,221.44,534.54,'2022-10-25 19:13:21','2022-10-25 19:13:21'),(134,501,4,2,'2022-10-31',0,0,0,NULL,0,0,8.33,9.45,3.41,0.25,425.00,454.00,30.00,454.00,138.56,NULL,NULL,NULL,NULL,NULL,NULL,NULL,592.56,56.00,NULL,150.00,NULL,NULL,NULL,NULL,NULL,NULL,NULL,NULL,NULL,NULL,NULL,NULL,NULL,NULL,NULL,NULL,NULL,NULL,206.00,386.56,'2022-10-25 19:15:18','2022-10-25 19:15:18'),(135,461,4,2,'2022-10-31',0,0,0,NULL,0,0,8.33,9.45,3.41,0.25,425.00,524.00,30.00,524.00,149.56,NULL,NULL,NULL,NULL,NULL,NULL,NULL,673.56,63.65,NULL,150.00,NULL,NULL,NULL,NULL,NULL,NULL,NULL,NULL,NULL,NULL,NULL,NULL,NULL,NULL,NULL,NULL,NULL,NULL,213.65,459.91,'2022-10-25 19:15:57','2022-10-25 19:15:57'),(136,233,4,12,'2022-10-31',0,0,0,NULL,0,0,8.33,9.45,3.41,0.25,425.00,464.00,30.00,464.00,45.00,0.00,NULL,NULL,NULL,42.40,42.42,35.42,629.24,48.10,NULL,170.00,NULL,NULL,NULL,NULL,NULL,NULL,NULL,NULL,NULL,NULL,NULL,NULL,NULL,NULL,NULL,NULL,NULL,NULL,218.10,411.14,'2022-10-25 19:16:54','2022-10-26 18:42:57'),(137,502,4,2,'2022-10-31',0,0,0,NULL,1,0,8.33,9.45,3.41,0.25,425.00,454.00,7.00,105.93,0.00,0.00,NULL,NULL,NULL,NULL,8.83,8.26,123.02,10.01,NULL,0.00,NULL,NULL,NULL,NULL,NULL,NULL,NULL,NULL,NULL,NULL,NULL,NULL,NULL,NULL,NULL,NULL,NULL,0.00,10.01,113.01,'2022-10-26 14:44:42','2022-10-27 15:30:42'),(138,65,4,12,'2022-10-31',0,0,0,NULL,0,0,8.33,9.45,3.41,0.25,425.00,602.00,30.00,602.00,0.00,NULL,NULL,NULL,NULL,NULL,NULL,NULL,602.00,56.89,NULL,130.00,NULL,NULL,NULL,NULL,NULL,NULL,NULL,NULL,NULL,NULL,NULL,NULL,NULL,NULL,NULL,NULL,NULL,NULL,186.89,415.11,'2022-10-26 22:43:01','2022-10-26 22:43:23'),(139,3,1,10,'2022-11-30',0,0,0,NULL,0,0,8.33,9.45,3.41,0.25,425.00,728.00,30.00,728.00,NULL,NULL,NULL,NULL,NULL,NULL,60.67,35.42,824.09,68.80,24.82,50.00,NULL,270.47,NULL,70.00,29.76,NULL,NULL,NULL,16.80,56.83,NULL,NULL,NULL,NULL,NULL,NULL,NULL,NULL,587.48,236.61,'2022-11-15 14:22:27','2022-11-21 16:11:46'),(140,262,1,5,'2022-11-30',0,0,0,NULL,0,0,8.33,9.45,3.41,0.25,425.00,506.00,30.00,506.00,NULL,NULL,NULL,NULL,NULL,42.15,NULL,NULL,548.15,47.82,NULL,100.00,NULL,60.21,NULL,50.00,NULL,NULL,NULL,NULL,NULL,NULL,NULL,221.76,NULL,NULL,NULL,NULL,NULL,NULL,479.79,68.36,'2022-11-15 14:22:54','2022-11-15 15:33:14'),(141,78,1,12,'2022-11-30',0,0,0,NULL,0,0,8.33,9.45,3.41,0.25,425.00,439.00,30.00,439.00,NULL,NULL,NULL,NULL,NULL,36.57,NULL,NULL,475.57,41.49,14.97,200.00,NULL,145.35,NULL,NULL,NULL,NULL,NULL,NULL,22.40,NULL,NULL,NULL,NULL,NULL,NULL,NULL,NULL,NULL,424.21,51.36,'2022-11-15 14:23:39','2022-11-15 16:41:55'),(142,457,1,7,'2022-11-30',0,0,0,NULL,0,0,8.33,9.45,3.41,0.25,425.00,607.00,30.00,607.00,NULL,NULL,NULL,NULL,NULL,50.56,NULL,NULL,657.56,57.36,NULL,200.00,NULL,24.26,NULL,49.34,NULL,NULL,NULL,NULL,NULL,38.38,NULL,NULL,NULL,NULL,NULL,NULL,NULL,NULL,369.34,288.22,'2022-11-15 14:23:58','2022-11-21 16:12:20'),(143,8,1,5,'2022-11-30',0,0,0,NULL,0,0,8.33,9.45,3.41,0.25,425.00,504.00,30.00,504.00,NULL,NULL,NULL,NULL,NULL,41.98,NULL,NULL,545.98,47.63,NULL,170.00,NULL,187.11,NULL,NULL,48.12,NULL,NULL,10.44,16.80,7.43,NULL,NULL,NULL,NULL,NULL,NULL,NULL,NULL,487.53,58.45,'2022-11-15 14:24:29','2022-11-21 16:12:47'),(144,9,1,10,'2022-11-30',0,0,0,NULL,0,0,8.33,9.45,3.41,0.25,425.00,607.00,30.00,607.00,NULL,NULL,NULL,NULL,NULL,NULL,NULL,NULL,607.00,57.36,NULL,100.00,NULL,135.13,NULL,NULL,NULL,NULL,NULL,NULL,33.60,50.00,NULL,NULL,NULL,NULL,NULL,NULL,NULL,NULL,376.09,230.91,'2022-11-15 14:24:45','2022-11-21 16:12:57'),(145,12,1,10,'2022-11-30',0,0,0,NULL,0,0,8.33,9.45,3.41,0.25,425.00,1913.00,30.00,1913.00,NULL,NULL,NULL,NULL,NULL,NULL,NULL,NULL,1913.00,180.78,NULL,650.00,NULL,86.66,NULL,NULL,NULL,NULL,NULL,NULL,63.30,NULL,NULL,NULL,NULL,NULL,NULL,NULL,NULL,NULL,980.74,932.26,'2022-11-15 14:25:08','2022-11-15 16:42:50'),(146,451,1,14,'2022-11-30',0,0,0,NULL,0,0,8.33,9.45,3.41,0.25,425.00,580.00,30.00,580.00,NULL,NULL,NULL,NULL,NULL,NULL,NULL,NULL,580.00,54.81,NULL,150.00,NULL,35.00,NULL,NULL,NULL,NULL,NULL,NULL,NULL,NULL,NULL,NULL,NULL,NULL,NULL,NULL,NULL,NULL,239.81,340.19,'2022-11-15 14:25:33','2022-11-15 14:25:33'),(147,249,1,10,'2022-11-30',0,0,0,NULL,0,0,8.33,9.45,3.41,0.25,425.00,728.00,30.00,728.00,NULL,NULL,NULL,NULL,NULL,60.64,NULL,NULL,788.64,68.80,NULL,240.00,NULL,121.31,NULL,50.00,NULL,NULL,NULL,24.54,11.20,100.00,NULL,NULL,NULL,NULL,NULL,NULL,NULL,NULL,615.85,172.79,'2022-11-15 14:26:46','2022-11-21 16:13:15'),(148,231,1,13,'2022-11-30',0,0,0,NULL,0,0,8.33,9.45,3.41,0.25,425.00,1270.00,30.00,1270.00,NULL,NULL,NULL,NULL,NULL,NULL,NULL,NULL,1270.00,120.02,NULL,350.00,NULL,106.17,NULL,NULL,50.00,NULL,NULL,72.99,28.00,NULL,NULL,NULL,NULL,NULL,NULL,NULL,NULL,NULL,727.18,542.82,'2022-11-15 14:27:11','2022-11-18 22:39:15'),(149,106,1,8,'2022-11-30',0,0,0,NULL,0,0,8.33,9.45,3.41,0.25,425.00,690.00,30.00,690.00,NULL,NULL,NULL,NULL,NULL,57.48,NULL,NULL,747.48,65.20,NULL,200.00,NULL,80.02,NULL,50.00,NULL,NULL,NULL,29.02,44.80,50.00,NULL,NULL,NULL,NULL,NULL,NULL,NULL,NULL,519.04,228.44,'2022-11-15 14:27:43','2022-11-21 16:13:25'),(150,60,1,12,'2022-11-30',0,0,0,NULL,0,0,8.33,9.45,3.41,0.25,425.00,705.00,30.00,705.00,NULL,NULL,NULL,NULL,NULL,NULL,NULL,NULL,705.00,66.62,NULL,240.00,NULL,377.53,NULL,NULL,NULL,NULL,NULL,NULL,11.20,30.00,NULL,NULL,NULL,NULL,NULL,NULL,NULL,NULL,725.35,-20.35,'2022-11-15 14:28:06','2022-11-21 16:13:38'),(151,266,1,18,'2022-11-30',0,0,0,NULL,0,0,8.33,9.45,3.41,0.25,425.00,1000.00,30.00,1000.00,NULL,NULL,NULL,NULL,NULL,NULL,NULL,NULL,1000.00,94.50,NULL,0.00,NULL,348.66,NULL,NULL,NULL,NULL,NULL,NULL,NULL,75.00,NULL,NULL,NULL,NULL,NULL,NULL,NULL,NULL,518.16,481.84,'2022-11-15 14:28:27','2022-11-21 16:13:50'),(152,448,1,12,'2022-11-30',0,0,0,NULL,0,0,8.33,9.45,3.41,0.25,425.00,439.00,30.00,439.00,NULL,NULL,NULL,NULL,NULL,36.57,NULL,NULL,475.57,41.49,NULL,150.00,NULL,83.83,NULL,NULL,NULL,NULL,NULL,NULL,NULL,NULL,NULL,NULL,NULL,NULL,NULL,NULL,NULL,NULL,275.32,200.25,'2022-11-15 14:29:41','2022-11-15 14:29:41'),(153,349,1,10,'2022-11-30',0,0,0,NULL,0,0,8.33,9.45,3.41,0.25,425.00,728.00,30.00,728.00,NULL,NULL,NULL,NULL,NULL,NULL,NULL,NULL,728.00,68.80,NULL,250.00,NULL,107.31,NULL,NULL,NULL,NULL,NULL,16.52,44.80,NULL,NULL,NULL,NULL,NULL,NULL,NULL,NULL,NULL,487.43,240.57,'2022-11-15 14:30:13','2022-11-15 18:49:22'),(154,203,1,10,'2022-11-30',0,0,0,NULL,0,0,8.33,9.45,3.41,0.25,425.00,728.00,30.00,728.00,NULL,NULL,NULL,NULL,NULL,60.64,NULL,NULL,788.64,68.80,24.82,290.00,NULL,168.53,NULL,29.56,40.89,NULL,NULL,18.16,16.80,NULL,NULL,NULL,NULL,NULL,NULL,NULL,NULL,NULL,657.56,131.08,'2022-11-15 14:30:31','2022-11-15 18:48:15'),(155,82,1,12,'2022-11-30',0,0,0,NULL,0,0,8.33,9.45,3.41,0.25,425.00,887.00,30.00,887.00,NULL,NULL,NULL,NULL,NULL,73.89,73.92,35.42,1070.23,83.82,NULL,390.00,NULL,345.84,NULL,300.00,NULL,NULL,NULL,30.05,46.67,NULL,NULL,NULL,NULL,NULL,NULL,NULL,NULL,NULL,1196.38,-126.15,'2022-11-15 14:30:51','2022-11-15 18:55:01'),(156,276,1,11,'2022-11-30',0,0,0,NULL,0,0,8.33,9.45,3.41,0.25,425.00,690.00,30.00,690.00,NULL,NULL,NULL,NULL,NULL,57.48,57.50,35.42,840.40,65.20,NULL,220.00,NULL,62.09,NULL,25.22,NULL,NULL,NULL,NULL,NULL,50.00,NULL,NULL,NULL,NULL,NULL,NULL,NULL,NULL,422.51,417.89,'2022-11-15 14:31:13','2022-11-21 16:14:30'),(157,124,1,12,'2022-11-30',0,0,0,NULL,0,0,8.33,9.45,3.41,0.25,425.00,439.00,30.00,439.00,NULL,NULL,NULL,NULL,NULL,36.57,36.58,35.42,547.57,41.49,NULL,150.00,NULL,102.83,NULL,NULL,NULL,NULL,NULL,NULL,11.20,NULL,NULL,NULL,NULL,NULL,NULL,NULL,NULL,NULL,305.52,242.05,'2022-11-15 14:31:43','2022-11-15 16:46:37'),(158,273,1,11,'2022-11-30',0,0,0,NULL,0,0,8.33,9.45,3.41,0.25,425.00,1620.00,30.00,1620.00,NULL,NULL,NULL,NULL,NULL,134.95,135.00,35.42,1925.37,153.09,NULL,520.00,NULL,139.86,NULL,NULL,NULL,NULL,NULL,33.04,56.00,NULL,NULL,NULL,NULL,NULL,NULL,NULL,NULL,NULL,901.99,1023.38,'2022-11-15 14:32:03','2022-11-15 18:55:58'),(159,24,1,8,'2022-11-30',0,0,0,NULL,0,0,8.33,9.45,3.41,0.25,425.00,718.00,30.00,718.00,NULL,NULL,NULL,NULL,NULL,59.81,NULL,NULL,777.81,67.85,NULL,300.00,NULL,161.13,NULL,NULL,NULL,NULL,NULL,NULL,28.00,50.00,NULL,NULL,NULL,NULL,NULL,NULL,NULL,NULL,606.98,170.83,'2022-11-15 14:32:24','2022-11-21 16:15:20'),(160,25,1,8,'2022-11-30',0,0,0,NULL,0,0,8.33,9.45,3.41,0.25,425.00,772.00,30.00,772.00,NULL,NULL,NULL,NULL,NULL,64.31,NULL,NULL,836.31,72.95,NULL,240.00,NULL,169.99,NULL,NULL,NULL,NULL,NULL,NULL,33.60,NULL,NULL,NULL,NULL,NULL,NULL,NULL,NULL,NULL,516.54,319.77,'2022-11-15 14:32:53','2022-11-15 16:47:40'),(161,447,1,12,'2022-11-30',0,0,0,NULL,0,0,8.33,9.45,3.41,0.25,425.00,439.00,30.00,439.00,NULL,NULL,NULL,NULL,NULL,36.57,NULL,NULL,475.57,41.49,NULL,100.00,NULL,167.23,NULL,50.00,39.95,NULL,NULL,48.65,16.80,50.00,NULL,NULL,NULL,NULL,NULL,NULL,NULL,NULL,514.12,-38.55,'2022-11-15 14:33:11','2022-11-21 16:15:34'),(162,57,1,10,'2022-11-30',0,0,0,NULL,0,0,8.33,9.45,3.41,0.25,425.00,789.00,30.00,789.00,NULL,NULL,NULL,NULL,NULL,65.72,NULL,NULL,854.72,74.56,NULL,100.00,NULL,66.31,NULL,NULL,NULL,NULL,NULL,NULL,NULL,NULL,NULL,267.71,NULL,NULL,NULL,NULL,NULL,NULL,508.58,346.14,'2022-11-15 14:33:33','2022-11-15 15:05:34'),(163,449,1,12,'2022-11-30',0,0,0,NULL,0,0,8.33,9.45,3.41,0.25,425.00,439.00,30.00,439.00,NULL,NULL,NULL,NULL,NULL,36.57,NULL,NULL,475.57,41.49,NULL,150.00,NULL,101.45,NULL,NULL,39.18,NULL,NULL,NULL,16.80,50.00,NULL,NULL,NULL,NULL,NULL,NULL,NULL,NULL,398.92,76.65,'2022-11-15 14:33:59','2022-11-21 16:15:47'),(164,28,1,10,'2022-11-30',0,0,0,NULL,0,0,8.33,9.45,3.41,0.25,425.00,1032.00,30.00,1032.00,NULL,NULL,NULL,NULL,NULL,NULL,NULL,NULL,1032.00,97.52,35.19,400.00,NULL,193.62,NULL,30.00,NULL,NULL,NULL,NULL,11.20,100.00,NULL,NULL,NULL,NULL,NULL,NULL,NULL,NULL,867.53,164.47,'2022-11-15 14:34:21','2022-11-21 16:16:15'),(165,29,1,10,'2022-11-30',0,0,0,NULL,0,0,8.33,9.45,3.41,0.25,425.00,728.00,30.00,728.00,NULL,NULL,NULL,NULL,NULL,NULL,NULL,NULL,728.00,68.80,NULL,180.00,NULL,184.26,NULL,50.00,NULL,NULL,NULL,49.12,33.60,50.00,NULL,NULL,NULL,NULL,NULL,NULL,NULL,NULL,615.78,112.22,'2022-11-15 14:34:52','2022-11-21 16:16:44'),(166,113,1,5,'2022-11-30',0,0,0,NULL,0,0,8.33,9.45,3.41,0.25,425.00,828.00,30.00,828.00,NULL,838.41,NULL,NULL,NULL,138.81,138.87,35.42,1979.51,157.48,NULL,300.00,750.00,863.12,NULL,NULL,NULL,NULL,NULL,NULL,NULL,150.00,NULL,NULL,NULL,NULL,NULL,NULL,NULL,NULL,2220.60,-241.09,'2022-11-15 14:35:10','2022-11-21 16:16:59'),(167,263,1,8,'2022-11-30',0,0,0,NULL,0,0,8.33,9.45,3.41,0.25,425.00,718.00,30.00,718.00,NULL,NULL,NULL,NULL,NULL,NULL,NULL,NULL,718.00,67.85,24.48,200.00,NULL,160.63,NULL,50.00,NULL,NULL,NULL,NULL,11.20,NULL,NULL,NULL,NULL,NULL,NULL,NULL,NULL,NULL,514.16,203.84,'2022-11-15 14:35:28','2022-11-15 16:50:31'),(168,260,1,9,'2022-11-30',0,0,0,NULL,0,0,8.33,9.45,3.41,0.25,425.00,497.00,30.00,497.00,NULL,NULL,NULL,NULL,NULL,NULL,NULL,NULL,497.00,46.97,NULL,120.00,NULL,146.43,NULL,46.97,NULL,NULL,NULL,NULL,33.60,50.00,NULL,NULL,NULL,NULL,NULL,NULL,NULL,NULL,443.97,53.03,'2022-11-15 14:35:47','2022-11-21 16:17:18'),(169,35,1,18,'2022-11-30',0,0,0,NULL,0,0,8.33,9.45,3.41,0.25,425.00,911.00,30.00,911.00,NULL,NULL,NULL,NULL,NULL,NULL,NULL,NULL,911.00,86.09,NULL,300.00,NULL,250.02,NULL,80.00,NULL,NULL,NULL,NULL,11.20,NULL,NULL,NULL,NULL,NULL,NULL,NULL,NULL,NULL,727.31,183.69,'2022-11-15 14:36:03','2022-11-15 16:50:51'),(170,37,1,7,'2022-11-30',0,0,0,NULL,0,0,8.33,9.45,3.41,0.25,425.00,893.00,30.00,893.00,NULL,NULL,NULL,NULL,NULL,74.39,NULL,NULL,967.39,84.39,NULL,280.00,NULL,130.23,NULL,100.00,29.52,NULL,NULL,16.52,16.80,NULL,NULL,NULL,NULL,NULL,NULL,NULL,NULL,NULL,657.46,309.93,'2022-11-15 14:36:23','2022-11-15 18:58:10'),(171,38,1,17,'2022-11-30',0,0,0,NULL,0,0,8.33,9.45,3.41,0.25,425.00,1290.00,30.00,1290.00,NULL,NULL,NULL,NULL,NULL,NULL,NULL,NULL,1290.00,121.90,NULL,300.00,NULL,165.79,NULL,NULL,NULL,NULL,NULL,72.99,28.00,100.00,NULL,NULL,NULL,NULL,NULL,NULL,NULL,NULL,788.68,501.32,'2022-11-15 14:36:54','2022-11-21 16:17:48'),(172,39,1,8,'2022-11-30',0,0,0,NULL,0,0,8.33,9.45,3.41,0.25,425.00,1029.00,30.00,1029.00,NULL,NULL,NULL,NULL,NULL,NULL,NULL,NULL,1029.00,97.24,35.09,320.00,NULL,307.48,NULL,50.00,NULL,NULL,NULL,NULL,16.80,NULL,NULL,NULL,NULL,NULL,NULL,NULL,NULL,NULL,826.61,202.39,'2022-11-15 14:37:36','2022-11-15 16:52:11'),(173,229,1,8,'2022-11-30',0,0,0,NULL,0,0,8.33,9.45,3.41,0.25,425.00,690.00,30.00,690.00,NULL,NULL,NULL,NULL,NULL,57.48,NULL,NULL,747.48,65.20,NULL,100.00,50.00,68.29,186.59,NULL,NULL,NULL,NULL,16.52,56.00,NULL,NULL,NULL,NULL,NULL,NULL,NULL,NULL,NULL,542.60,204.88,'2022-11-15 14:38:01','2022-11-18 22:06:38'),(174,42,1,8,'2022-11-30',0,0,0,NULL,0,0,8.33,9.45,3.41,0.25,425.00,1798.00,30.00,1798.00,NULL,NULL,NULL,NULL,NULL,149.77,NULL,NULL,1947.77,169.91,NULL,650.00,NULL,418.19,NULL,96.66,NULL,NULL,NULL,16.52,39.20,20.74,NULL,NULL,NULL,NULL,NULL,NULL,NULL,NULL,1411.22,536.55,'2022-11-15 14:38:24','2022-11-21 16:18:12'),(175,214,1,18,'2022-11-30',0,0,0,NULL,0,0,8.33,9.45,3.41,0.25,425.00,668.00,30.00,668.00,NULL,NULL,NULL,NULL,NULL,55.64,NULL,NULL,723.64,63.13,NULL,220.00,NULL,84.11,NULL,NULL,NULL,NULL,NULL,99.58,33.60,NULL,NULL,NULL,NULL,NULL,NULL,NULL,NULL,NULL,500.42,223.22,'2022-11-15 14:38:40','2022-11-15 18:57:17'),(176,410,1,5,'2022-11-30',0,0,0,NULL,0,0,8.33,9.45,3.41,0.25,425.00,552.00,30.00,552.00,NULL,432.00,NULL,NULL,NULL,81.97,NULL,NULL,1065.97,92.99,NULL,200.00,390.00,71.66,NULL,NULL,NULL,NULL,NULL,NULL,NULL,NULL,NULL,NULL,NULL,NULL,NULL,NULL,NULL,NULL,754.65,311.32,'2022-11-15 14:38:54','2022-11-18 22:20:29'),(177,247,1,13,'2022-11-30',0,0,0,NULL,0,0,8.33,9.45,3.41,0.25,425.00,810.00,30.00,810.00,NULL,NULL,NULL,NULL,NULL,67.47,NULL,NULL,877.47,76.54,NULL,0.00,NULL,NULL,267.68,NULL,NULL,NULL,NULL,NULL,NULL,NULL,NULL,NULL,NULL,NULL,NULL,NULL,NULL,NULL,344.22,533.25,'2022-11-15 14:41:25','2022-11-15 14:41:25'),(178,481,2,6,'2022-11-30',0,0,0,NULL,0,0,8.33,9.45,3.41,0.25,425.00,440.00,30.00,440.00,NULL,NULL,NULL,NULL,NULL,NULL,NULL,NULL,440.00,41.58,NULL,0.00,NULL,NULL,0.00,NULL,NULL,NULL,NULL,NULL,NULL,NULL,NULL,NULL,NULL,NULL,NULL,NULL,NULL,NULL,41.58,398.42,'2022-11-15 14:41:48','2022-11-15 14:42:04'),(179,63,1,14,'2022-11-30',0,0,0,NULL,0,0,8.33,9.45,3.41,0.25,425.00,1733.00,30.00,1733.00,NULL,NULL,NULL,NULL,NULL,NULL,NULL,NULL,1733.00,163.77,NULL,270.00,NULL,NULL,347.56,NULL,NULL,NULL,NULL,NULL,44.80,NULL,NULL,NULL,NULL,NULL,NULL,NULL,NULL,NULL,826.13,906.87,'2022-11-15 14:42:27','2022-11-15 16:49:58'),(180,61,1,12,'2022-11-30',0,0,0,NULL,0,0,8.33,9.45,3.41,0.25,425.00,439.00,30.00,439.00,NULL,NULL,NULL,NULL,NULL,36.57,NULL,NULL,475.57,41.49,NULL,150.00,NULL,NULL,249.90,NULL,NULL,NULL,NULL,NULL,NULL,NULL,NULL,NULL,NULL,NULL,NULL,NULL,NULL,NULL,441.39,34.18,'2022-11-15 14:43:06','2022-11-15 14:43:06'),(181,424,4,2,'2022-11-30',0,0,0,NULL,0,0,8.33,9.45,3.41,0.25,425.00,540.00,30.00,540.00,NULL,420.00,NULL,NULL,NULL,79.97,NULL,NULL,1039.97,90.72,32.74,150.00,420.00,13.47,NULL,NULL,NULL,NULL,NULL,NULL,NULL,NULL,NULL,NULL,NULL,11.25,NULL,NULL,NULL,NULL,718.18,321.79,'2022-11-15 14:45:11','2022-11-21 17:17:45'),(182,460,4,2,'2022-11-30',0,0,0,NULL,0,0,8.33,9.45,3.41,0.25,425.00,524.00,30.00,524.00,NULL,NULL,NULL,NULL,NULL,43.65,43.67,35.42,646.74,49.52,NULL,150.00,NULL,81.82,NULL,NULL,NULL,NULL,NULL,NULL,NULL,50.00,NULL,NULL,NULL,NULL,NULL,NULL,NULL,NULL,331.34,315.40,'2022-11-15 14:45:38','2022-11-21 15:38:16'),(183,413,4,2,'2022-11-30',0,0,0,NULL,0,0,8.33,9.45,3.41,0.25,425.00,700.00,30.00,700.00,NULL,NULL,NULL,NULL,NULL,58.31,NULL,NULL,758.31,66.15,NULL,180.00,NULL,30.82,NULL,NULL,NULL,NULL,NULL,NULL,NULL,25.00,NULL,NULL,NULL,NULL,NULL,NULL,NULL,NULL,301.97,456.34,'2022-11-15 14:46:00','2022-11-21 15:37:57'),(184,440,4,6,'2022-11-30',0,0,0,NULL,0,0,8.33,9.45,3.41,0.25,425.00,704.00,30.00,704.00,NULL,NULL,NULL,NULL,NULL,58.64,NULL,NULL,762.64,66.53,NULL,240.00,NULL,40.18,NULL,NULL,NULL,NULL,NULL,NULL,NULL,50.00,NULL,NULL,NULL,NULL,NULL,NULL,NULL,NULL,396.71,365.93,'2022-11-15 14:46:17','2022-11-21 15:38:57'),(185,304,4,7,'2022-11-30',0,0,0,NULL,0,0,8.33,9.45,3.41,0.25,425.00,574.00,30.00,574.00,NULL,NULL,NULL,NULL,NULL,47.81,NULL,NULL,621.81,54.24,19.57,150.00,NULL,49.06,NULL,NULL,NULL,NULL,NULL,NULL,11.20,NULL,NULL,NULL,NULL,NULL,NULL,NULL,NULL,NULL,284.07,337.74,'2022-11-15 14:46:38','2022-11-15 17:01:25'),(186,380,4,2,'2022-11-30',0,0,0,NULL,0,0,8.33,9.45,3.41,0.25,425.00,700.00,30.00,700.00,NULL,NULL,NULL,NULL,NULL,NULL,NULL,NULL,700.00,66.15,NULL,200.00,NULL,45.40,NULL,NULL,NULL,NULL,NULL,NULL,NULL,50.00,NULL,NULL,NULL,NULL,NULL,NULL,NULL,NULL,361.55,338.45,'2022-11-15 14:47:08','2022-11-21 15:39:34'),(187,429,4,6,'2022-11-30',0,0,0,NULL,0,0,8.33,9.45,3.41,0.25,425.00,578.00,30.00,578.00,NULL,NULL,NULL,NULL,NULL,48.15,NULL,NULL,626.15,54.62,NULL,200.00,NULL,78.05,NULL,NULL,NULL,NULL,NULL,56.00,11.20,NULL,NULL,NULL,NULL,NULL,NULL,10.00,NULL,NULL,409.87,216.28,'2022-11-15 14:47:35','2022-11-18 22:12:55'),(188,102,4,2,'2022-11-30',0,0,0,NULL,0,0,8.33,9.45,3.41,0.25,425.00,700.00,30.00,700.00,NULL,580.00,NULL,NULL,NULL,106.62,NULL,NULL,1386.62,120.96,NULL,200.00,580.00,90.52,NULL,75.00,NULL,NULL,NULL,24.54,11.20,50.00,NULL,194.23,NULL,NULL,NULL,NULL,NULL,NULL,1346.45,40.17,'2022-11-15 14:47:53','2022-11-21 15:39:56'),(189,72,4,2,'2022-11-30',0,0,0,NULL,0,0,8.33,9.45,3.41,0.25,425.00,574.00,30.00,574.00,NULL,NULL,NULL,NULL,NULL,47.81,NULL,NULL,621.81,54.24,NULL,85.00,NULL,75.34,NULL,47.66,NULL,NULL,NULL,NULL,11.20,50.00,NULL,116.54,NULL,NULL,NULL,NULL,NULL,NULL,439.98,181.83,'2022-11-15 14:48:15','2022-11-21 15:40:12'),(190,444,4,2,'2022-11-30',0,0,0,NULL,0,0,8.33,9.45,3.41,0.25,425.00,524.00,30.00,524.00,NULL,NULL,NULL,NULL,NULL,43.65,NULL,NULL,567.65,49.52,NULL,150.00,NULL,53.90,NULL,NULL,NULL,NULL,NULL,NULL,NULL,NULL,NULL,NULL,NULL,139.73,NULL,NULL,NULL,NULL,393.15,174.50,'2022-11-15 14:48:29','2022-11-21 17:16:17'),(191,504,4,2,'2022-11-30',0,0,0,NULL,0,0,8.33,9.45,3.41,0.25,425.00,700.00,30.00,700.00,NULL,NULL,NULL,NULL,NULL,NULL,NULL,NULL,700.00,66.15,NULL,250.00,NULL,19.70,NULL,NULL,NULL,NULL,NULL,NULL,NULL,NULL,NULL,NULL,NULL,NULL,NULL,NULL,NULL,NULL,335.85,364.15,'2022-11-15 14:48:49','2022-11-15 14:48:49'),(192,83,4,2,'2022-11-30',0,0,0,NULL,0,0,8.33,9.45,3.41,0.25,425.00,914.00,30.00,914.00,NULL,NULL,NULL,NULL,NULL,76.14,NULL,NULL,990.14,86.37,NULL,270.00,NULL,140.60,NULL,NULL,NULL,NULL,NULL,53.48,16.80,100.00,NULL,NULL,NULL,NULL,NULL,NULL,NULL,NULL,667.25,322.89,'2022-11-15 14:49:07','2022-11-21 15:40:50'),(193,97,4,2,'2022-11-30',0,0,0,NULL,0,0,8.33,9.45,3.41,0.25,425.00,700.00,30.00,700.00,NULL,420.00,NULL,NULL,NULL,93.30,NULL,NULL,1213.30,105.84,NULL,200.00,420.00,58.62,NULL,60.00,NULL,NULL,NULL,NULL,16.80,50.00,NULL,NULL,NULL,11.67,NULL,NULL,NULL,NULL,922.93,290.37,'2022-11-15 14:49:25','2022-11-21 17:17:28'),(194,87,4,2,'2022-11-30',0,0,0,NULL,0,0,8.33,9.45,3.41,0.25,425.00,575.00,30.00,575.00,NULL,NULL,NULL,NULL,NULL,47.90,NULL,NULL,622.90,54.34,NULL,160.00,NULL,44.74,NULL,NULL,NULL,NULL,NULL,NULL,NULL,NULL,NULL,NULL,NULL,NULL,NULL,NULL,NULL,NULL,259.08,363.82,'2022-11-15 14:49:58','2022-11-15 14:49:58'),(195,256,4,2,'2022-11-30',0,0,0,NULL,0,0,8.33,9.45,3.41,0.25,425.00,574.00,30.00,574.00,NULL,NULL,NULL,NULL,NULL,47.81,NULL,NULL,621.81,54.24,NULL,180.00,NULL,82.73,NULL,NULL,NULL,NULL,NULL,NULL,NULL,NULL,NULL,NULL,NULL,38.27,NULL,NULL,NULL,NULL,355.24,266.57,'2022-11-15 14:50:20','2022-11-21 17:03:39'),(196,287,4,2,'2022-11-30',0,0,0,NULL,0,0,8.33,9.45,3.41,0.25,425.00,700.00,30.00,700.00,NULL,NULL,NULL,NULL,NULL,58.31,NULL,NULL,758.31,66.15,NULL,200.00,NULL,60.37,NULL,50.00,NULL,NULL,NULL,NULL,NULL,50.00,NULL,NULL,NULL,NULL,NULL,NULL,NULL,NULL,426.52,331.79,'2022-11-15 14:50:41','2022-11-21 15:41:49'),(197,252,4,12,'2022-11-30',0,0,0,NULL,0,0,8.33,9.45,3.41,0.25,425.00,439.00,30.00,439.00,NULL,NULL,NULL,NULL,NULL,36.57,NULL,NULL,475.57,41.49,14.97,150.00,NULL,155.87,NULL,NULL,NULL,NULL,NULL,5.70,11.20,50.00,NULL,NULL,NULL,NULL,NULL,NULL,NULL,NULL,429.23,46.34,'2022-11-15 14:50:58','2022-11-21 15:42:09'),(198,343,4,2,'2022-11-30',0,0,0,NULL,0,0,8.33,9.45,3.41,0.25,425.00,700.00,30.00,700.00,NULL,NULL,NULL,NULL,NULL,58.31,NULL,NULL,758.31,66.15,NULL,200.00,NULL,64.52,NULL,NULL,NULL,NULL,NULL,NULL,NULL,NULL,NULL,NULL,NULL,140.00,NULL,NULL,NULL,NULL,470.67,287.64,'2022-11-15 14:51:15','2022-11-21 17:15:33'),(199,210,4,2,'2022-11-30',0,0,0,NULL,0,0,8.33,9.45,3.41,0.25,425.00,1188.00,30.00,1188.00,NULL,NULL,NULL,NULL,NULL,98.96,NULL,NULL,1286.96,112.27,NULL,920.00,NULL,454.36,NULL,NULL,NULL,NULL,NULL,65.98,16.80,NULL,NULL,NULL,NULL,NULL,NULL,NULL,NULL,NULL,1569.41,-282.45,'2022-11-15 14:51:33','2022-11-15 19:04:22'),(200,131,4,2,'2022-11-30',0,0,0,NULL,0,0,8.33,9.45,3.41,0.25,425.00,575.00,30.00,575.00,NULL,580.00,NULL,NULL,NULL,96.21,NULL,NULL,1251.21,109.15,NULL,150.00,580.00,54.71,NULL,NULL,NULL,NULL,NULL,NULL,NULL,NULL,NULL,NULL,NULL,NULL,NULL,NULL,NULL,NULL,893.86,357.35,'2022-11-15 14:51:50','2022-11-18 22:35:54'),(201,433,4,2,'2022-11-30',0,0,0,NULL,0,0,8.33,9.45,3.41,0.25,425.00,540.00,30.00,540.00,NULL,NULL,NULL,NULL,NULL,NULL,NULL,NULL,540.00,51.03,NULL,150.00,NULL,33.02,NULL,36.57,NULL,NULL,NULL,NULL,11.20,52.29,NULL,NULL,NULL,NULL,NULL,NULL,NULL,NULL,334.11,205.89,'2022-11-15 14:52:07','2022-11-21 15:42:24'),(202,417,4,12,'2022-11-30',0,0,0,NULL,0,0,8.33,9.45,3.41,0.25,425.00,439.00,30.00,439.00,NULL,NULL,NULL,NULL,NULL,36.57,NULL,NULL,475.57,41.49,NULL,150.00,NULL,150.53,NULL,NULL,NULL,NULL,NULL,NULL,NULL,NULL,NULL,NULL,NULL,NULL,NULL,NULL,NULL,NULL,342.02,133.55,'2022-11-15 14:52:27','2022-11-18 22:41:14'),(203,253,4,12,'2022-11-30',0,0,0,NULL,0,0,8.33,9.45,3.41,0.25,425.00,439.00,30.00,439.00,NULL,NULL,NULL,NULL,NULL,36.57,NULL,NULL,475.57,41.49,NULL,150.00,NULL,225.51,NULL,NULL,NULL,NULL,NULL,NULL,NULL,NULL,NULL,NULL,NULL,NULL,NULL,NULL,NULL,NULL,417.00,58.57,'2022-11-15 14:52:51','2022-11-18 22:41:12'),(204,73,4,2,'2022-11-30',0,0,0,NULL,0,0,8.33,9.45,3.41,0.25,425.00,700.00,30.00,700.00,NULL,NULL,NULL,NULL,NULL,58.31,NULL,NULL,758.31,66.15,NULL,100.00,NULL,110.01,NULL,60.00,NULL,NULL,NULL,NULL,NULL,NULL,NULL,113.54,NULL,58.33,NULL,NULL,NULL,NULL,508.03,250.28,'2022-11-15 14:53:08','2022-11-21 17:16:57'),(205,209,4,2,'2022-11-30',0,0,0,NULL,0,0,8.33,9.45,3.41,0.25,425.00,679.00,30.00,679.00,NULL,NULL,NULL,NULL,NULL,56.56,NULL,NULL,735.56,64.17,NULL,200.00,NULL,51.04,NULL,NULL,NULL,NULL,NULL,NULL,11.20,NULL,NULL,NULL,NULL,NULL,NULL,NULL,NULL,NULL,326.41,409.15,'2022-11-15 14:53:27','2022-11-15 17:02:43'),(206,331,4,2,'2022-11-30',0,0,0,NULL,0,0,8.33,9.45,3.41,0.25,425.00,700.00,30.00,700.00,NULL,NULL,NULL,NULL,NULL,58.31,NULL,NULL,758.31,66.15,NULL,200.00,NULL,79.79,NULL,NULL,NULL,NULL,NULL,19.50,16.80,50.00,NULL,NULL,NULL,58.33,NULL,NULL,NULL,NULL,490.57,267.74,'2022-11-15 14:54:16','2022-11-21 17:16:41'),(207,450,2,2,'2022-11-30',0,0,0,NULL,0,0,8.33,9.45,3.41,0.25,425.00,828.00,30.00,828.00,NULL,24.45,NULL,NULL,NULL,71.01,NULL,NULL,923.46,80.56,NULL,200.00,NULL,20.35,NULL,NULL,NULL,NULL,NULL,NULL,28.00,NULL,NULL,NULL,NULL,NULL,NULL,NULL,NULL,NULL,328.91,594.55,'2022-11-15 14:55:48','2022-11-18 22:15:33'),(208,428,2,12,'2022-11-30',0,0,0,NULL,0,0,8.33,9.45,3.41,0.25,425.00,439.00,30.00,439.00,NULL,NULL,NULL,NULL,NULL,36.57,NULL,NULL,475.57,41.49,NULL,150.00,NULL,49.62,NULL,NULL,NULL,NULL,NULL,NULL,NULL,NULL,NULL,NULL,NULL,NULL,NULL,NULL,NULL,NULL,241.11,234.46,'2022-11-15 14:56:07','2022-11-15 14:56:07'),(209,186,2,2,'2022-11-30',0,0,0,NULL,0,0,8.33,9.45,3.41,0.25,425.00,656.00,30.00,656.00,NULL,24.45,NULL,NULL,NULL,56.68,NULL,NULL,737.13,64.30,NULL,235.00,NULL,64.39,NULL,NULL,NULL,NULL,NULL,NULL,NULL,NULL,NULL,NULL,NULL,NULL,NULL,NULL,NULL,NULL,363.69,373.44,'2022-11-15 14:56:25','2022-11-18 22:14:47'),(210,22,2,2,'2022-11-30',0,0,0,NULL,0,0,8.33,9.45,3.41,0.25,425.00,728.00,30.00,728.00,NULL,NULL,NULL,NULL,NULL,NULL,NULL,NULL,728.00,68.80,NULL,270.00,NULL,51.08,NULL,90.00,NULL,NULL,NULL,NULL,16.80,NULL,NULL,NULL,NULL,NULL,NULL,NULL,NULL,NULL,496.68,231.32,'2022-11-15 14:56:43','2022-11-15 17:06:19'),(211,270,2,2,'2022-11-30',0,0,0,NULL,0,0,8.33,9.45,3.41,0.25,425.00,607.00,30.00,607.00,NULL,NULL,NULL,NULL,NULL,NULL,NULL,NULL,607.00,57.36,NULL,220.00,NULL,328.25,NULL,NULL,NULL,NULL,NULL,NULL,33.60,NULL,NULL,NULL,NULL,NULL,NULL,NULL,NULL,NULL,639.21,-32.21,'2022-11-15 14:57:13','2022-11-15 17:07:14'),(212,169,2,2,'2022-11-30',0,0,0,NULL,0,0,8.33,9.45,3.41,0.25,425.00,530.00,30.00,530.00,NULL,24.45,NULL,NULL,NULL,46.19,NULL,NULL,600.64,52.40,NULL,175.00,NULL,61.77,NULL,NULL,NULL,NULL,NULL,NULL,11.20,NULL,NULL,NULL,NULL,NULL,NULL,NULL,NULL,NULL,300.37,300.27,'2022-11-15 14:57:36','2022-11-18 22:14:15'),(213,376,2,12,'2022-11-30',0,0,0,NULL,0,0,8.33,9.45,3.41,0.25,425.00,439.00,30.00,439.00,NULL,NULL,NULL,NULL,NULL,NULL,36.58,35.42,511.00,41.49,14.97,150.00,NULL,98.29,NULL,49.82,NULL,NULL,NULL,55.90,22.40,NULL,NULL,NULL,NULL,NULL,NULL,NULL,NULL,NULL,432.87,78.13,'2022-11-15 14:57:59','2022-11-15 18:59:46'),(214,479,2,12,'2022-11-30',0,0,0,NULL,0,0,8.33,9.45,3.41,0.25,425.00,439.00,30.00,439.00,NULL,NULL,NULL,NULL,NULL,NULL,36.58,35.42,511.00,41.49,NULL,150.00,NULL,19.84,NULL,NULL,NULL,NULL,NULL,NULL,NULL,NULL,NULL,NULL,NULL,NULL,NULL,NULL,NULL,NULL,211.33,299.67,'2022-11-15 14:58:24','2022-11-15 14:58:24'),(215,329,2,2,'2022-11-30',0,0,0,NULL,0,0,8.33,9.45,3.41,0.25,425.00,602.00,30.00,602.00,NULL,24.45,NULL,NULL,NULL,NULL,NULL,NULL,626.45,59.20,NULL,190.00,NULL,117.79,NULL,46.30,NULL,NULL,NULL,25.94,22.40,50.00,NULL,NULL,NULL,NULL,NULL,NULL,NULL,NULL,511.63,114.82,'2022-11-15 14:58:51','2022-11-21 16:10:51'),(216,404,2,12,'2022-11-30',0,0,0,NULL,0,0,8.33,9.45,3.41,0.25,425.00,439.00,30.00,439.00,NULL,NULL,NULL,NULL,NULL,36.57,NULL,NULL,475.57,41.49,NULL,150.00,NULL,29.83,NULL,NULL,NULL,NULL,NULL,NULL,16.80,50.00,NULL,NULL,NULL,NULL,NULL,NULL,NULL,NULL,288.12,187.45,'2022-11-15 14:59:15','2022-11-21 16:11:01'),(217,269,2,2,'2022-11-30',0,0,0,NULL,0,0,8.33,9.45,3.41,0.25,425.00,607.00,30.00,607.00,NULL,NULL,NULL,NULL,NULL,NULL,NULL,NULL,607.00,57.36,20.70,230.00,NULL,32.26,NULL,NULL,NULL,NULL,NULL,NULL,16.80,NULL,NULL,NULL,NULL,NULL,NULL,NULL,NULL,NULL,357.12,249.88,'2022-11-15 14:59:37','2022-11-15 17:06:36'),(218,346,2,12,'2022-11-30',0,0,0,NULL,0,0,8.33,9.45,3.41,0.25,425.00,439.00,30.00,439.00,NULL,NULL,NULL,NULL,NULL,36.57,NULL,NULL,475.57,41.49,NULL,150.00,NULL,40.57,NULL,NULL,NULL,NULL,NULL,NULL,28.00,NULL,NULL,NULL,NULL,NULL,NULL,NULL,NULL,NULL,260.06,215.51,'2022-11-15 15:00:11','2022-11-15 17:08:25'),(219,478,1,9,'2022-11-30',0,0,0,NULL,0,0,8.33,9.45,3.41,0.25,425.00,430.00,30.00,430.00,NULL,NULL,NULL,NULL,NULL,NULL,NULL,NULL,430.00,40.64,NULL,150.00,NULL,NULL,NULL,47.98,NULL,NULL,NULL,NULL,NULL,50.00,NULL,NULL,NULL,NULL,NULL,NULL,NULL,NULL,288.62,141.38,'2022-11-15 15:34:03','2022-11-21 16:12:31'),(220,328,1,5,'2022-11-30',0,0,0,NULL,0,0,8.33,9.45,3.41,0.25,425.00,607.00,30.00,607.00,NULL,NULL,NULL,NULL,NULL,50.56,NULL,NULL,657.56,57.36,NULL,200.00,NULL,NULL,NULL,50.00,NULL,NULL,NULL,NULL,28.00,100.00,NULL,NULL,NULL,NULL,NULL,NULL,NULL,NULL,435.36,222.20,'2022-11-15 15:36:11','2022-11-21 16:16:00'),(221,419,1,7,'2022-11-30',0,0,0,NULL,0,0,8.33,9.45,3.41,0.25,425.00,430.00,30.00,430.00,NULL,NULL,NULL,NULL,NULL,35.82,NULL,NULL,465.82,40.64,NULL,160.00,NULL,NULL,NULL,50.00,NULL,NULL,NULL,33.50,16.80,NULL,NULL,NULL,NULL,NULL,NULL,NULL,NULL,NULL,300.94,164.88,'2022-11-15 15:39:41','2022-11-18 22:40:27'),(222,455,1,8,'2022-11-30',0,0,0,NULL,0,0,8.33,9.45,3.41,0.25,425.00,525.00,30.00,525.00,NULL,NULL,NULL,NULL,NULL,43.73,NULL,NULL,568.73,49.61,NULL,150.00,NULL,NULL,NULL,8.89,NULL,NULL,NULL,NULL,NULL,75.00,NULL,NULL,NULL,NULL,NULL,NULL,NULL,NULL,283.50,285.23,'2022-11-15 15:40:01','2022-11-21 16:17:33'),(223,32,2,2,'2022-11-30',0,0,0,NULL,0,0,8.33,9.45,3.41,0.25,425.00,874.00,30.00,874.00,NULL,24.45,NULL,NULL,NULL,74.84,NULL,NULL,973.29,84.90,30.64,310.00,NULL,NULL,NULL,100.00,NULL,NULL,NULL,NULL,11.20,NULL,NULL,NULL,NULL,NULL,NULL,NULL,NULL,NULL,536.74,436.55,'2022-11-15 15:44:41','2022-11-18 22:13:42'),(224,435,4,2,'2022-11-30',0,0,0,NULL,0,0,8.33,9.45,3.41,0.25,425.00,524.00,30.00,524.00,NULL,NULL,NULL,NULL,NULL,43.65,NULL,NULL,567.65,49.52,NULL,150.00,NULL,NULL,NULL,49.05,NULL,NULL,NULL,NULL,NULL,37.50,NULL,NULL,NULL,34.93,NULL,NULL,NULL,NULL,321.00,246.65,'2022-11-15 15:51:10','2022-11-21 17:04:33'),(225,206,4,5,'2022-11-30',0,0,0,NULL,0,0,8.33,9.45,3.41,0.25,425.00,2451.00,30.00,2451.00,NULL,NULL,NULL,NULL,NULL,204.17,NULL,NULL,2655.17,231.62,NULL,1200.00,2310.00,NULL,NULL,NULL,60.00,NULL,NULL,NULL,16.80,NULL,NULL,NULL,NULL,NULL,NULL,NULL,NULL,NULL,3818.42,-1163.25,'2022-11-15 16:11:57','2022-11-18 22:32:28'),(226,46,3,6,'2022-11-30',0,0,0,NULL,0,0,8.33,9.45,3.41,0.25,425.00,607.00,30.00,607.00,NULL,NULL,NULL,NULL,NULL,NULL,NULL,NULL,607.00,57.36,NULL,0.00,NULL,NULL,NULL,30.00,30.00,NULL,NULL,NULL,33.60,NULL,NULL,NULL,NULL,NULL,NULL,NULL,NULL,NULL,150.96,456.04,'2022-11-15 16:12:11','2022-11-15 20:14:58'),(227,130,1,10,'2022-11-30',0,0,0,NULL,0,0,8.33,9.45,3.41,0.25,425.00,1016.00,30.00,1016.00,NULL,NULL,NULL,NULL,NULL,84.63,NULL,NULL,1100.63,96.01,NULL,250.00,NULL,NULL,NULL,NULL,NULL,NULL,NULL,NULL,11.20,NULL,NULL,NULL,NULL,NULL,NULL,NULL,NULL,NULL,357.21,743.42,'2022-11-15 16:41:36','2022-11-15 16:41:36'),(228,18,1,10,'2022-11-30',0,0,0,NULL,0,0,8.33,9.45,3.41,0.25,425.00,911.00,30.00,911.00,NULL,NULL,NULL,NULL,NULL,NULL,NULL,NULL,911.00,86.09,NULL,300.00,NULL,NULL,NULL,NULL,NULL,NULL,NULL,16.52,44.80,NULL,NULL,NULL,NULL,NULL,NULL,NULL,NULL,NULL,447.41,463.59,'2022-11-15 16:44:37','2022-11-15 18:49:59'),(229,246,1,7,'2022-11-30',0,0,0,NULL,0,0,8.33,9.45,3.41,0.25,425.00,681.00,30.00,681.00,NULL,NULL,NULL,NULL,NULL,56.73,NULL,NULL,737.73,64.35,23.22,200.00,NULL,NULL,NULL,NULL,NULL,NULL,NULL,NULL,28.00,NULL,NULL,NULL,NULL,NULL,NULL,NULL,NULL,NULL,315.57,422.16,'2022-11-15 16:49:18','2022-11-15 16:49:18'),(230,385,1,10,'2022-11-30',0,0,0,NULL,0,0,8.33,9.45,3.41,0.25,425.00,772.00,30.00,772.00,NULL,NULL,NULL,NULL,NULL,NULL,NULL,NULL,772.00,72.95,NULL,200.00,NULL,NULL,NULL,NULL,NULL,NULL,NULL,16.52,11.20,50.00,NULL,NULL,NULL,NULL,NULL,NULL,NULL,NULL,350.67,421.33,'2022-11-15 16:52:39','2022-11-21 16:18:00'),(231,354,4,2,'2022-11-30',0,0,0,NULL,0,0,8.33,9.45,3.41,0.25,425.00,700.00,30.00,700.00,NULL,420.00,NULL,NULL,NULL,93.30,NULL,NULL,1213.30,105.84,NULL,200.00,420.00,NULL,NULL,NULL,NULL,NULL,NULL,NULL,11.20,NULL,NULL,NULL,NULL,23.33,NULL,NULL,NULL,NULL,760.37,452.93,'2022-11-15 17:03:26','2022-11-21 17:17:11'),(232,272,2,2,'2022-11-30',0,0,0,NULL,0,0,8.33,9.45,3.41,0.25,425.00,607.00,30.00,607.00,NULL,NULL,NULL,NULL,NULL,NULL,NULL,NULL,607.00,57.36,NULL,220.00,NULL,NULL,NULL,NULL,NULL,NULL,NULL,NULL,16.80,NULL,NULL,NULL,NULL,NULL,NULL,NULL,NULL,NULL,294.16,312.84,'2022-11-15 17:08:49','2022-11-15 17:08:49'),(233,179,1,5,'2022-11-30',0,0,0,NULL,0,0,8.33,9.45,3.41,0.25,425.00,828.00,30.00,828.00,NULL,NULL,NULL,NULL,NULL,68.97,NULL,NULL,896.97,78.25,NULL,0.00,400.00,NULL,NULL,NULL,NULL,NULL,NULL,65.98,NULL,NULL,22.40,NULL,NULL,NULL,NULL,NULL,NULL,NULL,566.63,330.34,'2022-11-15 18:51:06','2022-11-18 22:17:57'),(234,362,1,5,'2022-11-30',0,0,0,NULL,0,0,8.33,9.45,3.41,0.25,425.00,552.00,30.00,552.00,NULL,3048.51,NULL,NULL,NULL,299.92,NULL,NULL,3900.43,340.25,NULL,200.00,2700.00,NULL,NULL,NULL,NULL,NULL,NULL,NULL,NULL,NULL,NULL,NULL,NULL,NULL,NULL,NULL,NULL,NULL,3240.25,660.18,'2022-11-18 22:07:47','2022-11-18 22:20:07'),(235,458,4,2,'2022-11-30',0,0,0,NULL,0,0,8.33,9.45,3.41,0.25,425.00,540.00,30.00,540.00,NULL,420.00,NULL,NULL,NULL,79.97,NULL,NULL,1039.97,90.72,NULL,150.00,420.00,NULL,NULL,NULL,NULL,NULL,NULL,NULL,NULL,50.00,NULL,NULL,NULL,6.75,NULL,NULL,NULL,NULL,717.47,322.50,'2022-11-18 22:35:00','2022-11-21 17:17:57'),(236,466,4,2,'2022-11-30',0,0,0,NULL,0,0,8.33,9.45,3.41,0.25,425.00,524.00,30.00,524.00,NULL,420.00,NULL,NULL,NULL,NULL,NULL,NULL,944.00,89.21,NULL,150.00,420.00,NULL,NULL,NULL,NULL,NULL,NULL,NULL,NULL,NULL,NULL,NULL,NULL,34.93,NULL,NULL,NULL,NULL,694.14,249.86,'2022-11-18 22:36:14','2022-11-21 17:04:52'),(237,491,6,2,'2022-11-30',0,0,0,NULL,0,0,8.33,9.45,3.41,0.25,425.00,454.00,30.00,454.00,NULL,100.00,NULL,NULL,NULL,NULL,NULL,NULL,554.00,52.35,18.89,150.00,100.00,NULL,NULL,NULL,NULL,NULL,NULL,NULL,NULL,NULL,NULL,NULL,NULL,NULL,NULL,NULL,NULL,NULL,321.24,232.76,'2022-11-18 22:36:40','2022-11-18 22:41:04'),(238,441,4,5,'2022-11-30',0,0,0,NULL,0,0,8.33,9.45,3.41,0.25,425.00,630.00,30.00,630.00,NULL,NULL,NULL,NULL,NULL,52.48,NULL,NULL,682.48,59.54,NULL,240.00,NULL,NULL,NULL,NULL,NULL,NULL,NULL,NULL,NULL,NULL,NULL,NULL,NULL,NULL,NULL,NULL,NULL,NULL,299.54,382.94,'2022-11-18 22:39:10','2022-11-18 22:39:10'),(239,233,4,12,'2022-11-30',0,0,0,NULL,0,0,8.33,9.45,3.41,0.25,425.00,464.00,30.00,464.00,NULL,NULL,NULL,NULL,NULL,38.65,38.67,35.42,576.74,43.85,NULL,170.00,NULL,NULL,NULL,NULL,NULL,NULL,NULL,NULL,NULL,NULL,NULL,NULL,NULL,NULL,NULL,NULL,NULL,NULL,213.85,362.89,'2022-11-18 22:39:21','2022-11-18 22:39:21'),(240,400,1,5,'2022-11-30',0,0,0,NULL,0,0,8.33,9.45,3.41,0.25,425.00,552.00,30.00,552.00,NULL,NULL,NULL,NULL,NULL,45.98,NULL,NULL,597.98,52.16,NULL,200.00,NULL,NULL,NULL,NULL,NULL,NULL,NULL,NULL,NULL,50.00,NULL,NULL,NULL,NULL,NULL,NULL,NULL,NULL,302.16,295.82,'2022-11-18 22:39:27','2022-11-21 16:15:01'),(241,373,1,5,'2022-11-30',0,0,0,NULL,0,0,8.33,9.45,3.41,0.25,425.00,552.00,30.00,552.00,NULL,NULL,NULL,NULL,NULL,45.98,NULL,NULL,597.98,52.16,NULL,160.00,NULL,NULL,NULL,NULL,NULL,NULL,NULL,NULL,NULL,NULL,NULL,NULL,NULL,NULL,NULL,NULL,NULL,NULL,212.16,385.82,'2022-11-18 22:39:33','2022-11-18 22:39:46'),(242,465,1,17,'2022-11-30',0,0,0,NULL,0,0,8.33,9.45,3.41,0.25,425.00,435.00,30.00,435.00,NULL,NULL,NULL,NULL,NULL,NULL,NULL,NULL,435.00,41.11,NULL,150.00,NULL,NULL,NULL,NULL,NULL,NULL,NULL,NULL,NULL,NULL,NULL,NULL,NULL,NULL,NULL,NULL,NULL,NULL,191.11,243.89,'2022-11-18 22:39:53','2022-11-18 22:39:53'),(243,500,1,8,'2022-11-30',0,0,0,NULL,0,0,8.33,9.45,3.41,0.25,425.00,550.00,30.00,550.00,NULL,NULL,NULL,NULL,NULL,NULL,NULL,NULL,550.00,51.98,NULL,200.00,NULL,NULL,NULL,NULL,NULL,NULL,NULL,NULL,NULL,NULL,NULL,NULL,NULL,NULL,NULL,NULL,NULL,NULL,251.98,298.02,'2022-11-18 22:39:59','2022-11-18 22:40:11'),(244,494,1,17,'2022-11-30',0,0,0,NULL,0,0,8.33,9.45,3.41,0.25,425.00,500.00,30.00,500.00,NULL,NULL,NULL,NULL,NULL,NULL,NULL,NULL,500.00,47.25,NULL,200.00,NULL,NULL,NULL,NULL,NULL,NULL,NULL,NULL,NULL,NULL,NULL,NULL,NULL,NULL,NULL,NULL,NULL,NULL,247.25,252.75,'2022-11-18 22:40:19','2022-11-18 22:40:19'),(245,489,6,6,'2022-11-30',0,0,0,NULL,0,0,8.33,9.45,3.41,0.25,425.00,450.00,30.00,450.00,NULL,NULL,NULL,NULL,NULL,NULL,NULL,NULL,450.00,42.53,NULL,150.00,NULL,NULL,NULL,NULL,NULL,NULL,NULL,NULL,NULL,NULL,NULL,NULL,NULL,NULL,NULL,NULL,NULL,NULL,192.53,257.47,'2022-11-18 22:41:02','2022-11-18 22:41:02'),(246,492,6,2,'2022-11-30',0,0,0,NULL,0,0,8.33,9.45,3.41,0.25,425.00,454.00,30.00,454.00,NULL,NULL,NULL,NULL,NULL,NULL,NULL,NULL,454.00,42.90,NULL,150.00,NULL,NULL,NULL,NULL,NULL,NULL,NULL,NULL,NULL,NULL,NULL,NULL,NULL,NULL,NULL,NULL,NULL,NULL,192.90,261.10,'2022-11-18 22:41:05','2022-11-18 22:41:05'),(247,490,6,2,'2022-11-30',0,0,0,NULL,0,0,8.33,9.45,3.41,0.25,425.00,454.00,30.00,454.00,NULL,NULL,NULL,NULL,NULL,NULL,NULL,NULL,454.00,42.90,NULL,150.00,NULL,NULL,NULL,NULL,NULL,NULL,NULL,NULL,NULL,NULL,NULL,NULL,NULL,NULL,NULL,NULL,NULL,NULL,192.90,261.10,'2022-11-18 22:41:07','2022-11-18 22:41:07'),(248,65,4,12,'2022-11-30',0,0,0,NULL,0,0,8.33,9.45,3.41,0.25,425.00,602.00,30.00,602.00,NULL,NULL,NULL,NULL,NULL,NULL,NULL,NULL,602.00,56.89,NULL,130.00,NULL,NULL,NULL,NULL,NULL,NULL,NULL,NULL,NULL,NULL,NULL,NULL,NULL,NULL,NULL,NULL,NULL,NULL,186.89,415.11,'2022-11-18 22:41:18','2022-11-18 22:41:18'),(249,446,4,2,'2022-11-30',0,0,0,NULL,0,0,8.33,9.45,3.41,0.25,425.00,524.00,30.00,524.00,NULL,NULL,NULL,NULL,NULL,43.65,NULL,NULL,567.65,49.52,NULL,180.00,NULL,NULL,NULL,NULL,NULL,NULL,NULL,NULL,NULL,50.00,NULL,NULL,NULL,NULL,NULL,NULL,NULL,NULL,279.52,288.13,'2022-11-21 15:38:39','2022-11-21 15:38:39'),(250,467,4,2,'2022-11-30',0,0,0,NULL,0,0,8.33,9.45,3.41,0.25,425.00,524.00,30.00,524.00,NULL,NULL,NULL,NULL,NULL,NULL,NULL,NULL,524.00,49.52,NULL,150.00,NULL,NULL,NULL,NULL,NULL,NULL,NULL,NULL,NULL,50.00,NULL,NULL,NULL,34.93,NULL,NULL,NULL,NULL,284.45,239.55,'2022-11-21 15:40:35','2022-11-21 17:05:14'),(251,505,6,2,'2022-11-30',0,0,0,NULL,0,0,8.33,9.45,3.41,0.25,425.00,454.00,30.00,454.00,NULL,NULL,NULL,NULL,NULL,NULL,NULL,NULL,454.00,42.90,NULL,0.00,NULL,NULL,NULL,NULL,NULL,NULL,NULL,NULL,NULL,NULL,NULL,NULL,NULL,NULL,NULL,NULL,NULL,NULL,42.90,411.10,'2022-11-21 15:58:00','2022-11-21 15:58:00'),(252,4,1,5,'2022-11-30',0,0,0,NULL,0,0,8.33,9.45,3.41,0.25,425.00,511.00,30.00,511.00,NULL,NULL,NULL,NULL,NULL,NULL,NULL,NULL,511.00,48.29,17.43,180.00,NULL,NULL,NULL,NULL,NULL,NULL,NULL,NULL,NULL,25.43,NULL,NULL,NULL,NULL,NULL,NULL,NULL,NULL,271.15,239.85,'2022-11-21 16:12:06','2022-11-21 16:12:06'),(253,294,1,18,'2022-11-30',0,0,0,NULL,0,0,8.33,9.45,3.41,0.25,425.00,486.00,30.00,486.00,NULL,NULL,NULL,NULL,NULL,40.48,40.50,35.42,602.40,45.93,NULL,0.00,NULL,NULL,NULL,NULL,NULL,NULL,NULL,NULL,NULL,33.22,NULL,NULL,NULL,NULL,NULL,NULL,NULL,NULL,79.15,523.25,'2022-11-21 16:14:03','2022-11-21 16:14:03'),(254,464,1,18,'2022-11-30',0,0,0,NULL,0,0,8.33,9.45,3.41,0.25,425.00,535.00,30.00,535.00,NULL,NULL,NULL,NULL,NULL,NULL,NULL,NULL,535.00,50.56,NULL,150.00,NULL,NULL,NULL,NULL,NULL,NULL,NULL,NULL,NULL,50.00,NULL,NULL,NULL,NULL,NULL,NULL,NULL,NULL,250.56,284.44,'2022-11-21 16:14:17','2022-11-21 16:14:17'),(255,326,1,14,'2022-11-30',0,0,0,NULL,0,0,8.33,9.45,3.41,0.25,425.00,998.00,30.00,998.00,NULL,NULL,NULL,NULL,NULL,83.13,NULL,NULL,1081.13,94.31,NULL,200.00,NULL,NULL,NULL,NULL,NULL,NULL,NULL,NULL,NULL,100.00,NULL,NULL,NULL,NULL,NULL,NULL,NULL,NULL,394.31,686.82,'2022-11-21 16:14:41','2022-11-21 16:14:41'),(256,476,1,12,'2022-11-30',0,0,0,NULL,0,0,8.33,9.45,3.41,0.25,425.00,600.00,30.00,600.00,NULL,NULL,NULL,NULL,NULL,NULL,50.00,35.42,685.42,56.70,NULL,100.00,NULL,NULL,NULL,NULL,NULL,NULL,NULL,NULL,NULL,50.00,NULL,NULL,NULL,NULL,NULL,NULL,NULL,NULL,206.70,478.72,'2022-11-21 16:16:31','2022-11-21 16:16:31'),(257,472,4,2,'2022-11-30',0,0,0,NULL,0,0,8.33,9.45,3.41,0.25,425.00,524.00,30.00,524.00,NULL,NULL,NULL,NULL,NULL,NULL,NULL,NULL,524.00,49.52,NULL,150.00,NULL,NULL,NULL,NULL,NULL,NULL,NULL,NULL,NULL,NULL,NULL,NULL,NULL,104.80,NULL,NULL,NULL,NULL,304.32,219.68,'2022-11-21 17:04:16','2022-11-21 17:04:16'),(258,477,4,2,'2022-11-30',0,0,0,NULL,0,0,8.33,9.45,3.41,0.25,425.00,524.00,30.00,524.00,NULL,NULL,NULL,NULL,NULL,NULL,NULL,NULL,524.00,49.52,NULL,150.00,NULL,NULL,NULL,NULL,NULL,NULL,NULL,NULL,NULL,NULL,NULL,NULL,NULL,34.93,NULL,NULL,NULL,NULL,234.45,289.55,'2022-11-21 17:05:31','2022-11-21 17:05:31');
/*!40000 ALTER TABLE `rol_pago` ENABLE KEYS */;
UNLOCK TABLES;

--
-- Table structure for table `tipo_pago`
--

DROP TABLE IF EXISTS `tipo_pago`;
/*!40101 SET @saved_cs_client     = @@character_set_client */;
/*!50503 SET character_set_client = utf8mb4 */;
CREATE TABLE `tipo_pago` (
  `id` int NOT NULL AUTO_INCREMENT,
  `nombre` varchar(45) DEFAULT NULL,
  PRIMARY KEY (`id`)
) ENGINE=InnoDB AUTO_INCREMENT=4 DEFAULT CHARSET=utf8mb4 COLLATE=utf8mb4_0900_ai_ci;
/*!40101 SET character_set_client = @saved_cs_client */;

--
-- Dumping data for table `tipo_pago`
--

LOCK TABLES `tipo_pago` WRITE;
/*!40000 ALTER TABLE `tipo_pago` DISABLE KEYS */;
INSERT INTO `tipo_pago` VALUES (1,'Banco'),(2,'Cheque'),(3,'Tarjeta BC.');
/*!40000 ALTER TABLE `tipo_pago` ENABLE KEYS */;
UNLOCK TABLES;

--
-- Table structure for table `tipo_usuario`
--

DROP TABLE IF EXISTS `tipo_usuario`;
/*!40101 SET @saved_cs_client     = @@character_set_client */;
/*!50503 SET character_set_client = utf8mb4 */;
CREATE TABLE `tipo_usuario` (
  `id` int NOT NULL AUTO_INCREMENT,
  `nombre` varchar(50) DEFAULT NULL,
  `createdAt` datetime DEFAULT NULL,
  `updatedAt` datetime DEFAULT NULL,
  PRIMARY KEY (`id`)
) ENGINE=InnoDB AUTO_INCREMENT=3 DEFAULT CHARSET=utf8mb4 COLLATE=utf8mb4_0900_ai_ci;
/*!40101 SET character_set_client = @saved_cs_client */;

--
-- Dumping data for table `tipo_usuario`
--

LOCK TABLES `tipo_usuario` WRITE;
/*!40000 ALTER TABLE `tipo_usuario` DISABLE KEYS */;
INSERT INTO `tipo_usuario` VALUES (1,'Administrador',NULL,NULL),(2,'Usuario',NULL,NULL);
/*!40000 ALTER TABLE `tipo_usuario` ENABLE KEYS */;
UNLOCK TABLES;

--
-- Table structure for table `usuario`
--

DROP TABLE IF EXISTS `usuario`;
/*!40101 SET @saved_cs_client     = @@character_set_client */;
/*!50503 SET character_set_client = utf8mb4 */;
CREATE TABLE `usuario` (
  `id` int NOT NULL AUTO_INCREMENT,
  `nombre_usuario` varchar(45) DEFAULT NULL,
  `nombre` varchar(100) DEFAULT NULL,
  `password` varchar(100) DEFAULT NULL,
  `tipo_usuarioId` int DEFAULT NULL,
  `createdAt` datetime DEFAULT NULL,
  `updatedAt` datetime DEFAULT NULL,
  PRIMARY KEY (`id`)
) ENGINE=InnoDB AUTO_INCREMENT=4 DEFAULT CHARSET=utf8mb4 COLLATE=utf8mb4_0900_ai_ci;
/*!40101 SET character_set_client = @saved_cs_client */;

--
-- Dumping data for table `usuario`
--

LOCK TABLES `usuario` WRITE;
/*!40000 ALTER TABLE `usuario` DISABLE KEYS */;
INSERT INTO `usuario` VALUES (1,'jonathan','Jonathan Mero','$2b$10$hzv9dRqmsbnfqQaP8B1p3uNxgymWjsvuiXfG1NCSUPvsR/8seaUjm',1,NULL,NULL),(2,'cristina','Cristina Diaz','$2b$10$hzv9dRqmsbnfqQaP8B1p3uNxgymWjsvuiXfG1NCSUPvsR/8seaUjm',2,NULL,NULL),(3,'gabriela','Gabriela Galarza','$2b$10$hzv9dRqmsbnfqQaP8B1p3uNxgymWjsvuiXfG1NCSUPvsR/8seaUjm',2,NULL,NULL);
/*!40000 ALTER TABLE `usuario` ENABLE KEYS */;
UNLOCK TABLES;
/*!40103 SET TIME_ZONE=@OLD_TIME_ZONE */;

/*!40101 SET SQL_MODE=@OLD_SQL_MODE */;
/*!40014 SET FOREIGN_KEY_CHECKS=@OLD_FOREIGN_KEY_CHECKS */;
/*!40014 SET UNIQUE_CHECKS=@OLD_UNIQUE_CHECKS */;
/*!40101 SET CHARACTER_SET_CLIENT=@OLD_CHARACTER_SET_CLIENT */;
/*!40101 SET CHARACTER_SET_RESULTS=@OLD_CHARACTER_SET_RESULTS */;
/*!40101 SET COLLATION_CONNECTION=@OLD_COLLATION_CONNECTION */;
/*!40111 SET SQL_NOTES=@OLD_SQL_NOTES */;

-- Dump completed on 2022-11-22 10:39:23
